x,y,z
-48.05336169201061,-13.689391977363824,8.0
-46.91737622481702,-12.035189502748773,8.125
-46.4357664338454,-11.423148567374907,8.166666666666668
-46.354416887353345,-12.121104720021421,8.1
-45.44087530852267,-12.606519424471166,8.0
-44.44555399612683,-11.755046647501338,8.1
-43.97147414901235,-12.665817018660126,8.0
-43.700089127460686,-4.234228486465421,9.0
-43.0835700524171,-12.964343406322975,7.928571428571429
-43.30462875054818,-17.301391732252068,7.0
-42.831730241860846,-6.014341806230661,8.875
-42.06287113018564,-12.340020451220944,8.1
-42.42542854139528,-16.452183417964537,7.1
-41.984327237623106,-2.2994016224570424,9.928571428571429
-42.235778768706254,-15.662418560411263,7.285714285714286
-41.75868760808476,-13.215421783345924,8.0
-42.0416240622194,-4.024690107256043,9.2
-41.676435240079556,-3.2459057171307437,9.75
-41.40092047530962,-15.721884160842968,7.3
-40.58884692862806,-12.540944079413483,8.125
-41.43873941775479,-4.002932475895781,9.25
-40.48975076936068,-13.792739368542097,8.0
-41.0524230303038,-16.2263770686437,7.166666666666666
-40.97942545601559,-4.476479010567429,9.142857142857142
-40.739508322744385,-2.5421391710114323,10.0
-40.41655970685326,2.4123102608722657,11.0
-39.47826865438333,-13.76829979217024,8.0625
-40.61559576684378,-16.543779834544125,7.166666666666666
-40.082969192462194,-4.613282204751835,9.25
-39.77389086975116,-2.7688219674408456,10.0
-39.96930954371834,-15.515712595485507,7.75
-40.14966769208071,-6.103758491542768,9.0
-39.84918287397081,-16.73081563654599,7.2
-39.36792751319676,2.1075601034504734,11.0
-38.9612057570212,-3.0872603859925043,10.0
-39.0018038651018,-15.080490686287956,7.916666666666666
-39.020437543573564,-17.43449158485707,7.083333333333334
-38.75163575749737,-5.3332714712638865,9.25
-38.70836737782281,1.2157030944877665,10.9
-38.28672188018538,-15.345672989454464,7.9
-39.25843596195257,-7.614967410994431,8.857142857142858
-38.02849564869409,-17.748075418759747,7.1
-38.159155385265805,-3.43072953954566,10.0
-37.38865578118692,-15.164855636401441,8.0
-38.0109513899892,-6.857475402351581,9.1
-37.45684750351958,-18.013595085875785,7.1
-37.63444601392533,1.456880252444745,11.0
-37.60217808665759,-4.355682332369952,9.833333333333332
-36.72198387117123,-15.542548150636936,8.0
-37.403293429425844,-7.207934560738762,9.1
-36.893608198872684,-18.296437909176053,7.1
-36.96566550407293,7.595066421205185,12.0
-36.59228996161819,-4.115502643732289,10.0
-36.94325895615393,0.6739676142366091,10.9
-36.432918188647,-16.362693449766468,7.9
-37.14873729191883,-8.46876725758637,8.9375
-36.35001340205314,-18.615032612504955,7.1
-33.40633648865275,-23.4390477853214,6.052631578947368
-36.55978296689874,6.22931846813275,11.833333333333332
-35.886172691616025,-16.680894543303804,7.9
-35.811648402792244,-19.14337258385195,7.0
-35.7723685039672,-4.415642722271643,10.0
-35.57925203993918,-7.176114575618795,9.25
-35.60720312574053,-21.189473372643345,6.2
-36.12767633079552,0.026089447432065205,10.833333333333332
-34.83996037255396,-16.094029546398694,8.071428571428571
-35.57771931495007,-8.290068073011412,9.083333333333332
-35.18452880750455,-19.36293839440419,7.0
-35.380327137179975,5.564908115772513,11.785714285714285
-34.95722426208967,-21.063476016526884,6.25
-34.957545144793045,-4.734646959556237,10.0
-34.62795495824406,-17.331419718806515,7.9
-35.628689754580044,-10.289293440629717,8.8125
-34.84612590878851,1.176803618399087,11.071428571428571
-34.56094997614234,-19.460877335061582,7.1
-34.61324169403815,13.546967627303747,13.0
-34.34667313632865,-21.22504894104992,6.25
-34.14491360648813,-5.036722233540122,10.0
-34.075344049847395,7.33259097374276,12.1
-33.82722665059292,-17.736035299376205,7.916666666666666
-34.07704930061149,-19.954518595018932,7.0
-33.655864788869735,-8.198212847654577,9.3
-34.21895871266344,-21.650073163072506,6.142857142857142
-33.68714746017294,0.921993451843105,11.071428571428571
-33.87329147245221,12.206065698524787,12.875
-33.341869827359744,-18.72605794878509,7.833333333333334
-34.14328190980021,-10.28536311687703,8.916666666666668
-33.46215910007752,-20.27281596703738,7.0
-33.41786244881976,-5.714843922867308,9.928571428571429
-33.493633827515666,-21.953887132661812,6.2
-33.23986330529174,6.618418629835979,12.0
-32.98690292591138,-19.071917988693617,7.8
-32.97948741614027,-20.75527181587419,6.9
-33.53306498154106,-11.279830459780541,8.875
-32.780116199789376,0.21803936233988483,11.0
-32.74381114927657,12.032582540139773,12.9
-32.98117032133257,-22.314098309499933,6.2
-32.34965592150813,-5.444167026733781,10.1
-32.40469386079397,-19.46805024364747,7.75
-32.38007066254458,-20.946118308393153,7.0
-32.007325209815534,7.390690933505248,12.166666666666668
-32.4595561289414,-22.66297317977361,6.2
-32.024961630036714,-10.384909706299073,9.083333333333332
-32.10645537423297,-0.6612978731849731,10.9
-31.99491817324804,-6.950582517118047,9.857142857142858
-31.668325820024194,12.340213440665408,13.0
-31.87995583525121,-21.48177512017221,6.9
-32.00556140071765,-18.791764056075365,8.0
-31.524726559808737,-19.68616665370327,7.75
-31.938072068217224,-23.01388759587825,6.2
-31.421029805570534,18.37107161206852,14.0
-31.559401450883396,-13.385512478281179,8.6
-31.283917926591585,6.121228337661918,12.0
-31.35046774010246,-21.822011186424703,6.9
-31.62039298593431,-17.824751469557448,8.083333333333332
-30.12280855620729,-6.304655181492274,10.1875
-31.405244387795346,-23.347851147514035,6.2
-31.08179984271016,-0.33995185467406525,11.0
-30.82739937149779,12.164734185618252,13.0
-31.200178811195897,-8.1031967161828,9.8
-30.323008415206964,-11.173737215141898,8.916666666666668
-30.936567129112202,17.12400762485175,13.833333333333332
-30.75394066147375,-21.81661738216912,7.0
-30.313011525836753,-24.265918716865464,6.083333333333334
-30.573119610833817,-18.334176046539188,7.916666666666666
-30.363759232976378,5.36494585665268,11.928571428571429
-30.406094676103567,-8.675831689106872,9.75
-29.679325824098544,-10.338119430653993,9.1
-30.096459918359955,-22.002242468830143,7.0
-30.038818990623874,-1.0367835151761478,10.9375
-30.009585388666004,11.937262088199411,13.0
-29.135958676050592,-24.78651010770501,6.083333333333334
-29.918291919709482,-18.118139168123925,7.9
-29.603753734624455,17.216169928854736,13.928571428571429
-29.50018642571745,-22.25770770951729,7.0
-29.032941379838096,-10.47420804994147,9.0
-29.401204499060654,4.939109417022525,11.9
-29.326055959703442,23.363489125745932,15.0
-29.312928705158285,-8.776036293432746,9.785714285714285
-29.375574659268207,-17.949204804730886,7.9
-28.982289059989277,-24.437834180030126,6.25
-28.42173155797328,0.5707346174922088,11.25
-28.75545718713134,12.034578386353427,13.071428571428571
-28.81665241948173,-22.150539075064817,7.071428571428571
-28.18599846042774,-10.250861646462383,9.083333333333332
-28.86128000551782,-16.499558240903447,8.083333333333332
-28.1913795266695,-25.232061481515743,6.083333333333334
-28.41165201341127,17.365216430224343,14.0
-28.773399898384234,22.030433552682585,14.833333333333332
-28.404848701082454,-8.912943662886631,9.75
-28.18912580138,5.706498518674731,12.071428571428571
-28.18490466325197,-22.687029196121884,7.0
-28.376320567606246,-1.9635068119593624,10.9
-27.228938464132508,-9.61295753017039,9.125
-27.92835031893035,-18.186234299958464,7.8
-27.41961671053944,-25.563676913669774,6.1
-27.7805536966489,10.819885237057024,12.928571428571429
-27.888434204834603,-8.086724628116649,9.928571428571429
-27.432981159853817,22.4361955029787,15.0
-27.410506038420984,-22.908481502519535,7.0
-27.310702005384833,17.247501243002414,14.0
-27.330501663478035,-8.736425670975628,9.25
-27.384856208277164,5.065733198964172,12.0
-27.048176204613625,-17.62914016073614,7.857142857142858
-26.823020648129166,-25.86496825132803,6.083333333333334
-26.857627719015515,-0.2883496344902543,11.214285714285715
-26.62224796619318,-23.15586883697319,7.0
-27.52885566122334,-14.743555067246568,8.277777777777779
-26.78980642974664,10.977885085077808,13.0
-26.471872118293618,-7.395657473724449,10.071428571428571
-26.528500382586166,-8.819708352528227,9.166666666666668
-26.477783771627948,-25.654781449898426,6.25
-26.669228849660605,21.363709527773565,14.833333333333332
-25.592146166754556,29.62068559006314,16.3
-25.774798670968337,18.878157579506023,14.357142857142858
-26.497445329388746,4.866651858013565,12.0
-25.39086061280262,-22.937231112575418,7.125
-24.885356526477096,-0.4112832569666669,11.333333333333332
-25.816679873945546,-15.46864111004847,8.25
-25.830039808044198,-26.423681599794932,6.125
-26.737215693094072,-3.6604782618329788,10.785714285714285
-25.67139378413296,-7.836450278548924,10.0
-25.610690770293942,-8.770165504189292,9.166666666666668
-25.978425830384413,10.294662205799048,12.928571428571429
-25.86096192219672,27.3411950021913,15.928571428571429
-25.023829224292044,-24.056313597532483,7.0
-25.433548952315782,22.58760943350632,15.1
-25.61918688106483,16.586622874545778,14.0
-25.555781147477777,-16.051099303140234,8.125
-25.281115230682108,-26.59535846634152,6.25
-24.972141556838302,5.834363647678282,12.214285714285715
-25.11308086622922,-8.674317587271661,9.25
-24.04744399458259,-24.478187063136843,7.125
-24.889950521153125,-3.397032005145059,11.0
-25.105982261711805,-8.199010846526994,9.9
-24.922048692723408,-27.367883221940776,6.0
-24.992764424126,9.961740031935516,12.9
-24.925059892819952,-26.158263192053077,6.8
-25.372658044642627,-17.51843157371367,7.916666666666666
-25.054407171980834,26.44062967173779,15.833333333333332
-24.978661906286405,15.207777558073829,13.833333333333332
-24.54700624661395,22.500180135752053,15.1
-24.688650925012745,-9.207406813090703,9.1
-25.30627578108503,-12.518392650983767,8.928571428571429
-25.618290230043442,-28.643834079697722,5.269230769230769
-24.351968363869787,-8.53384179512442,9.928571428571429
-24.59135754429304,-26.660398813103306,6.7
-24.120202493968886,4.42727049189212,12.071428571428571
-24.673231394059858,-11.468822115321178,9.2
-24.25354720256709,-27.297010886631902,6.3
-23.333175551632905,-3.191191417364159,11.2
-24.214171672982342,-13.258854186921614,9.083333333333332
-24.717290526568902,-10.419266174080416,9.0625
-24.247700943623833,-17.47285275428598,8.0
-24.183310095798255,-9.719624302554612,9.2
-24.454549340979852,-5.256906663947536,10.833333333333332
-24.07948667008541,-28.20096981127685,5.916666666666666
-23.93642741189874,-11.185479381753822,9.75
-24.01578284061964,-12.023222437662463,9.7
-23.830964336088943,-29.539922347260312,5.3
-24.00340508331651,26.504856534410127,15.9
-24.16389969614564,-14.611635840070354,8.714285714285715
-23.945719372134207,-10.347082720944158,9.3
-23.642223064126746,11.187862166852817,13.166666666666668
-24.13814194745237,-26.65279653015057,6.9
-23.23381213709413,-8.876067329672534,10.071428571428571
-23.985129075832567,-6.285174889793421,10.75
-23.31460029073118,33.77021896104466,17.125
-23.82617215913792,14.857118676261974,13.833333333333332
-23.266157794909603,22.74751421807811,15.214285714285715
-23.54681062590094,3.6553200920834135,12.0
-23.164230766259088,-10.355203206906875,10.0
-23.448282834499743,-28.281255060820556,6.1
-23.1540419762609,-16.59337358801144,8.2
-23.275719027202417,-30.14719930738362,5.083333333333334
-22.918371150934316,-26.272939933696286,6.9375
-23.030275481426028,-13.81785049093781,9.1875
-23.32981422757279,-12.139190525969298,9.833333333333332
-22.987981995324624,26.869310615130814,16.0
-22.924518191870334,32.68831556539038,17.0
-22.669474577160006,10.403762858003331,13.1
-22.97533203014155,-28.758132734022865,6.0
-22.85768526298297,-6.307855738973848,10.833333333333332
-22.645086783216577,-16.78719838545313,8.25
-22.605480984427174,-30.341980787712806,5.1
-22.834255188483674,21.226090634552985,15.0
-22.515591641660457,3.787152044534717,12.1
-21.97103495960197,-26.46753749523981,7.0
-22.411798967790595,-4.411903948404099,11.125
-22.350944615197392,15.883293239035854,14.083333333333332
-22.877731757202298,-15.443679744630106,8.833333333333332
-22.303674614212973,-14.068544754403675,9.25
-22.083139867300186,-12.298253138910335,10.0
-22.368199472706088,-29.06566140744166,6.0
-22.690381893023943,-17.69425237965532,8.071428571428571
-22.226596508865597,-16.08055987390547,8.916666666666668
-21.98958025643422,-14.853964885605215,9.214285714285715
-22.962804680829088,30.52853151218568,16.666666666666664
-22.084479278728644,-30.56709991659414,5.1
-22.424378804148994,-31.521913816737516,4.357142857142858
-21.914686679403797,-5.485156165039285,11.0
-22.11944067875544,9.406616285802947,13.0
-21.797388333724342,27.463795133859882,16.166666666666664
-21.72397085620316,-27.311005146855372,6.9
-21.54440833602377,-4.704039040056225,11.125
-22.37846731841407,19.660941753541024,14.785714285714285
-22.10819441284574,-13.477058584204288,9.75
-21.61725288976168,-31.917749682093202,4.3
-21.882280685116573,2.7974157467081495,12.0
-22.261590068147683,-18.55859757779048,8.0
-21.733118835884,-16.619785682917055,8.9
-21.744393052741835,-29.33981026235574,6.0
-21.592365179885213,-30.919723766573078,5.0
-20.321646577843595,-33.22047661769341,4.5
-20.867486723924948,16.859560374927952,14.333333333333332
-20.57736910610224,-26.73471670309082,7.071428571428571
-21.185308575599016,32.20643829924909,17.0625
-21.713529161629925,37.219902911310975,17.857142857142858
-21.028798601075806,9.331110576350516,13.1
-21.949072661408874,-19.15127580314224,8.0
-21.22021283600492,-17.1516289656568,8.833333333333332
-20.79314919757186,27.01141904899253,16.166666666666664
-21.349663834066057,-13.846397615602417,9.833333333333332
-21.122259911613046,-31.123798839649417,5.0
-21.14983511262987,-29.672802263945705,6.0
-20.412939254977722,-4.587172340556872,11.25
-19.797164438495123,4.111606714989006,12.357142857142858
-21.03991057271319,19.86639980122431,14.9
-20.498185934029337,-27.970002301509336,6.9
-21.36921578317839,-19.547445111901773,8.0
-20.76856489004721,14.787836796493723,14.0
-20.57994384837445,37.638173076827286,18.0
-20.686116602433835,-31.33704761444612,5.0
-20.564292463114374,-30.12366639542421,5.928571428571429
-20.129631124280632,31.956415843333517,17.1
-21.04433619014513,7.573338922194958,12.833333333333332
-20.424836717275653,-17.281740539632736,9.0
-20.202138397733446,2.1337319979313407,12.083333333333332
-20.390696763036303,25.742741066352572,16.0
-19.248501949593614,-12.742344759874268,10.25
-19.384345640613965,-27.449075292500304,7.071428571428571
-20.59585025393438,-15.895453703103579,9.642857142857142
-20.013076270579887,-15.029069193715372,9.928571428571429
-20.414198868664467,-5.923107842203506,11.0
-20.27368023050154,-19.36986681156862,8.083333333333332
-20.35990950152243,0.5552626112331678,11.928571428571429
-19.91196468106962,-30.44473348076114,6.0
-19.948014777810595,20.65135326417304,15.1
-19.96204454689707,-31.49207835889237,5.083333333333334
-20.041254318115456,36.713123014223456,17.9
-19.75604403783312,14.131843479341146,14.0
-19.729348988852024,-17.57409323943977,9.0
-19.30603218653848,31.371673277611862,17.07142857142857
-18.958338399603,-28.213387348546327,7.0
-19.97968562800922,7.071643911975702,12.833333333333332
-19.90773280512787,24.258188250565016,15.785714285714285
-19.19993815539634,-0.027302509056362723,12.0
-19.365981825332884,-30.837600021787026,6.0
-19.262022621797566,-18.98253035379294,8.25
-19.334012059777308,-31.53358956855917,5.25
-19.572579775738554,-16.138976262879442,9.8
-20.31702745663663,-8.067172380318963,10.666666666666668
-19.19337056884237,-18.051340920644183,8.9
-18.179362445191998,-28.95293997107962,7.0
-18.602209983234342,37.50746277643855,18.166666666666664
-18.871574408423484,20.735459471315593,15.166666666666668
-18.826469386167812,-31.240483258702334,6.0
-19.17658794867505,-31.9555376549922,5.083333333333334
-18.76774970390604,-1.6393860881819662,11.857142857142858
-19.182197979425712,13.168611664067761,13.9
-19.60087481116934,-20.389434045784952,8.0
-18.590279309066872,42.765453517390924,19.125
-18.44423680754412,30.98517869360013,17.1
-18.470475493720784,24.89286060570616,16.0
-18.818985220437586,-16.560920586338135,9.75
-18.348985900454256,8.498850911925452,13.166666666666668
-18.537197431587792,-18.219346006891797,9.0
-18.65274882353799,-30.305820204124593,6.75
-18.422045431840484,-32.4577568254641,5.071428571428571
-18.9405039364741,-21.096077184919807,8.0
-18.24397257076103,-31.588594251612637,6.0
-18.06832115895747,-6.622551181866864,11.071428571428571
-17.669658791124682,-2.4951119262088275,11.928571428571429
-17.968805072077544,36.5129088167378,18.07142857142857
-18.060237512618812,42.16611276842886,19.07142857142857
-17.795403609626987,20.051417201336925,15.125
-18.321728857359645,29.735673833006487,16.9
-18.392821208900514,12.041866629542106,13.785714285714285
-17.61001662500498,-30.515542488303055,6.857142857142858
-17.77523354393,-32.5493816241428,5.25
-18.35829104797314,-3.6602451570130548,11.7
-17.654445812209097,-18.485496346810397,9.0625
-17.68166169023599,-31.953944044059156,6.0
-18.759825998671964,-22.213948060075303,7.833333333333334
-17.686893169381083,24.736932957700468,16.0
-17.49605014829599,-15.78027335309092,10.0
-17.496276666016822,7.838530953019308,13.1
-17.390534470693517,35.64187639586143,18.0
-17.40647525077997,-32.883122015363796,5.2
-17.810104989529165,40.771104974223995,18.833333333333336
-16.767708563299802,-6.2323537803092215,11.125
-17.42114929703837,29.321680957739837,16.92857142857143
-17.181636706769133,18.518968464955776,14.97375003496806
-17.196433254165555,-30.95636411039376,6.8
-17.258953985431887,46.352527218657485,20.0
-17.35212323464305,-19.4855964864122,8.7
-17.13768898562835,-32.355518955274206,6.0
-17.342315914042963,-21.065855140979707,8.166666666666668
-16.55061881159071,13.470196535851443,14.280833403269451
-17.234941016025726,-33.49748276529115,5.071428571428571
-17.128939997252317,-3.815485515114384,11.75
-16.123404787296632,-16.00829239342999,10.1
-16.446576976851645,35.51352287462919,18.1
-16.902057766541375,24.564142038944045,16.0
-16.702011916454374,-31.33209163715979,6.8
-16.688166703134108,7.453231840059635,13.1
-16.601220782546164,-32.77637857518907,6.0
-16.39183232952804,46.2538185591961,20.07142857142857
-16.285670909499522,41.76528906980033,19.166666666666664
-17.315181293439846,-22.57598707605412,7.928571428571429
-16.554492122113437,-18.940206457411314,9.083333333333332
-16.368294952100022,-34.14111131480421,5.125
-16.498041421340382,17.11412408162672,14.878437578678131
-16.569844995504663,28.52140230092212,16.833333333333336
-15.679957464509156,-6.075866409943224,11.142857142857142
-16.100303846445748,-31.667429924904315,6.833333333333334
-15.977160275918987,-17.05184892482177,9.9
-16.168979607713702,-33.37597721634209,5.833333333333334
-16.107235897705273,34.59386046441903,18.0
-16.013869847439977,-34.39406201265116,5.2
-15.85900819793357,12.189849710716146,14.114166736602783
-16.16454181258811,-3.6376436861585058,11.8
-16.147154976501874,-21.998029608911672,8.1
-15.653107936218639,45.98664716993612,20.1
-15.88336118056159,-19.441702824500112,9.0
-14.44692858857045,-37.12408614456167,5.230769230769231
-15.93534478595213,40.66498420920303,19.0
-16.268623987882798,6.537099762983793,13.0
-15.685979406949642,25.094833716155534,16.166666666666664
-15.650468914563401,-34.94603516395058,5.166666666666666
-15.574314346226032,-33.619262109683476,6.0
-15.655015710863186,-32.21276359839292,6.75
-15.396757990343463,29.029894358133006,17.0
-15.078302272396417,-35.949858625452606,5.166666666666666
-14.955366533726842,-17.110403860323366,10.0
-15.823179617679541,33.40383366260803,17.833333333333336
-15.158922062995776,-5.315342432349779,11.2
-15.913930973193567,-22.875528148097104,8.0
-15.25188146703815,-35.18612076899541,5.2
-15.615439590343207,44.640679553792936,19.833333333333336
-15.213708373587561,-19.820381679077123,9.0
-14.806128472414951,40.76782990904107,19.166666666666664
-14.84491681996812,-35.555073380258506,5.3
-15.62373856490029,-30.79376656940147,7.0
-14.926469163516462,11.747911485422966,14.114166736602783
-15.105166940926066,-31.308694062901353,7.0
-15.000255851639501,-34.229178605711766,5.916666666666666
-14.985927832209768,50.13525963122121,21.0
-15.27784321620239,-3.46571840341675,11.8
-15.450506751668847,5.95905191100807,13.0
-14.668933168027742,24.674205470555194,16.166666666666664
-14.582076770916764,-32.18182903560158,6.777777777777778
-15.367444516886266,-23.419343052818206,7.916666666666666
-14.500891481461089,-17.867999382563678,9.9
-14.651283981315348,39.59515016728152,19.0
-14.64478136925882,33.27134438668512,17.92857142857143
-14.43675227391769,29.273977248563256,17.1
-14.704719136852052,-34.90592567569344,5.75
-14.227914081428576,45.59054497452262,20.166666666666664
-14.536328900838722,-20.182444501335233,9.0
-14.602722118592572,17.36866833911028,15.44800033569336
-14.168174230783524,-5.080144035989475,11.25
-15.021590124443208,-29.96873262515969,7.071428571428571
-14.289973811407947,49.664809516525565,21.0
-14.016748366235873,23.16080651086155,15.960625052452087
-14.315716291109322,-24.32980055326907,7.785714285714286
-14.026498579640382,11.24437003195954,14.114166736602783
-14.284372410200902,5.667582165307011,13.071428571428571
-14.03074492262283,-1.5436240485537314,12.15
-14.015149555879477,39.02873611691605,19.0
-14.057673448587757,-34.803951047834005,6.0
-13.694432542601472,44.786651471958294,20.07142857142857
-13.943312773495313,18.519148985346284,15.61650037765503
-13.841669277106767,-20.68203645920579,8.928571428571429
-14.064854017421505,48.98625867763759,20.9
-13.539717825567742,-17.969036007621078,10.0
-13.836843062633776,32.78397185379708,17.9
-13.640692052954245,-29.128483571605372,7.166666666666666
-13.724965696405413,28.63557396994181,17.0
-13.925290477038235,16.538160518690344,15.404167016347248
-13.590326027073912,-22.14774711570638,8.25
-13.30326084127188,-5.62927407483909,11.2
-12.796773196533941,22.364277169564424,15.862187683582306
-13.89242749016476,19.7390191161399,15.63214315686907
-14.723291782641517,-12.1808962102461,10.75
-14.47143524516142,-9.675825399902166,10.9375
-13.380313523974351,38.46056617148503,19.0
-13.716370844125613,4.115120290192911,12.928571428571429
-13.49663225412805,43.7268143039626,19.9
-13.599318070570188,-35.49450920546751,5.8
-11.775890651380527,-1.2157012740989475,12.357142857142858
-13.14779099009918,-20.899068684759094,9.0
-13.557446818681044,48.4109230791218,20.833333333333336
-13.461089805095925,-6.762150873259413,11.071428571428571
-12.79252510854339,-18.541700591327896,10.0
-12.82428260698347,-7.957295857621128,11.166666666666668
-13.224902629852295,18.030266952514648,15.6850004196167
-13.090934467076352,10.792610486120882,14.114166736602783
-13.000359737094117,-30.7374046442119,6.9
-12.975520552950881,-22.552372601204716,8.2
-11.876801885429689,-9.34588943186781,11.273767709732056
-13.253820709890531,-12.303844837552111,10.948943751198904
-12.58222587123737,-6.13855842391046,11.3
-12.832900433358297,20.23030470158594,15.716500377655029
-12.868834074532952,32.99469644688665,18.0
-13.279709886757846,15.861150362354167,15.34800033569336
-12.338263392380247,29.172720049508783,17.214285714285715
-12.406114352120433,-3.8335118897138827,11.928571428571429
-12.52371698887016,-36.04234826446884,5.875
-13.141992726335168,37.26511033572821,18.833333333333336
-12.249947642675131,44.29401610245788,20.166666666666664
-12.587658882141113,18.840965628623962,15.6850004196167
-12.602481650940597,-24.017514638155227,8.0
-12.577045913714617,-21.197031085879885,9.0
-12.66128183433591,48.772427277977556,21.0
-12.306363790258942,3.9612401111601763,13.0
-12.318796249374206,-28.44783828115648,7.214285714285714
-12.377715782937155,20.93628443028467,15.716500377655029
-12.354574856053004,-19.409028199928652,9.833333333333332
-12.93869486410549,-13.770810223026267,10.857101043065388
-12.284343838691711,17.534888863563538,15.6850004196167
-12.172344998801197,-5.116821020708906,11.8
-12.596058477974038,-34.31688230174652,6.214285714285714
-12.173614495570304,10.289527577057763,14.114166736602783
-11.997605244318645,19.75612449645996,15.6850004196167
-12.044748430887683,43.28135122841988,20.0
-11.837318145613189,37.404669489212885,19.0
-12.239531469782289,15.710296713922938,15.444286073957171
-11.989527367651029,32.7819575896811,18.0
-12.244176837598728,27.39560921071148,16.9
-12.35579489854986,48.09062171262235,20.9
-11.903235252884091,-24.148331456469343,8.0
-11.929588898185136,-21.580938555208157,9.0
-11.922531513985739,21.6422641589834,15.716500377655029
-11.64709997177124,18.345587539672852,15.6850004196167
-11.781037982899395,-30.635108947192066,6.833333333333334
-11.550056303246624,-34.651511380552186,6.166666666666666
-11.03905244884757,4.234258828814124,13.166666666666668
-11.606469821929931,20.540417098999022,15.6850004196167
-11.173339834229674,-19.258030025869118,10.071428571428571
-11.906085372392862,-14.398947960318708,10.877515179770334
-11.467979158011879,-5.577244439347013,11.875
-11.475269079208374,17.013233184814453,15.6850004196167
-11.449005734263068,52.62816570341697,22.0
-11.438713766866218,42.8059848738087,20.0
-11.342168573386758,22.395485228514815,15.71125038464864
-11.682758806344145,48.16301679480623,21.0
-11.147743527307924,-24.97350298651575,7.875
-11.272823333740234,19.1037327448527,15.6850004196167
-11.278899829792568,-22.105173402414223,8.928571428571429
-10.976803894431956,36.973383320016936,19.0
-11.60488002060196,14.835155115085705,15.34800033569336
-10.747085922973728,27.316568494597597,16.81593757867813
-10.800176105299794,10.544146212634459,14.337916771570843
-11.183960021823836,-36.069443724097155,6.0
-11.298863049233113,-28.775021627685987,7.125
-10.879803425618423,33.17819919531783,18.166666666666664
-10.976461342402867,21.213000297546387,15.6850004196167
-10.947843074798584,17.70436382293701,15.6850004196167
-10.911010937508689,23.211108000536136,15.716500377655029
-10.78385052654955,-20.187368908207738,9.9
-11.036048212534014,2.3130820703230532,12.9
-10.120651973196436,-13.502563761505785,11.321303129196167
-11.12636558006782,42.00268078389923,19.9
-11.457146050765765,47.162493213230206,20.833333333333336
-10.788728509630475,19.98144585745675,15.6850004196167
-10.760110718863352,16.472808292933873,15.6850004196167
-11.087883333486795,-6.275884376874039,11.75
-10.35525162705007,-24.626638954552096,7.9
-10.56461787223816,21.978652954101562,15.6850004196167
-10.525157016488151,-22.476571119410544,8.833333333333332
-10.00566077675559,-34.563331427907656,6.25
-10.77832819332137,-15.23509440858287,10.940434376398724
-10.46374813715617,18.582077026367188,15.6850004196167
-10.537250412032662,-29.867001001817087,6.928571428571429
-10.169655650673066,36.6132041036534,19.0
-10.576404007506419,14.684370550762189,15.444286073957171
-10.760409996433804,24.144853218422337,15.823928901127406
-9.767681972880428,26.761541014139272,16.452083508173626
-10.261302947998047,20.672576427459717,15.6850004196167
-10.166812662618366,32.558627829016444,18.1
-10.07547427023047,9.50821475816278,14.21821437563215
-10.025587797164917,17.189056475957237,15.6850004196167
-9.817196316073119,47.44365575060001,21.1
-10.376074200253672,-36.90720019240783,6.0
-10.395145326685089,41.64723319002843,19.92857142857143
-10.09191969952429,-20.69537739935644,9.833333333333332
-10.143150568008423,22.63233788808187,15.6850004196167
-10.050209890965435,2.4349193140636523,13.0
-9.957987864812214,19.366498947143555,15.6850004196167
-9.667452227583865,-23.824148920550613,8.083333333333332
-9.772825241088867,16.100658893585205,15.6850004196167
-9.824844331940913,25.21515147330817,15.90416701634725
-9.67963807801993,-15.800084923635728,11.053477346897125
-9.742168756506445,-22.190065272968997,9.0
-9.861473522427875,-28.05112164360123,7.2
-9.849459511893137,21.43822833469936,15.6850004196167
-8.339403243692574,-36.49927156477555,6.1875
-9.505950923391124,46.193680212117044,20.9
-9.744941970079974,-4.823322047390408,12.125
-9.786156940460206,18.034144401550293,15.6850004196167
-9.52864337640007,36.2899913251034,19.0
-9.922188400451374,13.817276846051877,15.34800033569336
-9.63739029566447,23.416759808858238,15.6850004196167
-9.975915022183703,7.819097890953728,13.890416701634724
-9.790814813848723,31.42467731991755,17.92857142857143
-9.58707348505656,20.237863381703697,15.6850004196167
-8.91787809693464,42.332919774184376,20.214285714285715
-9.351358413696289,16.754343390464783,15.6850004196167
-9.233791533779707,25.742736768913236,15.816500377655029
-9.249782403310139,22.241419156392418,15.6850004196167
-9.127026590058385,-20.447126580407478,10.0
-6.557801356591305,-36.86799462258254,6.3
-8.981329504820472,-23.259816314670132,8.166666666666668
-8.663614560391803,-16.40374116427779,11.130868752797443
-9.233206510543823,18.714105923970543,15.6850004196167
-10.095905884230799,-38.40583765482303,5.916666666666666
-9.195366770125638,-41.78796952409763,5.875
-8.991201078785462,45.805431301180036,20.9
-8.548998294443784,-42.89618642006548,5.75
-8.778240675258886,-27.55722973856849,7.285714285714286
-9.040911836527439,2.495925257288543,13.1
-8.981755310467989,-22.127516100721415,9.0
-9.16569452200592,-41.2661774280858,5.875
-7.571357266972067,-38.033469730233676,6.166666666666666
-7.869876396875432,-40.0153069886145,6.0
-9.132336775461834,15.317529280980427,15.6850004196167
-9.131630102793377,24.201181729634605,15.6850004196167
-8.471251327763788,-41.156931229455935,5.9
-8.85255057471139,20.95411150796073,15.6850004196167
-8.664619283040913,36.14182414613529,19.07142857142857
-8.939515045710973,17.519996098109655,15.6850004196167
-8.778607360195723,26.448716497611965,15.816500377655029
-7.72506236076114,-5.740826871981499,12.133803129196167
-9.689395707075096,-7.053459227405108,11.833333333333332
-8.76862742098469,41.00138735828459,20.0
-9.298005232954104,-18.392327527370817,10.666666666666668
-8.818843696108043,13.979659866528799,15.544583717981975
-8.744022210439045,23.025841077168785,15.6850004196167
-8.381144277350268,31.53372552481507,17.97750002997262
-8.73706923212324,19.61049583980015,15.6850004196167
-8.278339512794506,8.279794041383242,14.197500069936115
-8.542283177375793,16.232688426971436,15.6850004196167
-8.625869870185852,24.985603650410972,15.6850004196167
-8.462376220611782,-23.022502259008494,8.3
-8.596451273286478,45.20204192758374,20.833333333333336
-8.356413841247559,21.85050137837728,15.6850004196167
-8.703609560251703,-29.714472890242995,6.916666666666666
-8.16497351726528,-20.525610020994232,10.071428571428571
-8.245921100888934,18.341955866132466,15.6850004196167
-8.483850528388727,27.108814418554264,15.849375367164612
-8.254023356754676,-22.053002050265302,9.1
-8.356367664372026,40.22542975231373,19.916666666666664
-9.172636346437104,-11.28076961644161,11.912363900078667
-8.154675245285034,15.057347853978474,15.6850004196167
-8.144345147269114,23.82903208051409,15.6850004196167
-8.308364784858899,35.105314784511975,18.9
-8.106951780828297,-8.14523933475797,12.039515283372667
-8.002546270688375,20.326744079589844,15.6850004196167
-8.126768956997978,2.0473392715963032,13.1
-7.952229579289755,17.147846380869545,15.6850004196167
-8.014150926045009,25.80747127532959,15.6850004196167
-7.9806675106221885,-18.018987350318497,10.940434376398724
-8.242754902002535,13.032417396513338,15.404167016347248
-7.850653648376465,22.634923299153648,15.6850004196167
-7.291185463582465,31.06373338952026,17.71821437563215
-7.756979688314096,45.05102111874017,20.9
-7.887231072376354,-23.352530079444527,8.2
-7.864408874511719,19.238216590881347,15.6850004196167
-8.069969582381614,28.163177444920965,16.088333659701878
-7.5651786093698785,-10.140399158208112,12.256691265106202
-7.733208179473877,15.71103286743164,15.6850004196167
-7.762832975387573,24.725292587280272,15.6850004196167
-7.926828714084616,-30.014721932418308,6.875
-6.831149551537615,8.18399012242282,14.361071518489293
-7.631631930669149,21.198108673095703,15.6850004196167
-6.836258910922947,40.83963487647745,20.25
-7.609476041786303,-22.382130890738587,9.0
-7.530762732028961,17.801531076431274,15.6850004196167
-7.551721368517194,26.778475761413574,15.6850004196167
-7.498364242082049,-21.102832834064458,9.9
-7.4298934539159145,14.40495491027832,15.6850004196167
-7.297703218460083,23.31488494873047,15.6850004196167
-7.209322663046482,35.22889899857428,19.07142857142857
-7.911511589105109,-12.339858359918031,12.009809834616526
-7.297985696792603,19.76142292022705,15.6850004196167
-7.296543972983988,28.97940006845986,15.974375367164612
-7.658153841509398,-24.11724165089177,8.071428571428571
-8.229310472948399,0.16537816906749336,12.833333333333332
-8.231129601025776,5.751332539661936,13.714285714285715
-6.9789903105927795,45.1104347642341,21.0
-7.246298939584053,-9.424619660040413,12.249560952186584
-7.3117412726084385,16.364717642466225,15.6850004196167
-7.196409749984741,25.24849910736084,15.6850004196167
-7.899084533425802,38.96331928125464,19.75
-6.508776028799694,-17.632731984120397,11.237969795862835
-7.254434051474023,12.82350019046143,15.51650037765503
-7.125871737798056,21.98253059387207,15.6850004196167
-6.218275146456837,-30.210584895181434,6.888888888888889
-7.0250024497509,18.58595311641693,15.6850004196167
-6.892812204360962,27.495882987976074,15.6850004196167
-7.058978835741678,15.27631950378418,15.6850004196167
-7.058272163073221,24.159972667694092,15.6850004196167
-6.905004382133484,-10.920025030771892,12.285212516784668
-6.912595424760013,-22.699544848152662,9.0
-6.9068502982457485,20.54571564992269,15.6850004196167
-6.472822295944219,29.977379316951748,16.43041698137919
-6.800472012456321,-24.955597133667766,8.0
-6.682864853730873,34.52512814627745,19.0
-6.639804542460942,-8.852636327518805,12.261444807052612
-6.815604482378278,17.261107308523997,15.6850004196167
-6.8052743673324585,26.032791773478188,15.6850004196167
-6.693738623578816,-21.27689849771258,10.0
-6.552739681184009,44.80575253199654,21.0
-6.620818177858988,13.883299112319946,15.6850004196167
-6.620111505190531,22.766952514648438,15.6850004196167
-6.85270825234233,-27.9907175881403,7.1875
-6.406201259275383,39.48489799783137,20.083333333333336
-6.914697761195074,-12.59300498137862,12.124560952186584
-6.486754393939069,-19.351753871896115,10.857101043065388
-6.434948801994324,19.50111198425293,15.6850004196167
-6.65338134765625,28.340970993041992,15.6850004196167
-6.3477388840083915,-0.6561461095035053,12.826458930969238
-6.3244559083666125,15.99256774357387,15.6850004196167
-6.3237492356981555,24.876221111842565,15.6850004196167
-6.538714726765951,-10.045678615570068,12.285212516784668
-6.708469967122786,5.515363096664956,13.833333333333332
-6.855958517380744,11.799498459327868,15.323928901127406
-6.401090065638224,21.33013757069906,15.6850004196167
-6.361218602059639,-8.051881477495705,12.249560952186584
-6.081081390380859,17.977355798085533,15.6850004196167
-6.1935552188328336,26.854659216744558,15.6850004196167
-6.239350131717394,-23.067899844934097,9.0
-6.3218346027454615,44.09793865529724,20.916666666666664
-6.053601648972088,-24.975128323346752,8.1
-6.249903758366903,14.754663546880085,15.6850004196167
-6.249197085698446,23.638317108154297,15.6850004196167
-6.382235085648349,38.151493112935555,19.833333333333336
-6.152472972869873,-11.590309619903564,12.285212516784668
-6.065643038371645,34.133197067855555,19.0
-6.043813228607178,20.28540458679199,15.6850004196167
-5.660221968922208,29.392277804745966,16.23750034968058
-5.874088684706127,-27.874471782148376,7.166666666666666
-5.920977894279712,-21.699150453006084,10.0
-5.828319072723389,16.88895765940348,15.6850004196167
-5.827612400054932,25.772610823313393,15.6850004196167
-5.754012862841288,-9.44110631942749,12.285212516784668
-5.811743140220642,13.361643711725872,15.6850004196167
-5.789371115820749,22.152005195617676,15.6850004196167
-6.166197608632121,-13.105808146109384,12.101610728672572
-5.936041055304159,-7.299844671567129,12.244467871529714
-5.329448737385945,-19.318376321167158,11.047535419464111
-5.710166970888773,18.848720232645668,15.6850004196167
-5.844306151072184,27.81931495666504,15.6850004196167
-5.590294684532829,-25.604860233332225,8.0
-4.672905773539372,44.848464448233145,21.3
-5.474451820055643,15.365200281143188,15.6850004196167
-5.473745147387186,24.24885368347168,15.6850004196167
-5.599695613205859,-23.489415680519535,9.0
-5.658318247113909,-10.692641803196498,12.285212516784668
-5.79406369864318,11.435033608826313,15.404167016347248
-5.5077215035756435,20.939218839009605,15.6850004196167
-5.15351210337173,38.47293351717815,20.083333333333336
-5.006567586556298,0.9209732783450693,13.128521251678468
-5.406852185726166,17.54264259338379,15.6850004196167
-5.27466197013855,26.45257148742676,15.6850004196167
-5.411370924540929,-8.472190652574811,12.285212516784668
-5.238982791788188,-27.54457040046825,7.25
-5.0064099028427975,7.157872388137241,14.421250104904175
-4.99227943607087,34.128028063669845,19.166666666666664
-5.451698663621691,43.336045510356875,20.9375
-5.440828561782837,14.23300814628601,15.6850004196167
-5.44012188911438,23.116661071777344,15.6850004196167
-5.147061347961426,-11.868382930755615,12.285212516784668
-5.56115315479115,-6.466100763260382,12.249560952186584
-5.22607205595289,19.72643334524972,15.6850004196167
-4.858500268807525,28.893201520092084,16.23750034968058
-5.028867652608377,-25.938929129626537,8.0
-5.103537440299988,16.23656471570333,15.6850004196167
-5.23431429862976,25.093941688537598,15.6850004196167
-5.140843900873941,-22.100519512903464,10.0
-5.023552417755127,-10.023125839233398,12.285212516784668
-5.13415150642395,12.813711261749267,15.6850004196167
-4.8671154379844666,21.63669808705648,15.6850004196167
-4.98179780088156,-23.94822036383448,9.0
-4.879426581518991,18.233773231506348,15.6850004196167
-5.035231113433838,27.297659079233803,15.6850004196167
-5.665205478939438,-14.37403994471686,11.963909387588501
-4.747704744338989,-7.757850313186646,12.285212516784668
-4.2577721238559345,-19.602294776566186,11.132545539311
-4.706294283746708,42.873641722769236,21.0
-5.076037394397485,32.749327435577534,18.66850004196167
-4.290089400263847,38.69644985276456,20.25
-4.6653765837351475,14.843544880549114,15.6850004196167
-4.6646699110666905,23.727197647094727,15.6850004196167
-4.641301115353903,-11.083961009979248,12.285212516784668
-5.003237351751926,-5.890971573971953,12.256691265106202
-4.635387434140214,-27.980049318574153,7.125
-4.817801690953675,11.245290368047915,15.51650037765503
-4.614353120326996,20.54830106099447,15.6850004196167
-4.732622861862183,17.107929229736328,15.6850004196167
-4.6813637018203735,25.773903052012123,15.6850004196167
-4.8716240568302975,4.8734510596136476,13.965000046624077
-4.461351122356483,-26.297436830965932,8.0
-4.635191977024078,-9.237044016520183,12.285212516784668
-4.49690768122673,13.624409854412079,15.6850004196167
-4.631046851476034,22.59500503540039,15.6850004196167
-3.9541060041093266,0.5020826487837252,13.112173216683523
-4.426420931284433,-22.608720225670496,10.0
-4.526815056800842,19.085209846496582,15.6850004196167
-4.054194739176215,28.398034192362232,16.23750034968058
-4.478823244571686,-12.66940450668335,12.285212516784668
-4.515673776467642,-6.9079913298288975,12.285212516784668
-4.354592516525726,-24.39535010125646,9.0
-3.4216598076472633,43.160243414089706,21.25
-4.2944622437159214,15.714909315109253,15.6850004196167
-4.428601404031118,24.685504913330078,15.6850004196167
-4.742236897353883,37.15902294589982,19.857142857142858
-4.135540843009949,-10.29953908920288,12.285212516784668
-4.677534797159529,-4.6729368387209425,12.321010430653889
-4.328438778718313,12.405275106430054,15.6850004196167
-4.061402726173401,21.228262519836427,15.6850004196167
-4.720194532009683,-46.42109501770202,5.833333333333334
-4.190481738078244,32.49314574859088,18.614166736602783
-4.061685252189636,17.674800682067872,15.6850004196167
-4.091310054063797,26.689061760902405,15.6850004196167
-3.8773863797791432,-20.810104599782385,10.928521251678466
-4.195691643032502,-14.063637077890522,12.17811147371928
-4.715826311278209,41.60922935029349,20.8
-4.129431764284769,-8.452622056007385,12.285212516784668
-3.9328203808025397,-27.72122618225528,7.25
-3.8753544116334355,-26.656675075610217,8.0
-3.8596637725830076,14.435108375549316,15.6850004196167
-3.9601091623306273,23.161876487731934,15.6850004196167
-4.178836764311751,10.38963431715375,15.404167016347248
-3.973864754041036,19.765171368916832,15.6850004196167
-3.973063031832377,-11.884982585906982,12.285212516784668
-3.7745436940874373,-6.1960031645638605,12.285212516784668
-4.091872659834314,-46.44314860325487,5.8
-3.9235478242238364,16.586273352305092,15.6850004196167
-3.6940784624644687,25.40175315311977,15.6850004196167
-3.752473578259951,-24.876136723032857,9.0
-3.629780511061351,-9.515117168426514,12.285212516784668
-3.869258711111261,-3.3587364022188995,12.419235169887543
-3.6575011014938354,12.972146701812743,15.6850004196167
-3.8219717542330427,22.07334931691488,15.6850004196167
-3.7093842539993362,-23.124077574666998,10.0
-3.692379949437776,4.438503649718044,13.96850004196167
-3.5211104915522173,37.312559661170155,20.07142857142857
-2.913084043886642,-0.4594809194580276,12.79445469379425
-3.680173311914716,18.571061406816753,15.6850004196167
-3.2170097452173314,28.112371503941738,16.34800033569336
-3.473411798477173,-12.94747765858968,12.285212516784668
-3.6352770839418684,-7.554954256330218,12.285212516784668
-3.6116110735983593,41.4441433199459,20.9375
-3.616870617866516,15.166977024078369,15.6850004196167
-3.5785972220557074,24.058137212480815,15.6850004196167
-3.8042225833232397,-45.67935190956382,5.9
-3.4534563370755347,32.06075339051358,18.614166736602783
-3.3947166551230015,-27.094475960158498,7.9
-3.4061830724988664,11.889968054635183,15.6850004196167
-3.362145713397435,20.58703899383545,15.6850004196167
-3.4673027992248535,-11.100560665130615,12.285212516784668
-3.2803890109062195,-5.298335393269857,12.285212516784668
-3.264371042251846,-28.088025612480138,7.214285714285714
-3.189024806022644,17.302521773747035,15.6850004196167
-3.1507513999938963,26.19368267059326,15.6850004196167
-2.40854912784731,-20.887639214989022,11.160651564598083
-3.7900062603984948,-15.37891551884592,12.009809834616526
-3.241420102119446,-8.729035377502441,12.285212516784668
-3.326568854166361,-25.440704190669898,8.9
-3.2777211049225263,-2.743708186051971,12.428170013427735
-3.2663655877113342,13.756439367930096,15.6850004196167
-3.181365529696147,22.770828564961754,15.6850004196167
-5.074655671312838,-44.06405310293639,6.0
-3.302760333867681,10.015496658714248,15.474375367164612
-3.080496271451314,19.374252319335938,15.6850004196167
-2.9676515460014343,-12.163055817286175,12.285212516784668
-2.824833723302052,36.94728237557776,20.1
-2.894146988789241,-6.8429659605026245,12.285212516784668
-3.098159976349012,40.79394631972298,20.9
-3.073543667793274,15.958906514304026,15.6850004196167
-2.8440743386745453,24.774385452270508,15.6850004196167
-2.9992389647691144,-23.649847104849954,10.0
-5.779682874056238,-45.91139104734137,5.166666666666666
-2.7067574681774866,-27.208234682997265,8.166666666666668
-2.794464061657588,12.711835702260334,15.6850004196167
-2.8997161303247725,21.55804320744106,15.6850004196167
-2.853601600442614,-10.279970986502512,12.285212516784668
-2.858922064304352,-4.644650459289551,12.285212516784668
-2.8461009339055416,47.277119740220826,22.0
-2.6928880115350085,18.1989115079244,15.6850004196167
-2.626873698102499,27.18736886563672,16.15416701634725
-2.590830468801042,-28.432144243404075,7.25
-2.855138969421387,-13.642249202728271,12.285212516784668
-2.6066543715340753,-8.059519801821027,12.285212516784668
-2.5520115663981766,-2.4958268129941192,12.344778140385944
-2.6763119623064995,14.671598255634308,15.6850004196167
-2.581688480717795,23.574019568307058,15.6850004196167
-2.711017350228847,-25.90330000444626,8.928571428571429
-2.312973061223287,5.318881671917102,14.337916771570843
-2.666341527119908,31.59450046431683,18.614166736602783
-2.553777251924787,11.181730134146555,15.6850004196167
-2.4398900667826338,20.071731567382812,15.6850004196167
-2.4618912041187286,-11.378633975982666,12.285212516784668
-2.662116062641144,-5.993107175827026,12.285212516784668
-3.3393951225526703,-44.628011997867645,5.928571428571429
-2.013361502891597,-22.26304163802676,11.0
-2.339020659526189,16.67515540122986,15.6850004196167
-2.6046433806419373,25.619473457336426,15.6850004196167
-2.8475246246638504,35.655750571199576,19.833333333333336
-2.7201922378216876,-15.729132239245,12.071010430653889
-2.6327306356550446,40.18881238826841,20.833333333333336
-2.403328573703766,13.496128368377686,15.6850004196167
-2.2879970371723175,22.379910786946617,15.6850004196167
-2.510959605375926,-9.311055342356365,12.285212516784668
-2.404696492874894,-27.880392618229116,7.9
-2.4490607295717512,-3.877719589642116,12.285212516784668
-2.3341563427935452,-47.64620692762976,5.285714285714286
-1.4980805455384238,45.853676909603934,21.916666666666664
-2.345952729382439,-24.339661839504558,9.928571428571429
-2.548975614475337,9.510198154924144,15.444286073957171
-2.3017526268959045,18.983204078674316,15.6850004196167
-2.554377951244372,-29.026481709926024,7.125
-2.2994134922822314,-12.96407691637675,12.285212516784668
-2.062534546852112,-7.26810131072998,12.285212516784668
-2.2525701925719277,-1.654354568439181,12.374560952186584
-2.0862583567698794,15.58675726254781,15.6850004196167
-2.0383615374565123,24.365949058532713,15.6850004196167
-2.2011658787727355,12.033166694641114,15.6850004196167
-2.2004592061042785,20.91681957244873,15.6850004196167
-2.0404243171215057,-10.72494900226593,12.285212516784668
-2.0220973156392574,-5.184197843074799,12.285212516784668
-1.9314701337995486,-26.11584044695241,9.1
-2.0995897889137267,17.520243072509764,15.6850004196167
-1.9977386153131025,26.276663310644842,15.877917051315308
-2.0235264102617903,-14.067384799321491,12.285212516784668
-2.5011845132948283,45.71688328321713,21.8
-1.7323909948269525,14.062999884287517,15.6850004196167
-1.8665301650762558,23.03359580039978,15.6850004196167
-1.726257716615995,-8.706482569376629,12.285212516784668
-2.1128015802811486,30.860388345225967,18.43700008392334
-1.7079307039578757,-3.165731231371562,12.285212516784668
-1.6983604391791731,-48.83841196779193,5.0
-1.8112319178314458,-28.18295796306657,8.0
-1.5535191805641375,-42.64604889400671,6.214285714285714
-1.6348839312791825,10.779642295837402,15.6850004196167
-1.7353293120861053,19.50641040802002,15.6850004196167
-1.5003390315039116,40.817540064986986,21.1
-1.6421028617594946,36.031343792598506,20.07142857142857
-1.7936532348394394,-12.179655472437542,12.285212516784668
-1.8525539282711259,3.4999664412943954,13.830851078033447
-1.8305035630861917,-6.41824229558309,12.285212516784668
-1.749458601519624,-1.1002683966298543,12.356691265106202
-1.32331191425866,-29.887861269377993,7.083333333333334
-1.6647914424538612,16.240442276000977,15.6850004196167
-1.7989306350549064,25.211036841074623,15.6850004196167
-1.603004543548466,-22.93758634818822,10.9
-1.6578388554709298,12.825096198490687,15.6850004196167
-1.541550025343895,21.63422679901123,15.6850004196167
-1.5183020185896299,-24.81815540809074,10.0
-1.700245488842014,-15.874403108734636,12.1566912651062
-1.630562961101532,-9.958018166678293,12.285212516784668
-1.5494434773921966,-4.26737904548645,12.285212516784668
-2.4654303625299603,44.954945272038444,21.7
-1.963071923543547,8.383836102986258,15.263750314712524
-1.4623459726572037,18.33094072341919,15.6850004196167
-1.4891189781890235,-26.805501851106158,8.928571428571429
-1.2823963899697577,-13.355396475110735,12.285212516784668
-1.3614765672634044,14.934364318847656,15.6850004196167
-1.3391045526202237,23.724726404462544,15.6850004196167
-1.4942267835140228,-7.856623601913452,12.285212516784668
-1.3652886653019647,-2.1968156482492174,12.285212516784668
-0.9343405307947452,-47.99074588480773,5.25
-1.2822725658438037,11.63107885633196,15.6850004196167
-1.3538173628704888,20.4026711327689,15.6850004196167
-1.231296877457264,-28.70375543433714,7.928571428571429
-1.2035995619371533,-11.264496624469757,12.285212516784668
-1.1521660298109055,-5.856141901016235,12.285212516784668
-1.2942743772716918,-0.3942887096543751,12.356691265106202
-1.0380240934218035,35.22808607845231,20.0
-1.2529479563236237,17.00609506879534,15.6850004196167
-1.0530508705903252,25.865551138791865,16.070833683013916
-1.1909367056659392,30.525688217194983,18.597857202802388
-1.1250096023396168,40.174196030522324,21.0
-0.5123267039119107,-43.85585269939217,6.125
-0.9233158938586712,13.54134448369344,15.6850004196167
-1.192300913234552,22.5988826751709,15.6850004196167
-0.9293618405600645,-29.711071118942634,7.25
-1.186701631794373,-14.606932083765667,12.285212516784668
-0.8894329443573952,-9.246029774347942,12.285212516784668
-0.871105923006932,-3.7052786350250244,12.285212516784668
-0.991314022436526,-49.22565891213097,5.0
-1.0415857546031475,10.100973288218182,15.6850004196167
-0.8722923199335735,19.2460994720459,15.6850004196167
-0.7421932200373884,-23.415996570948867,11.0
-0.9056415095925331,-12.456068801879884,12.285212516784668
-0.8052124949596582,-25.337402781379055,10.0
-0.9905621577054262,15.805728912353516,15.6850004196167
-0.9898555157706141,24.689382076263428,15.6850004196167
-0.95010692519801,-7.065205233437674,12.285212516784668
-1.1172014653850075,45.27468004824857,21.916666666666664
-0.8689873770577833,-1.3745660722255706,12.285212516784668
-0.7728388935504789,27.65639285340772,17.81593757867813
-0.7721142603616034,-27.23088317801615,9.0
-0.7851784113794565,12.452817249298096,15.6850004196167
-0.6192944099505743,21.118919372558594,15.6850004196167
-0.1733391705586922,4.419381940808448,14.16418441136678
-1.511893318136812,-17.206667250641914,11.963909387588501
-0.5853056899214707,-28.998240027428444,8.1
-0.7309457138180733,-10.34767780303955,12.285212516784668
-0.7754111470920699,-4.956814357212611,12.285212516784668
-0.7267660462498637,1.0488938574044293,12.75858360528946
-0.6944683435041883,8.765352361186565,15.544583717981975
-0.5184250002106031,17.7223432858785,15.6850004196167
-0.4601327261299445,-30.173288638306374,7.25
-0.7808829437469978,-45.56288680058623,5.875
-0.5524014700204134,14.412708520889282,15.6850004196167
-0.41684895288199186,23.20941925048828,15.6850004196167
-0.401999776562055,-14.00235931078593,12.285212516784668
-0.44339923473573084,-49.20162615526551,5.1
-1.9360382873746858,-33.00495029772928,7.0
-0.5467909425497055,-8.277114084788732,12.285212516784668
-0.00621273544323242,35.47394711435706,20.2
-0.5048164216762718,-2.8309321602185564,12.285212516784668
-0.9791448822906019,-31.633718957635434,7.142857142857142
-0.8099089102129442,39.183675365492334,20.833333333333336
-0.42986674633409294,10.922840935843332,15.6850004196167
-0.36653204510609305,20.030521392822266,15.6850004196167
-1.6760489724376566,-34.2264824319566,7.0
-0.34000141760345826,-30.67408368289047,7.214285714285714
-0.31664141882258934,-31.40698022585167,7.2
-0.2273039941986402,-11.893968264261883,12.285212516784668
-0.3499560300260782,16.50320816040039,15.6850004196167
-0.24548390132982978,25.356040015763583,16.070833683013916
-0.2525487755026136,-6.2458013125828336,12.285212516784668
-0.3301206504887281,-0.7225410959993799,12.285212516784668
-0.47470492874386305,44.40431870109525,21.857142857142858
0.041288793909265764,31.035360684173703,19.166666666666664
-1.2034837590037855,-34.66538666479593,7.0
-0.3812036344655795,-50.28875584737739,5.0
-0.21875515021383762,12.9760235786438,15.6850004196167
-0.38322582840919495,22.077226638793945,15.6850004196167
0.08085083150624037,-49.78392641897865,5.125
-0.1917225889290311,-27.72660678759943,9.0
-0.30630501200045857,-15.253895282745361,12.285212516784668
-0.05260820562640825,-9.785577376683552,12.285212516784668
-0.1520046430785551,-29.51365240377862,8.0
-0.13112835068189527,-25.902686169661195,10.0
-0.14064548462629317,-4.287298393249512,12.285212516784668
-0.1785487338900566,9.840662288665772,15.6850004196167
-0.14751058568557102,18.593707720438637,15.6850004196167
-0.18466168018031892,-24.085836762218115,10.9
-0.6046747196633064,33.61738786724648,19.75
-0.18148703997333845,15.284072955449421,15.6850004196167
-0.18078038282692432,24.167726516723633,15.6850004196167
0.0969834162381859,26.816036366058036,17.780833403269448
-0.05935775275741305,-13.033443587166921,12.285212516784668
0.06691016753514607,-7.456524650255838,12.285212516784668
-0.13852694168842086,-1.9565857152144113,12.285212516784668
-1.2521121308893313,-35.24958159765207,7.0
-0.10340077390710024,-45.93577691159495,5.875
-0.08061765941480797,11.88749663035075,15.6850004196167
0.18641839921474457,20.7104829788208,15.6850004196167
0.07729843064068853,-16.927772696536174,12.173039300101145
-0.0004852985342343463,-10.929697354634602,12.285212516784668
0.6223192958058794,40.32571116833767,21.214285714285715
0.6649740714171269,3.4481524663950465,14.028521251678466
-0.7778972234725364,43.35532056683698,21.666666666666664
-0.2170875608649238,7.423496752674023,15.206666946411133
0.29065010945002234,17.200687408447266,15.6850004196167
0.24160594617327055,-5.348133524258932,12.285212516784668
0.343188080674599,0.1970601367350294,12.571010430653889
0.2783389889768192,13.797761848994664,15.6850004196167
0.392226147154967,22.687763214111328,15.6850004196167
0.32846066504716875,-14.584379291534423,12.285212516784668
0.31368127961953485,-8.91123088200887,12.285212516784668
0.24771497274438542,-3.5012165506680804,12.285212516784668
0.3812289169254858,-28.2278503245683,9.0
0.49238887305061024,10.407533804575603,15.6850004196167
0.2267661511898041,19.35185298919678,15.6850004196167
0.34155234312216365,-45.3729918763475,6.0
0.35336452003285146,-29.989628944641254,8.0
0.653011604882207,30.39258579039963,19.1
0.5530359026576792,16.000321252005442,15.6850004196167
0.5627858670444643,24.848050518735157,16.070833683013916
0.6043084904551506,-12.31910343170166,12.285212516784668
0.49523778429725474,-26.517123663793626,10.0
0.48837706819176674,-6.802839756011963,12.285212516784668
0.6026030693236473,-1.2445973985429322,12.285212516784668
-0.5691595963448797,-36.361661965161005,6.9375
0.6539053105350052,12.603744506835938,15.6850004196167
0.4258492713173231,21.55557076136271,15.6850004196167
0.3830124035046753,-46.15030404049163,5.9
0.7621822149928326,34.3390404475892,20.0625
0.7107120932390292,-15.645214398701984,12.285212516784668
0.6778522238135338,-10.367596912384034,12.285212516784668
0.533835367662333,9.223402204735214,15.627917051315308
0.5300809949636459,18.045775413513184,15.6850004196167
0.6299663856625557,-4.562051892280579,12.285212516784668
0.4542405378688523,-32.024041015395824,7.75
0.8067615618813722,39.05386553735977,21.0
0.7870502444414208,-43.837402203366125,6.142857142857142
0.8773672835852591,-45.596310299190094,6.0
0.6765647335239635,-24.446245314203246,11.0
0.2114168035611237,43.53571108293726,21.8
0.6275880765169859,14.762417554855347,15.6850004196167
0.628294718451798,23.64607048034668,15.6850004196167
0.9268551428792067,-30.46829754345677,8.166666666666668
0.8981351737961769,26.37681311712146,17.780833403269448
0.8821941661536545,-31.34230407483794,8.0
0.8247619622520038,-13.762129647391184,12.285212516784668
0.6851830571889878,-8.151296472549438,12.285212516784668
0.8377686226303922,-2.586057662963867,12.285212516784668
0.7284574567650755,11.365840832392376,15.6850004196167
0.7797165960073471,20.031814575195312,15.6850004196167
0.8101260573796438,-28.802984114149467,8.9
1.2170020996446858,2.52151727073334,13.880868752797443
0.9034258275823268,-27.213125412805194,9.9
0.23388622368391432,-22.06782590354714,11.7
1.0708302211608138,-17.24415476554478,12.249560952186584
0.9968923861942689,-32.53935280435516,7.944444444444445
1.0963629335165024,16.792250633239746,15.6850004196167
0.9521628224423954,-11.464599813733782,12.285212516784668
1.0177848041057587,-6.112987075533185,12.285212516784668
1.176185438728256,-0.21291665363757684,12.628170013427734
1.231475799973047,-46.76948858981972,5.8
1.0657487884163857,13.369397282600403,15.6850004196167
1.201301246881485,22.166107495625816,15.6850004196167
1.2667588351000556,-35.57595258501928,7.166666666666666
1.1541729776364873,29.652515949278353,19.0
1.099072554707527,-14.85913257598877,12.285212516784668
1.0662126565972965,-9.581515153249104,12.285212516784668
1.1151331310013273,9.796858940457007,15.599375367164612
1.0734079842056548,18.837704930986675,15.6850004196167
1.2647320585591453,-3.892535788672311,12.285212516784668
0.8106526915489691,-33.58356113525619,7.7
1.4030400464932122,15.372954209645588,15.6850004196167
1.3589260341604903,24.322096384420973,16.070833683013916
0.9412907306297855,-21.238191138092635,11.875
1.1129328057451713,38.30039269252788,20.9
1.6356218669631635,33.968632181003535,20.1
1.1726162657141685,-12.907625961303712,12.285212516784668
1.2293029193367278,-7.359878199441092,12.285212516784668
1.3435288816690445,-1.8016358315944672,12.285212516784668
1.0533292007095472,-18.9343881099241,12.010060719081334
1.3659690168923095,-50.441488201585656,5.2
1.0151912210248142,-22.752560172075,11.75
1.5039094587167106,11.976377407709759,15.6850004196167
1.2758534508092063,20.9282044001988,15.6850004196167
1.5595610824756438,-24.955770272076364,11.071428571428571
0.778574477018816,43.02388572688054,21.75
1.8531334365264116,-43.70501610963618,6.166666666666666
1.3947053623607615,-29.169863792319248,9.0
1.48689093919737,-16.410067558288574,12.285212516784668
1.448974330510412,17.64368724822998,15.6850004196167
1.5658639520406723,-10.6440106232961,12.285212516784668
1.360426813364029,-5.144071400165558,12.285212516784668
1.3667315915737326,8.030625124002155,15.124285834176199
1.5715090334415436,14.153819262981415,15.6850004196167
1.839309313400395,26.02073195027713,17.883571488516672
1.4373698383569717,23.124414443969727,15.6850004196167
1.5410455466967026,-36.47199924888731,7.142857142857142
-4.429314573927546,-46.88193843006729,5.285714285714286
1.7774100552002587,-14.297032197316486,12.285212516784668
1.7186941817180386,1.5788683379906996,13.757042503356933
1.5603673990283693,-8.683847325188772,12.285212516784668
1.8802717133649909,10.579040540063797,15.643889215257433
1.7670019013541085,19.659664835248677,15.6850004196167
1.674593411386013,-3.125605046749115,12.285212516784668
2.190895925596777,-19.88004341049431,12.071303129196167
1.6374244167227814,-27.679968945607925,9.928571428571429
1.7739545007546744,16.244318326314293,15.6850004196167
1.7681966601785537,-17.56850343890067,12.256691265106202
1.7003782972685193,-33.73372425410079,7.928571428571429
1.836282525743757,-12.19328580583845,12.285212516784668
1.8801744363540305,29.21245687212604,19.0
1.8640685379505157,-6.690362215042114,12.285212516784668
1.8867391220085765,-0.9648906258867613,12.530182157244
1.9377716228298607,38.29588968376973,21.0
1.8531585676329476,12.941033158983503,15.6850004196167
2.010376373926799,21.644452730814614,15.6850004196167
1.7610988329385093,32.97537219585915,19.9
1.8295329908529916,-15.44115201632182,12.285212516784668
2.060693273941676,18.465554873148598,15.6850004196167
2.0059361927241,-29.556546350172304,9.1
2.0716241995493574,-9.859588781992596,12.285212516784668
2.1344051518053435,-25.950100814716023,10.928571428571429
2.1451286872227984,-4.539498607317606,12.285212516784668
1.430666664513257,43.78943057832393,21.92857142857143
1.6468854416651002,-38.4355991046036,6.857142857142858
1.8209475321517392,-23.12963995132261,11.8
2.0772693008184433,14.938241124153137,15.6850004196167
2.0748134684859414,23.725540149619594,15.91650037765503
1.9724292860020243,-45.12672696691018,6.0
2.1200521205152785,-13.32811655317034,12.285212516784668
2.1620266139507294,-7.881934603055319,12.285212516784668
2.317754690553273,11.62511710969372,15.724375367164612
2.263138761123021,20.556054751078285,15.6850004196167
2.084454736539296,-2.3586742026465277,12.285212516784668
1.9089215150580343,-34.682653066576684,7.7
2.9141355729220955,25.193200857744404,17.707777871025932
2.148231267929077,17.00246353149414,15.6850004196167
2.3331746578216555,-16.987442588806154,12.285212516784668
2.1841368436813355,-11.338782215118409,12.285212516784668
2.240823443446841,-5.7910343919481555,12.285212516784668
2.2962681179601008,-30.215228272246655,9.0
2.512067747116089,13.658440494537354,15.6850004196167
2.246445010105769,22.602758725484215,15.6850004196167
3.068609008760916,8.449792289027448,15.307083368301392
2.4556746151383395,-28.13862299562389,10.0
2.5078705191612243,-14.879052066802979,12.285212516784668
2.48216013610363,19.119239807128906,15.6850004196167
2.4599846601486206,-9.07350697517395,12.285212516784668
2.371947358051936,-3.575227737426758,12.285212516784668
2.619952854072926,37.88729846622828,21.0
2.975089757207456,1.522105101540809,14.083055904933385
2.498736172914505,15.591926097869873,15.6850004196167
2.57158539748006,32.92378887260756,20.0
2.6355785811807007,28.822278976416406,19.0
2.6152586580875608,42.77903908291435,21.875
2.4615042915664693,-18.219842288882056,12.237677097320557
2.6494598239660263,-12.638263821601868,12.285212516784668
2.944348414996574,-36.58423354807869,7.25
2.7636858139719283,-7.0800216879163465,12.285212516784668
2.6135321892941197,12.288129652720796,15.716500377655029
2.6846056282520294,21.209739685058594,15.6850004196167
2.8293183282808334,-1.5095554171278853,12.571010430653889
2.688504137018011,-45.10870487855705,6.0
2.8071403673716953,17.719870976039342,15.6850004196167
2.8058285489678383,-16.070623815059662,12.285212516784668
2.5498121219673906,-30.96206566223702,8.9
2.84780308178493,-10.624442100524902,12.285212516784668
2.861408146440398,-26.58140160275228,10.9
2.9819534222284956,-5.079046010971069,12.285212516784668
3.1422832322911525,-34.06845214093148,8.0625
2.8646790896143233,14.509877000536237,15.6850004196167
2.8029810858069557,23.256050098350062,15.91650037765503
2.843696125397913,6.476133776336409,14.98544134412493
2.896230936050415,-14.092970371246338,12.285212516784668
3.0095858318465094,19.810370445251465,15.6850004196167
3.0947502851486206,-8.403990949903216,12.285212516784668
3.0171784957249956,-2.880730430285136,12.285212516784668
2.961131076239668,-22.330067439399357,11.96931607382638
3.0887899175286293,16.507085382938385,15.6850004196167
3.0095510043068607,-28.770159605205667,9.9
3.1368930141131086,-17.39459387461344,12.285212516784668
3.1719559021509967,-38.24389957482008,6.9375
3.8836060332869704,38.77397082553762,21.3
3.059321139539991,-11.871332986014231,12.285212516784668
2.973605553759829,42.273633667784125,21.833333333333336
3.2578406135241194,-6.182353814442953,12.285212516784668
3.0687165059292516,12.994109381419527,15.716500377655029
3.0964491707938055,21.97539234161377,15.6850004196167
3.3529200973170896,0.27980239934730444,13.836660385131836
3.236574864099687,32.5422285981259,20.0
3.156389395395915,18.684526602427162,15.6850004196167
3.3958821892738342,-15.155465364456177,12.285212516784668
3.462022625833333,28.70292894703757,19.1
3.190445154905319,-9.655526479085285,12.285212516784668
3.3245954854147772,-4.1101303441183905,12.285212516784668
3.4763980706532793,15.331744750340778,15.6850004196167
3.2351455069079114,-43.68072761793304,6.166666666666666
3.077236789660595,-31.732602244038148,8.833333333333332
3.3079842044801095,-18.627679973163076,12.256691265106202
3.486284554004669,-13.177811443805695,12.285212516784668
3.3588349024454756,20.775026321411133,15.6850004196167
3.638870191574097,-7.61257266998291,12.285212516784668
3.3058631010184722,-35.18568980614685,7.75
3.6637205634552554,-2.074266037409367,12.571010430653889
3.5137609428148666,5.383531720662873,14.966029802958172
3.7260337114334106,17.317784118652344,15.6850004196167
3.431717917467586,36.89654384848755,20.92857142857143
3.6130621002461947,-54.11756414322771,5.0
3.675759696960449,-16.74256887435913,12.285212516784668
3.8004512190818787,-11.15934459368388,12.285212516784668
3.679307460784912,-5.5286688804626465,12.285212516784668
3.523900739117881,13.700089110118258,15.716500377655029
3.7729046116016995,23.103699600830282,16.15416701634725
3.7431817750328733,-27.18473112118589,10.785714285714285
3.6133357925306697,-39.29225375795014,6.8
3.0182539808674607,41.45143632740495,21.7
3.9318414529164634,19.295063177744545,15.6850004196167
3.901642481486003,-14.371043523152668,12.285212516784668
3.975147008895874,-9.050953706105549,12.285212516784668
3.820896768569946,-3.2878808975219727,12.285212516784668
3.897865056991577,15.985429763793945,15.6850004196167
3.8060445833671617,-29.484902711662052,9.75
4.108330247050631,32.425436902620916,20.07142857142857
4.069616658346994,-17.916650090898784,12.285212516784668
4.146257059330434,-23.17322683614644,11.928477346897125
4.076338291168213,-12.262652556101482,12.285212516784668
3.999441087245941,21.472505569458008,15.6850004196167
4.010372042655945,-6.852638244628906,12.285212516784668
3.4105305481884898,35.56245782464801,20.7
3.831805930290293,-44.5039420042191,6.083333333333334
4.596446442493321,0.1107738118999142,14.083055904933385
4.1547853359475795,28.1991193455923,19.07142857142857
3.965464512507121,18.16287167867025,15.6850004196167
3.961560902511202,12.200821409713175,15.944375157356262
4.205352635578835,-31.588351071274623,8.916666666666668
4.172061085700989,-15.920318807874407,12.285212516784668
4.143093313489642,-10.190428938184466,12.285212516784668
4.174597967688414,-54.35090769843337,5.0
4.208715149334498,-4.838816217013768,12.285212516784668
4.570035594551528,14.498035278213028,15.895357472555977
4.327466624029995,-35.29430407031914,7.714285714285714
4.281090532030378,20.259718894958496,15.6850004196167
4.000145770045488,-19.450923997113392,12.237677097320557
4.323109269142151,-13.717358589172363,12.285212516784668
4.207177901268006,-8.201094770431519,12.285212516784668
4.493892203277783,-2.6432444639628576,12.571010430653889
3.866715886415826,4.400155118448449,14.882696469624836
4.013218513262921,41.40547226935364,21.785714285714285
4.31933202346166,16.639114697774254,15.6850004196167
4.751102723530356,-39.999821713398326,6.714285714285714
4.446371531486511,-17.017322254180907,12.285212516784668
4.497805148363113,-11.608967661857605,12.285212516784668
4.842433347496829,22.768713464086673,16.23750034968058
4.3766614993413295,-5.978291749954224,12.285212516784668
4.668978693526892,31.740765113513522,20.0
4.32198698944565,-24.978649808590404,11.642857142857142
4.636402130126953,18.729742431640624,15.6850004196167
4.821348217880139,36.614852759394296,21.0625
4.519915366172791,-15.06581506729126,12.285212516784668
4.806759548187256,-9.4760892868042,12.285212516784668
4.55135715007782,-3.869900643825531,12.285212516784668
4.857602579468773,-26.94900613914829,10.833333333333332
4.006892585054747,-46.83917704127178,5.785714285714286
4.907466703179888,15.580014174406749,15.8728575025286
4.798577575790697,-28.804368821957915,10.0
4.933022883705583,11.199226610872731,16.05708336830139
4.959424655175265,27.80586126212691,19.1
4.778184604644776,21.081457328796386,15.6850004196167
4.9500133991241455,-18.563612620035805,12.285212516784668
4.744576315085093,-13.063673734664917,12.285212516784668
4.870844108717782,-7.486754826136998,12.285212516784668
5.2412202753652455,-31.533502479713402,8.833333333333332
5.197095079258769,-34.67859294737232,7.875
5.3019972698285365,-0.9811560850893022,13.880868752797443
4.815468788146973,17.535504477364675,15.6850004196167
5.018344879150391,-16.497694110870363,12.285212516784668
4.919272005558014,-10.95528268814087,12.285212516784668
5.161363323529562,-5.373718976974487,12.285212516784668
5.041688969494089,42.20291821622884,22.0
5.224353979511661,-37.67620004974199,7.0
5.027537703514099,19.51403490702311,15.6850004196167
5.020374527944131,-20.115266377878932,12.244467871529714
5.064035160200937,-14.274396828242711,12.285212516784668
5.038790464401245,-8.626230319341023,12.285212516784668
5.0479960508496475,-34.14252946776864,8.0
5.224158026554523,-3.267480961578202,12.456691265106201
5.279050686048718,16.387425696332002,15.816500377655029
5.1543191321241295,35.596178966887294,20.9
5.343489778391415,31.36944571976165,20.0
5.122496502478814,-30.48506904981422,9.166666666666668
5.815388929194757,22.433061810184668,16.39535747255598
5.17683200041453,-17.59934171040853,12.285212516784668
5.2387310436793735,-12.166005952017649,12.285212516784668
5.32930942944118,-6.513194492885045,12.285212516784668
5.170759240302173,-33.146201981871,8.166666666666668
5.10855532067536,-44.15927902865308,6.125
5.509062664849417,18.357464245387487,15.6850004196167
5.8151749496545975,10.370426500935547,15.979617881774903
5.510163724875533,-28.42752594448052,10.0
5.646409645378532,-24.25341598975568,11.806086608341761
5.490998715162277,-15.580875217914581,12.285212516784668
5.532973085130964,-10.13469307763236,12.285212516784668
5.37103054563897,4.625508307942585,15.536943054199218
5.3881819645563755,-4.409447968006134,12.285212516784668
5.607515117724158,27.427354094168898,19.1
5.947172943712424,-37.24374096903516,7.0
5.616821354030244,41.831238861096566,22.0
5.523674488067627,20.410424777439662,15.6850004196167
5.754841621597267,-26.38371646516898,11.0
6.2989167744167815,-1.8613533756146246,13.758803129196167
5.781625986099243,-18.988747596740723,12.285212516784668
5.665694355964661,-13.472484350204468,12.285212516784668
5.8234922885894775,-8.021657307942707,12.285212516784668
5.734234859632702,17.09340542503073,15.816500377655029
5.595776335824052,-36.63327073104466,7.071428571428571
5.895444404528945,-29.90412149363038,9.285714285714285
5.917962006160192,-16.887353215898784,12.285212516784668
5.840390205383301,-11.364092985788982,12.285212516784668
5.853104225658058,35.75986596178473,21.0
5.992975854873658,-5.798854398727417,12.285212516784668
6.005199511845907,19.25385411580404,15.6850004196167
5.902688253209783,-35.682951528335145,7.25
5.876184912967641,-27.65477096461011,10.2
6.367082095426712,31.566080163758127,20.166666666666664
5.9637206186775575,-20.538039816411906,12.256691265106202
6.064899109845328,-32.75535919628739,8.25
5.474428308960116,41.12646402283664,21.9
5.963652467727661,-14.664056491851806,12.285212516784668
5.991438627243042,-9.161132778440203,12.285212516784668
5.69328522587254,5.641522907923995,15.636943054199218
5.977300192692218,-3.753073612945389,12.456691265106201
5.969228082822942,-44.926678085985635,6.055555555555555
6.548489187744542,21.661706431855457,16.23750034968058
6.013656854629517,-18.138888676961265,12.285212516784668
5.957400355433913,8.972055445133531,15.813466889517649
6.267353739057269,-12.67057146344866,12.285212516784668
6.055523157119751,-7.171798324584961,12.285212516784668
6.218632998674178,17.63171182508114,15.849375367164612
5.932636061523853,26.3071947773061,18.597857202802388
6.327823519706726,-16.12042236328125,12.285212516784668
6.443586365433179,-25.85445278847056,11.1
6.379256868362427,-10.712067985534668,12.285212516784668
5.822077722524337,3.572963512797021,15.411283356802805
6.199284054237875,-30.782227241610535,9.083333333333332
6.225006818771362,-4.948995371659597,12.285212516784668
6.396334838867188,20.038146781921387,15.6850004196167
6.152424703971035,35.10207663818451,20.9
6.660328307637167,-23.633634528689086,11.957042503356934
6.484192252159119,-19.55278237660726,12.285212516784668
6.502519170443216,-14.012031555175781,12.285212516784668
6.5296840362379625,-30.224797438082717,9.25
6.520846366882324,-8.471280038356781,12.285212516784668
6.111387310419023,6.56841805115257,15.69699764251709
6.720397967338574,-35.627495660857946,7.3
6.629428565448801,30.611796226832677,20.0
6.587025580377874,-33.063245316735824,8.25
5.79947812740502,39.993873082851394,21.75
6.65213576271611,-27.71138282561047,10.3
6.666103048548535,-31.5373256641389,9.142857142857142
6.591171774968858,-33.68658133194207,8.1875
6.798358718554178,-17.53431590398153,12.285212516784668
6.653749611911639,-28.676812081343684,10.071428571428571
6.761508464813232,-11.772903601328533,12.285212516784668
6.719189405441284,-6.4574584279741565,12.285212516784668
7.048726372839516,18.504240688549558,16.109643186841694
6.822131804469472,-32.39040928913208,8.9
6.900005185174539,-46.05381441191976,5.9
6.806782634072958,-25.055995316038228,11.25
6.552170343903544,-34.621991942137825,7.928571428571429
6.625775395030724,-21.451596615235687,12.22409554890224
6.833583742380142,-15.336000561714172,12.285212516784668
6.954365185346628,-29.641921413721683,10.0
6.8755581719534735,-9.889818395887103,12.285212516784668
6.718047817548117,5.282992482185364,15.796178817749023
7.024216062987991,-3.916546415059714,12.654343763987224
7.333178034160035,21.13577654431306,16.23750034968058
6.812888890161576,16.420091635846774,16.601785864148823
6.850481708844503,-18.678435802459717,12.285212516784668
6.930624224077707,25.927084396786043,18.614166736602783
7.041385889053345,-13.360006523132324,12.285212516784668
7.373506133785133,9.125673840536585,15.915074507395428
6.930707624980382,-7.70434924534389,12.285212516784668
7.055489034334245,7.505627453248852,15.830149014790852
6.9003443618413876,-36.21934858436457,7.166666666666666
7.090340832335576,-32.944719317581786,8.9
6.975703416385285,-36.879867611343954,7.166666666666666
6.710012831039883,34.774751032363355,20.9
6.976770246000894,29.863550219575373,19.9
7.092611142049621,-30.453640441127448,9.833333333333332
7.025177359580994,-16.57004507382711,12.285212516784668
7.149868822097778,-10.986821746826172,12.285212516784668
7.265389971143275,-35.03437117746519,8.1
7.161609939107445,3.4276557600655364,15.580149014790852
6.668115353382085,40.194280659109666,21.875
7.061831633249918,-5.488542795181274,12.285212516784668
7.228793182259546,19.527470829349014,15.877917051315308
7.186758327484131,-20.116818046569826,12.285212516784668
7.4236373106638585,-14.420841693878174,12.285212516784668
7.11951765044196,-37.49739998456376,7.166666666666666
7.3340237481253485,-8.91625806263515,12.285212516784668
7.459015846252441,5.995085273470197,15.796178817749023
7.559963831977158,-26.16172002811279,11.166666666666668
7.267928088774614,-27.039559748685292,11.0
7.37309879239147,-44.17499452972895,6.125
7.437313762231734,-23.977022094178558,11.828521251678467
7.518831859759084,-35.65676627609879,8.0
7.528819227218628,-18.116335678100587,12.285212516784668
7.429746508598328,-12.57392470041911,12.285212516784668
7.671837568283081,-6.992360949516296,12.285212516784668
7.704183088571005,8.047597863311122,15.81316391626994
7.756057838292088,-33.262965604037376,9.166666666666668
7.7159841202451265,-30.98737467574812,10.1
7.710612378733156,-22.003165806539776,12.273475011189777
8.095403420728903,15.674314471001809,16.9478862285614
7.265924862467145,34.45132190450127,20.9
7.809879223505655,-15.965472857157389,12.285212516784668
7.7218420028686525,-10.467193698883056,12.285212516784668
7.554192582766214,4.743883689244589,15.796178817749023
7.87529816495941,-25.181964507670024,11.333333333333332
8.359985676763705,-4.151704800188708,12.866952691759382
7.67969928846723,-34.15570833356702,8.833333333333332
8.000031435607514,26.02134719367293,18.973750034968056
8.263219563898648,20.812245109120084,16.57950029373169
7.153690351133717,-38.593504792424206,7.0
7.939012262992383,-37.06912851000075,7.916666666666666
7.9040548891763045,-36.31713418201446,8.071428571428571
7.785958875437535,29.790850385123196,20.0
9.102954491195476,37.150673765349296,21.61764705882353
7.782115983259789,-28.00976262355193,11.0
7.826777100563049,-19.30790865421295,12.285212516784668
7.929397622744243,-13.636419773101807,12.285212516784668
7.9477247794469195,-8.095668832461039,12.285212516784668
7.953219294548035,6.892721772193909,15.796178817749023
8.001473218202591,-17.199517786502838,12.285212516784668
7.923901183264596,-11.676256929125104,12.285212516784668
8.104235924765172,3.257435469824667,15.696656465530396
7.898656249046326,-6.028090159098307,12.285212516784668
8.15945738176128,8.878347132247152,15.81656093597412
7.9624105161384975,-31.92374036214563,9.875
7.9765086112107255,-28.938146319315827,11.0
8.487992191666272,-44.2070803139953,6.142857142857142
8.146654470135001,-37.65913895203784,7.75
7.481960333944125,13.900888204096841,16.623431603113808
8.285734195762902,-34.65735911078248,9.0
8.043432631786482,-20.628786942796864,12.344778140385944
7.752993012303831,1.805724860936071,15.084622519356863
8.041910076141358,-15.115613746643067,12.285212516784668
8.218143463134766,-9.644944054739817,12.285212516784668
8.338667670885723,5.348602692286173,15.796178817749023
8.143497137085728,-29.898921879782844,10.928571428571429
7.9183658914912325,34.58226935195027,21.0
8.312296246034627,-39.59658566782271,6.9375
8.416830937067669,-18.39274994532267,12.285212516784668
8.317758083343506,-12.850337982177734,12.285212516784668
8.503449964523316,-7.417496299743652,12.285212516784668
8.508876657485962,7.570937967300415,15.796178817749023
8.471634021686322,-23.67342768556111,12.020372322627477
8.641349682459289,29.601430892829462,20.07142857142857
8.067813461468866,24.722796725670104,18.43700008392334
8.641491985321045,-16.39060859680176,12.285212516784668
8.621459245681763,-10.856853008270264,12.285212516784668
8.433844225747244,4.097401074000768,15.796178817749023
9.072333057807718,-4.99389276580405,12.737677097320557
8.61464160302898,9.584326860945882,15.81656093597412
8.870455311342266,-35.26528523098576,9.071428571428571
8.808091302682753,-20.272879419428754,12.428170013427735
8.648120476154677,12.958848598118738,16.574044704437256
8.671976747743376,-32.45299922095736,10.0
8.705576351710729,-14.401273591177805,12.285212516784668
8.700256268183391,-8.765952984491985,12.285212516784668
8.570879983901978,6.198344755172729,15.796178817749023
9.077617892402502,-45.1871932378065,6.0
8.692528774900712,-37.847157119734106,7.75
8.149393638052528,0.6985669979052818,14.879617881774902
8.97255630493164,-17.714577674865723,12.285212516784668
8.42975708293148,33.8400829735301,20.916666666666664
8.856624762217205,-12.198313474655151,12.285212516784668
8.74212549656403,-28.256812185167032,11.8
8.807667285191776,2.919203733602043,15.71656093597412
8.735481262207031,-6.567637284596762,12.285212516784668
8.706120427564926,-30.68069485710634,10.9
8.746255922317506,8.306297206878662,15.796178817749023
8.815034204396646,-29.083655409703347,11.8
8.843560204855478,-27.211244388743186,11.857142857142858
8.890815626412053,28.54876211866641,19.9
9.067350944720438,-25.086401152498667,12.0
8.873522837956745,-15.540749073028564,12.285212516784668
9.373017301286632,-38.33183953176924,7.142857142857142
9.165579128265382,-10.065434646606445,12.285212516784668
9.174812237421673,4.809493839740753,15.796178817749023
8.474897962540634,10.477189950531342,15.925842012677874
9.217951069874639,-35.96788153824032,9.1
9.124948339260126,24.773137710737494,18.740714345659526
9.281215323733594,-29.61649932391569,11.785714285714285
9.077716733419708,-37.5089239463596,8.0
9.576417480011976,-19.627600534670595,12.509809834616526
9.16404206412179,-13.427713257925852,12.285212516784668
9.366665322950851,-26.06828170799137,12.071428571428571
9.071757936477661,-8.006018590927123,12.285212516784668
9.126537322998047,6.876560926437378,15.796178817749023
9.021709222681316,-22.025872697143505,12.6546364625295
9.384840278939485,-23.2165016655378,12.2
8.654210687622044,-46.15847620445042,5.916666666666666
9.209799575805665,-16.979130744934082,12.285212516784668
9.249989225642736,-36.69490910000743,8.928571428571429
9.442332911290965,-24.2469608631664,12.1
9.395491409301759,-11.546288585662841,12.285212516784668
9.365839163462322,3.5758145054181414,15.796178817749023
9.868831312835685,-5.579281643366349,12.737677097320557
9.409805502210345,9.020712511880056,15.796178817749023
9.284385611856557,-33.011929012041456,10.0
9.70295795985146,12.852942921264857,16.51847152709961
9.39213203785523,0.5254977503044872,15.115711371103924
8.754973496748013,32.48500704915803,20.7
9.492233310981188,-28.399423435544456,12.083333333333332
9.658224662144978,-14.93617622057597,12.285212516784668
9.402822399139405,-9.329987621307373,12.285212516784668
9.517616203853063,5.778305121830531,15.796178817749023
9.666397746195521,11.410434870010205,15.968153272356306
9.647973810553221,20.275134771151755,17.81593757867813
10.213327892482278,29.037933302134917,20.1875
9.62878968507537,-31.230674594556852,11.0
9.728771275454005,-38.050604952126776,7.416666666666666
10.17754066018048,-18.49939924670904,12.571010430653889
9.706227488527897,-37.29661441875725,9.0
9.777743180592854,-12.607123692830402,12.285212516784668
9.512038062010166,2.1691127236810672,15.625569071088519
9.711776673793793,-7.197109192609787,12.285212516784668
9.620740549904959,7.774197203772409,15.796178817749023
9.762551839049632,-37.735348465172734,8.3
9.927694518514894,24.17483920253848,18.740714345659526
9.7909578000031,-45.29699838947469,6.0
9.753919328962054,-16.187712260654994,12.285212516784668
9.891792706080846,-10.724038941519602,12.285212516784668
10.010956923166912,4.270384788513184,15.796178817749023
9.752609411875408,9.989523808161419,15.796178817749023
10.211244416638486,-23.5741834370235,12.333333333333332
9.890255641937255,-14.086317157745361,12.285212516784668
10.042841136455536,-8.521078318357468,12.285212516784668
10.013936805725098,6.6005419254302975,15.796178817749023
9.982096696846309,-33.75237807120088,10.0
10.220076987588072,12.083610263025777,15.916560935974122
9.457288753406244,33.23246183314377,20.916666666666664
9.381076620883587,-1.0558931435549632,14.530550320943195
10.497839210705948,-28.667777189870797,12.25
10.442098628437074,-36.818773147845846,10.0
10.497882824567654,-17.503857266582003,12.530182157244
10.166103553771972,-11.821041870117188,12.285212516784668
10.297834600721087,3.054228024823325,15.796178817749023
9.910965480355854,18.76118125938299,17.83464288711548
10.459668366716977,-6.145525188454948,12.624560952186584
10.361708641052246,8.486289938290913,15.796178817749023
10.367647247897844,-37.530037084260684,9.75
9.694670408467537,27.079934149910144,19.7
10.205492245188811,-37.89928103113628,8.8
10.260741663166026,-38.38004194477212,7.333333333333334
9.968557573007844,-22.010303574988725,12.71420208613078
10.388684940338134,-15.518196201324463,12.285212516784668
10.363638384896568,-38.149392677529,8.2
10.234435081481934,-9.755123217900593,12.285212516784668
10.377360105514526,5.144658168156942,15.796178817749023
10.56907968910654,-31.83161149661779,11.1
10.430765533447266,10.551741218566894,15.796178817749023
10.551678617165155,23.3650986926755,18.80708336830139
10.262106029619307,-45.36891747181281,6.083333333333334
10.377096631447229,-36.07932226176738,9.9
10.67811709748732,-43.64909474221808,6.277777777777778
10.553921835763113,-13.371977056775775,12.285212516784668
10.567302364139174,1.7996605152717233,15.729830582936604
10.587975250583764,-34.33392460194015,10.1
10.548601269721985,-7.736656606197357,12.285212516784668
10.648585932595388,7.270133086613246,15.796178817749023
10.675261256539489,12.789589896357077,15.916560935974122
10.680782588685975,-35.24042385232677,10.071428571428571
11.038504907489646,-16.658249783434613,12.571010430653889
10.844441016515095,-11.258941411972046,12.285212516784668
10.707744479179382,3.8211274445056915,15.796178817749023
10.588754018147785,9.450414816538494,15.796178817749023
10.30137300117612,33.2138146053986,21.0
10.69143846013024,-38.84517426597368,7.333333333333334
10.852706863215753,-38.667662004657515,8.2
10.778153920001866,-38.38422771360686,8.8
10.917426832719997,-0.9565982653209839,14.972812414169312
10.882667341778506,-38.06487719958507,9.75
10.76543985094343,-14.618868350982666,12.285212516784668
10.876305059921375,-29.66794953611455,12.083333333333332
11.019136985143025,-9.150550444920857,12.285212516784668
10.790197913984047,27.770543597579177,20.0
10.743762890497845,6.01893150806427,15.796178817749023
11.045485643256143,18.488292936422326,18.1
10.927086285182408,11.373978206089564,15.796178817749023
10.511052358446832,-24.812438427067256,12.666666666666668
11.012387207576207,-12.398416655404226,12.285212516784668
11.172319316864014,2.522128093242645,15.796178817749023
11.043160065471042,-32.62349933644774,11.0
11.234116301674668,-6.663669363436055,12.673039300101145
11.058496236801147,8.037032783031464,15.796178817749023
10.920735562928993,13.512989056871849,15.99681568145752
11.43854128905784,23.20855351511051,19.1
11.413517675336163,-15.831108942641915,12.571010430653889
11.07125973701477,-10.294670502344768,12.285212516784668
11.129211346308391,4.474812348683676,15.796178817749023
11.245355174251017,-39.17254330848989,8.2
10.777718923963567,-39.90541633328159,7.111111111111111
11.140479899929424,-38.932506235738636,8.625
11.329722540719168,10.1625075340271,15.796178817749023
10.589810086579558,31.406231948884336,20.7
11.241043126656757,-23.92322542124154,12.9
11.303183852280622,-22.360256298516074,12.948943751198904
10.762532373133965,-26.971298339578794,12.666666666666668
11.400205421447755,-13.949352359771728,12.285212516784668
11.235841935846546,0.9230710733339319,15.625569071088519
11.24595554669698,-8.18627945582072,12.285212516784668
11.52823805809021,6.623650471369425,15.796178817749023
11.275057125091553,12.228406238555909,15.796178817749023
11.416485461144863,-38.7103110109844,9.625
11.247989742191148,-2.110676282934214,14.680231889088947
11.771969229052477,-25.42479419129713,13.0
11.489989393716865,-30.530140867189143,12.0
11.743142855072582,17.31235301184646,17.511544704437256
11.676053428649903,-11.684076595306397,12.285212516784668
11.520290170397077,3.37655656678336,15.796178817749023
11.75153744150957,27.640033391893454,20.07142857142857
11.468406200408936,8.80393191746303,15.796178817749023
11.073518360087235,14.549570527912154,16.159634113311768
11.624433229655159,-33.40624269751271,11.0
11.706690024768097,-15.017941588798404,12.456691265106201
11.685700436295187,-39.404337929491575,8.833333333333332
11.703810882421635,-40.278037108083794,7.25
11.74959716796875,-9.73257007598877,12.285212516784668
11.71926498413086,5.3899712562561035,15.796178817749023
11.73911667980279,-39.652652740055544,8.0
11.873822975158692,10.953938388824463,15.796178817749023
11.103896730368149,32.71538974404122,21.0
12.252938462888597,22.876171090578715,19.166666666666664
11.788565874099731,-13.163270473480225,12.285212516784668
11.874273300170898,1.9584879676500955,15.796178817749023
12.20453275798647,-7.145692961031964,12.737677097320557
11.75528343518575,7.587775309880575,15.796178817749023
11.938607215881348,12.942821502685547,15.796178817749023
13.052649878786484,-26.92501420305406,13.142857142857142
12.131955390941332,-38.8374977372557,10.0
12.023907661437988,-10.829573358808245,12.285212516784668
12.016610813140868,4.198793625831604,15.796178817749023
12.20937426884969,9.516024669011433,15.796178817749023
12.252147385676675,15.35934487103925,16.01656093597412
11.892822387398162,-36.13892362949734,10.833333333333332
11.953733468755805,-2.809069117126544,14.680231889088947
12.03062585316486,-40.87115466301611,7.1
12.113472209804321,-31.31907571136677,12.0
12.974864210402227,-23.345574929284165,13.214285714285715
12.16187419835208,-14.311961860099675,12.456691265106201
12.098577399935245,0.5209145898280346,15.696656465530396
12.21733573558404,-34.28525113605208,11.071428571428571
12.709265309805055,27.37445759158615,20.166666666666664
12.222250998020172,-8.815751254558563,12.285212516784668
12.225025177001953,6.174393177032471,15.796178817749023
12.408971604407444,-35.26779957420737,11.1
12.106035232543945,11.803680419921875,15.796178817749023
12.315015940299217,-40.20526406304752,8.083333333333332
12.574569588711245,-28.50034463631703,12.916666666666668
12.823625982898001,-22.22762651752175,13.3
12.18514334490363,-37.32884651965044,10.833333333333332
12.23132661263675,-39.619787944187465,8.857142857142858
12.402267387935094,-12.342680794852122,12.285212516784668
12.38003357251485,2.742909848690033,15.796178817749023
12.496251446860178,8.299868038722447,15.796178817749023
12.153216486694859,21.64329940722589,18.9
12.28657808303833,13.79724998474121,15.796178817749023
11.798330310521026,32.304563206736105,21.0
12.409980294772948,-41.322387077501396,7.1
12.254966149772674,-29.455081814378666,12.75
12.520208835601807,-10.007323837280273,12.285212516784668
12.694766839345295,4.7610109845797215,15.796178817749023
12.575777053833008,10.390298048655193,15.796178817749023
12.567390319208272,16.06855798661095,16.071656465530396
12.592655246653088,-40.717780064076884,7.9
12.633314080098142,-32.181044134374,12.0
12.245267963237701,-3.9839319059907137,14.387651364008587
12.742950223303163,-39.35188769360889,10.0
12.677680216530458,-39.994840724033196,9.1
12.617058467303497,-13.605982131400944,12.456691265106201
12.734016759055002,1.3248412082237857,15.796178817749023
12.783878940377324,26.374286186310474,20.0
13.059255576042348,-7.504674600044487,12.828170013427734
12.63493503843035,6.941292728696551,15.796178817749023
12.89051040013631,12.4083993434906,15.796178817749023
12.82153318131848,-40.57575297180737,8.833333333333332
12.750121688842773,-11.48817720413208,12.285212516784668
12.746436357498169,3.6171831488609314,15.796178817749023
13.04035177230835,9.091298866271973,15.796178817749023
12.950127737862722,14.511665344238281,15.796178817749023
12.49397735581394,30.482509780139374,20.75
13.360630780164584,-15.29689740743217,13.589128911495209
12.975488076605298,-38.102196130811464,10.9
12.943856189143045,21.318816421107464,19.0
12.742022868230698,0.011904817853861355,15.663482348124187
13.198546409606934,-9.445223410924275,12.285212516784668
13.037570817129954,5.729822260992868,15.796178817749023
12.552830706343762,-41.98017381802241,6.9
13.057938371385847,11.269257886069163,15.796178817749023
13.419615957499088,17.210508587176697,16.640127726963588
13.054651834046867,-40.94682617218801,7.916666666666666
13.13311174753113,-33.05280551267937,12.0
13.328543153922695,25.77102096986637,20.0
13.236782494752505,-40.07133297730974,9.785714285714285
13.90603775711401,-13.189348561720028,12.880576054255169
13.081987667083741,2.1792696595191954,15.796178817749023
13.323517977332255,-29.752993550704723,12.916666666666668
13.269583988189698,7.6108838558197025,15.796178817749023
13.261726052446475,-16.578983876571264,13.757042503356933
13.233314309801374,13.37721061706543,15.796178817749023
13.278679323733368,-40.68666352092539,8.7
13.294241428375244,-10.696758951459612,12.285212516784668
13.530911525090534,4.221902151902517,15.796178817749023
13.277731037139892,9.826658153533936,15.796178817749023
13.408690248216901,15.485163007463727,15.796178817749023
13.416379865125204,-4.105211312992463,14.680231889088947
13.776250620034808,-17.412539598762724,13.880868752797443
13.528297203129828,-41.06904443374002,7.0
13.55786528025018,20.64867718929241,19.0
13.65408695835258,-33.824625618238294,12.1
13.685920397440594,0.7904188167303801,15.796178817749023
13.903210866153914,-8.098171937232188,12.866952691759382
13.651223341623943,6.550443212191263,15.796178817749023
13.587297439575195,11.959141850471497,15.796178817749023
14.072809614119834,31.838132267048074,21.2
13.669034168771013,-38.65437874351056,11.0
13.594721668440698,-40.557346419569,8.625
14.29131811301468,-30.423806007344275,13.0
13.590389521193815,25.00645766927843,19.9
14.148554432352524,-12.02395915668951,12.673039300101145
13.721938848495483,2.9882228523492813,15.796178817749023
13.658012390136719,8.396921594937641,15.796178817749023
12.92721952395546,-20.47674119028315,13.612173216683523
13.762673377990723,14.067094683647156,15.796178817749023
13.940887808367087,-18.574818219583513,13.89788750239781
13.967113441785768,-34.774117527291196,12.071428571428571
13.545722365465597,-0.5672538068283774,15.663482348124187
13.929007053375244,-10.027242851257324,12.285212516784668
13.897314310073853,5.096175312995911,15.796178817749023
13.833388328552246,10.504874388376873,15.796178817749023
14.277951349276957,16.625370099809913,16.43694305419922
13.912965774536133,1.7545436273018518,15.796178817749023
13.922046661688713,-35.951140898783805,11.928571428571429
14.039651679992676,7.336480951309204,15.796178817749023
15.045414416945391,-31.364717550953415,13.0625
14.008764266967773,12.612826824188232,15.796178817749023
14.822603439302227,30.211246308029025,21.0
14.026042372116041,-21.08758963823102,13.875
14.047285276110596,19.790337575138516,18.679617881774902
14.645544460265196,-38.661906995367204,10.857142857142858
14.760689784055732,-11.183741131421645,12.737677097320557
14.227699160575867,3.772644728422165,15.796178817749023
14.20710563729551,-4.720508606637491,14.680231889088947
14.79092022856276,-19.954841339530365,14.083333333333332
14.152215685163226,9.294558150427683,15.796178817749023
14.1841402053833,14.720779577891033,15.796178817749023
14.138178011546135,-37.0548083634146,11.833333333333332
14.31516814366147,24.86140361338262,20.0
14.415746021270753,0.20880835950374604,15.796178817749023
14.626926043993882,-9.002757623503522,12.673039300101145
14.268884468078614,5.856065893173218,15.796178817749023
14.423442006111145,11.420033276081085,15.796178817749023
14.217321111203884,-32.91887028885306,12.75
14.697440942128498,2.3592625558376312,15.796178817749023
14.674300806862966,8.006072112492152,15.796178817749023
13.919174604327424,29.493721921994656,20.75
14.502967493874685,13.510463305882045,15.796178817749023
14.441452771776579,-1.2843402850896126,15.646895289421082
15.172620592697552,-10.361763449636502,12.737677097320557
14.75705827985491,4.462528586387634,15.796178817749023
14.849676745278494,10.114024707249232,15.796178817749023
14.916966888552777,15.841176237704952,16.253867558070592
14.627459243632835,24.204060491806885,19.92857142857143
14.792617457253591,1.108060936842646,15.796178817749023
14.812984875270299,6.647496700286865,15.796178817749023
15.107052278831468,19.933432661091235,18.8796178817749
15.013495524724323,12.33519212404887,15.796178817749023
14.728839029405957,-37.69753901810597,11.875
15.01468555479575,-5.317068385267439,14.680231889088947
14.924486319224041,3.323387285073598,15.796178817749023
15.051172637939453,8.90532488822937,15.796178817749023
15.104578097661335,14.312407493591309,15.796178817749023
15.716649768937714,29.379593506800735,21.0
15.627887999372922,-32.91164236465407,13.0
15.303145408630371,-0.06721044207612673,15.796178817749023
14.993617979296284,-21.543913599334964,13.857142857142858
15.887196802962931,-9.450815683351806,13.190141677856445
15.215620858328684,5.43602626664298,15.796178817749023
15.259587049484253,10.880924224853516,15.796178817749023
15.4929057482139,23.746258904444595,20.0
15.533585548400879,1.820153663555781,15.796178817749023
15.447633934020995,7.317087888717651,15.796178817749023
15.519255717595417,13.119613567988079,15.796178817749023
14.777009033538064,28.602870154842684,20.75
15.261687440382106,-2.0109506685909873,15.636943054199218
15.602642440795899,3.8856046199798584,15.796178817749023
15.739524875902877,19.333572673941468,18.756596973964147
15.9889584400781,-33.84416608629161,13.0
15.729328711827595,9.467541853586834,15.796178817749023
15.858759422612392,15.354605053694602,16.330149014790855
15.857288395301246,-34.78588556227139,12.9
15.691573905944825,0.7188274994492531,15.796178817749023
15.829273382822674,6.25664726893107,15.796178817749023
15.681053876876831,11.53460915883382,15.796178817749023
16.170712280136453,-5.496525143597827,14.972812414169312
15.761712970364027,-36.06898771097676,12.666666666666668
15.87638943535941,2.7889649186815535,15.796178817749023
15.82450532913208,8.216340507779803,15.796178817749023
16.025016387303673,13.904035409291584,15.796178817749023
16.78562867273462,23.99163036456413,20.25
16.257899393988026,28.289148590731198,20.92857142857143
16.078595570155553,-0.8315941723329681,15.796178817749023
15.991071303685505,4.671642621358236,15.796178817749023
15.956374168395996,10.431666612625122,15.796178817749023
16.045561442828877,18.298819871219084,18.459235763549806
16.263411426544188,1.238543252646923,15.796178817749023
16.813026449014977,-20.37848592571209,14.25
16.217701721191407,7.042685270309448,15.796178817749023
16.294705867767334,12.355230058942523,15.796178817749023
16.108618001066986,-2.375800578527647,15.663482348124187
16.372710132598876,3.6112019777297975,15.796178817749023
16.565472841262817,8.928433219591778,15.796178817749023
16.187976029756065,-6.879836966534699,14.536660385131835
16.675574921601306,14.9966780442595,16.43694305419922
15.84213521936887,22.185034689494636,19.75
17.745489280506185,28.056092357049547,21.125
16.537158012390137,0.14190350153616496,15.796178817749023
16.496831576029457,5.4560645421346035,15.796178817749023
16.697342259543284,11.143759454999651,15.796178817749023
16.651839892069496,2.0245812237262726,15.796178817749023
16.85235071182251,7.712276424680438,15.796178817749023
16.642676639556885,13.209658527374268,15.796178817749023
16.002668634207943,26.99181668608854,20.714285714285715
17.056131792191074,18.259633658156353,18.756596973964147
16.924180030822754,-1.4085182011127473,15.796178817749023
17.007359232221333,4.280793155942645,15.796178817749023
16.792518297831215,9.892558018366497,15.796178817749023
17.37004805255019,-21.398712502005907,14.2
17.34255823685526,-7.181998536644591,14.811900275094168
17.15081055959066,0.9625244475901127,15.796178817749023
17.08688509464264,6.3712233901023865,15.796178817749023
17.10725212097168,11.910658955574036,15.796178817749023
16.951217490007963,22.241850271940592,19.916666666666664
16.833469490061532,-22.546031383494572,14.0
16.936331340737937,-2.9316684996847293,15.663482348124187
17.146043096269878,2.9222176415579657,15.796178817749023
17.396450996398926,8.503707027435302,15.796178817749023
17.48711305489579,14.314036005290538,16.39689528942108
17.31260840098063,-0.6224802397191525,15.796178817749023
17.384230613708496,5.180045747756958,15.796178817749023
17.576994260152183,10.497277021408081,15.796178817749023
17.749786494027628,26.842495323239355,20.92857142857143
16.342087761380107,-24.035653686244565,13.833333333333332
17.96941832595292,-8.038053992995867,14.928521251678466
17.645279392880937,17.478501635039827,18.63269646962484
17.656570752461754,1.7469462752342224,15.796178817749023
17.592645406723022,7.155645251274109,15.796178817749023
17.613012313842773,12.695080935955048,15.796178817749023
18.267004736072096,-8.830466846005633,14.928521251678466
17.823136057172505,-1.7977516267980849,15.796178817749023
17.88701105117798,3.63431038459142,15.796178817749023
18.023699414755306,22.251472687174925,20.083333333333336
17.628663221995033,9.35344910621643,15.796178817749023
17.37979201340765,-14.885377549489894,14.628521251678468
18.25834380213759,-9.778823211317146,14.71420208613078
17.624712117903393,-24.851223105551913,14.0
17.926260948181152,0.19814069462674005,15.796178817749023
18.062386671702065,5.742262840270996,15.796178817749023
18.653091204517533,-12.881273209875765,14.755030359540667
17.804039796193443,11.461401859919231,15.796178817749023
18.378908916224468,-11.476181001123631,14.71420208613078
17.18672529419515,-16.097764715017913,14.75
17.674030972546213,26.146177704015248,20.8
17.885180928569156,-10.90038243590771,14.557042503356934
17.850053048661067,-3.212239873239638,15.71656093597412
18.162330945332847,2.5313681463400526,15.796178817749023
18.01411215464274,7.809329946835836,15.796178817749023
18.428104193529236,13.829047946063207,16.43694305419922
18.320896951662224,16.938733104090343,18.63269646962484
18.317339261372886,-0.9001151199142139,15.796178817749023
18.22981493813651,4.6031215361186435,15.796178817749023
17.667903125231163,20.59750406727229,19.7
18.41313854853312,9.958168029785156,15.796178817749023
16.775897782533622,-27.312231077126473,13.714285714285715
17.81386457798991,-17.062792084550495,14.8
18.274231910705566,1.052569180727005,15.796178817749023
18.289432048797607,6.706387678782145,15.796178817749023
18.588514804840088,12.066120862960815,15.796178817749023
19.576313714724762,-25.040588759463432,14.214285714285715
18.5964693069458,-2.4867358565330506,15.796178817749023
18.583797693252563,3.185053050518036,15.796178817749023
18.408275263180897,26.017502888651293,20.875
18.50831535884312,8.706966638565063,15.796178817749023
18.872996711730956,-0.22189894726034254,15.796178817749023
18.89336452484131,5.317536783218384,15.796178817749023
18.640183925628662,10.922292868296307,15.796178817749023
18.10764989137134,-18.108060930910547,14.75
19.338118894491863,16.876176746711522,18.983014901479088
18.415232693973586,-4.21046154581336,15.640127726963588
18.937781606401714,1.766984407390867,15.796178817749023
18.93454964955648,7.400958100954691,15.796178817749023
19.163141977138533,21.696822417981643,20.142857142857142
19.06956475733518,13.206945901899399,16.330149014790855
17.92216233480678,-28.14800255479095,13.8
18.98489761352539,-1.7006979336341224,15.796178817749023
19.005264600118004,3.8387378454208374,15.796178817749023
19.24928331375122,9.419059435526531,15.796178817749023
19.249700121257874,-18.65741551803743,14.875
19.629752110858846,26.281892351655372,21.07142857142857
19.105209986368813,0.6278430735886407,15.796178817749023
19.241335460117885,6.171965292521886,15.796178817749023
19.318339920043947,11.484510135650634,15.796178817749023
19.368508798389378,-2.865181338723964,15.81656093597412
19.396343912397114,2.7404820663588385,15.796178817749023
19.5361601965768,8.202902385166713,15.796178817749023
19.766458216152465,20.82756078601504,20.07142857142857
19.598550115312847,-0.8800769988281121,15.796178817749023
19.68437547784268,15.949256083406542,18.63269646962484
19.511024792989097,4.623159726460775,15.796178817749023
19.592087200709752,10.387870243617467,15.796178817749023
18.896735376106342,24.976804570695762,20.75
20.052758900306024,-27.301131638034718,14.083333333333332
19.88968515396118,1.232561984739732,15.796178817749023
19.73765621185303,6.994202375411987,15.796178817749023
20.001608232354293,12.571465115831426,16.39689528942108
19.644368570389624,-19.438207515587283,14.833333333333332
20.1541556447508,-2.1860887562804585,15.913482348124186
20.00999641418457,3.561103006203969,15.796178817749023
19.946069955825806,8.969801902770996,15.796178817749023
19.894511539867956,19.809388350489353,19.9
19.94135411580404,0.0887342313847815,15.796178817749023
20.12467738560268,5.443780728748866,15.796178817749023
20.088407897949217,11.210107231140137,15.796178817749023
19.89891927169097,24.658964008411594,20.833333333333336
20.552159608033232,15.508066438923166,18.756596973964147
20.106354407671823,-4.2422562735776435,15.949044704437256
19.69682644148343,-29.12458536983742,13.9
20.121897506713868,2.082304048538208,15.796178817749023
20.309493446350096,7.513918113708496,15.796178817749023
21.06946080435523,-1.3691242435331983,16.097134113311768
20.515756607055664,4.345524926980337,15.796178817749023
20.475429126194545,9.659685816083636,15.796178817749023
20.089463747845876,-20.954189488478345,14.722222222222221
20.61951026916504,0.6509515527868643,15.796178817749023
20.583240781511577,6.41727842603411,15.796178817749023
20.879527763278354,11.891755254550795,16.330149014790855
20.451839237830953,19.37372513647244,19.9
20.677554766337074,2.760520249605179,15.796178817749023
20.686364718845912,8.413170507975988,15.796178817749023
20.74463139331617,-5.334567799300803,16.0
21.21284262096857,25.250983540637947,21.1
21.04391150766535,14.709132371805701,18.63269646962484
20.896533132096053,-29.980896598238246,14.0
20.870391406900957,-0.43253127681810755,15.896497249603271
21.07141399383545,5.023741149902344,15.796178817749023
20.818233172098793,10.628497044245403,15.796178817749023
20.996381759643555,1.5502041333488057,15.796178817749023
21.19689337412516,7.2378993431727086,15.796178817749023
21.29120717729841,3.5811411312648227,15.796178817749023
20.867948827367577,24.154969259873724,20.875
21.321013832092284,9.082761669158936,15.796178817749023
21.80828440571535,19.956426102452554,20.214285714285715
21.642104574853782,-19.44492901363717,15.0
21.45047306810293,0.3195186632179948,15.916560935974122
21.9034720244225,14.333968379181137,18.983014901479088
21.30879325866699,5.759100389480591,15.796178817749023
21.668964658524544,11.333718815946167,16.330149014790855
20.976687663807724,-6.28507596684357,15.9
21.693842615400044,2.369670672076089,15.796178817749023
21.702653566996254,8.022321224212646,15.796178817749023
21.63917808532715,4.435569715499878,15.796178817749023
21.891008477298502,18.586592275007163,20.0
21.79373562335968,9.999536693096161,15.796178817749023
21.618338060582808,23.913114043308468,20.916666666666664
21.905657241686914,1.0254983323120805,15.916560935974122
21.815402956377923,13.314109431088504,18.459235763549806
21.864450772603355,6.4373163779576625,15.796178817749023
22.23794288635254,3.161101484298706,15.796178817749023
22.09108200073242,8.808359241485595,15.796178817749023
21.824978247968836,-6.83733875212244,15.916666666666668
22.183278356279644,5.227000321660723,15.796178817749023
21.153034278739163,-17.519209247949306,15.05
22.46033021466502,10.909178400991348,16.43694305419922
22.163418849061145,17.781748260687863,19.9
22.76965945100671,23.945539507963858,21.083333333333336
23.00657166258926,1.6621548381877322,16.263800779978432
22.37021096547445,7.221738258997599,15.796178817749023
22.57008217388549,12.889848404306758,18.63269646962484
22.470155239105225,4.010843555132547,15.796178817749023
22.66291904449463,9.32807502746582,15.796178817749023
22.880739212036133,6.046466861452375,15.796178817749023
22.0247749817105,22.04731183307805,20.666666666666664
22.907588087771174,-0.31104861986106347,16.74880588054657
23.29735337071578,17.722238164174758,20.166666666666664
23.200606908524506,2.6495437526127477,16.163482348124184
22.960264563560486,8.136897146701813,15.796178817749023
24.233110616338926,-16.627872464029714,15.25
23.1544715343359,12.262596857442357,18.63269646962484
23.115272839864097,4.7054138382275905,15.796178817749023
23.146516853370727,10.213123855345769,16.253867558070592
23.659264656212162,-5.922322848171188,16.3
23.193280844658066,16.75848327350365,20.0
23.3749426205953,6.944103399912516,15.796178817749023
23.791701741450595,-1.2170773213928223,17.0796178817749
23.39571616703047,3.4978445436448924,15.979830582936605
23.69545988197291,23.253060880400383,21.083333333333336
23.43298625946045,9.053672122955323,15.796178817749023
23.736803150066898,16.118778495629826,20.07142857142857
23.760390440622963,5.399984280268351,15.796178817749023
24.19027848389411,-19.552884881303175,15.071428571428571
23.801806571622137,11.692179924176216,18.63269646962484
23.344527795915006,-2.4463185008484647,16.849522352218628
23.9306001663208,7.622319602966309,15.796178817749023
22.622158161703226,-7.924533389510018,15.857142857142858
24.083237458845435,15.506889884006691,20.1
23.975102587387248,4.251547821270355,16.01656093597412
23.984293670951466,9.613639472943682,16.11656093597412
24.047149081239503,22.497031631578636,21.0
23.755085732695868,14.63005638000939,19.833333333333336
23.992602920532228,6.249726343154907,15.796178817749023
23.79938004509085,-3.938455998781361,16.785714285714285
23.070152216672525,-21.438009727671716,14.875
24.767685595997666,11.15965173835651,18.649283528327942
24.16281223297119,8.472061435381573,15.796178817749023
24.464862073269096,4.793786356730919,16.071656465530396
24.34572235244871,14.084924059043693,19.9
24.8952396253634,21.978291670898244,21.055555555555557
24.65615340641567,6.964141641344343,15.796178817749023
23.832159115278493,-8.025489624363752,16.0
25.326390152317682,-3.7926040621904944,17.1
24.97143622388451,9.367483301176264,16.413482348124184
25.01517260950137,5.651626083217156,16.18243898664202
23.695173200405367,-22.571843664358415,14.8
25.01584020936889,13.740088974738711,20.0
26.17884455256071,21.90794765669125,21.285714285714285
25.11471598488944,7.937639270509992,15.796178817749023
24.53199009759681,19.418858712448035,20.75
25.0630725103577,3.630125702911946,17.284349577767507
21.83629779571718,28.05479019768842,21.615384615384613
26.45269397449016,20.995670307906643,21.3
25.48182838820128,18.87700893776956,21.0
25.85443127948661,6.454196795044373,16.43694305419922
25.38432978374656,-5.082172709635884,16.833333333333336
26.077549449242248,20.174356071460224,21.22222222222222
26.194257376628535,9.262306340478206,16.847134113311768
25.62903608132302,18.077760645459918,21.0
24.599344301362294,-9.92798165675607,15.833333333333332
25.593149185169587,13.24283614199366,20.0
25.74590777250302,17.41801569857129,21.0
25.999866679021046,2.939582070282791,17.89945411682129
26.21150616345605,-20.90540177962017,15.0625
26.07895917295913,7.226863287165953,16.330149014790855
25.480576470065536,26.4210032424407,21.8
26.135893510275757,16.816333757652203,21.166666666666664
25.687745409382927,16.158985151794127,20.9
25.80758110250713,15.362053747755677,20.875
26.62415193512474,1.877815708518138,17.98544134412493
26.273732440240746,12.954066355769942,20.1
26.442707439924916,-5.556538874822768,16.785714285714285
26.389449579780525,14.759172382972835,21.0
26.731712423394917,8.381864798223503,16.763800779978432
25.57840266733747,27.775578364038424,22.1875
27.674365939374567,-8.325817742862522,16.0
26.8139130626501,0.7371373969963135,18.0
26.80986307192732,14.205022077125935,21.0
26.967451158345632,12.605080529191259,20.166666666666664
27.14504920104827,15.34418563350449,21.916666666666664
26.992598319723143,16.095104151207124,21.833333333333336
26.481119434669196,25.61393367337658,21.785714285714285
27.08565886914999,14.76934146452947,21.75
27.570866522021888,-5.174277550741996,17.0
26.843021349892194,-0.19371251417127752,17.9
27.624394996109096,-6.781671138137716,16.166666666666664
27.327167397550454,13.723798677400314,21.0
27.565227493690188,16.60956161391821,22.1
27.075029090209032,11.547178368693842,19.47088268824986
28.23262697104863,7.751217256460954,18.912022352218628
27.618302256311225,17.215664953024078,22.0
27.778288571182653,14.551340154215055,22.0
27.281189560986128,-1.162007054335448,17.857142857142858
27.06614638589626,5.224699072284742,18.299363136291504
27.773116591663417,6.449271871243331,18.549363136291504
27.920243987389817,13.406774871402805,21.1
27.810704537251382,17.838553217528933,22.0
27.918566964063512,-6.367409548873606,16.25
28.261287468263017,-5.5887419963000955,16.9
27.92476712943835,11.272802799918598,19.779617881774904
27.795746883345622,18.61547273108134,21.92857142857143
28.285830025834663,25.70199732793974,22.125
28.341796373016557,14.025905544596444,22.0
28.16601376054855,24.824697813117503,22.0
28.25433776069913,12.865298519195576,21.0
29.280902218001494,-0.48771770793520874,18.3
28.445999840626353,19.17215099011094,22.1
28.54601691235961,5.330407617861518,19.0
28.18120108113318,10.530857763052218,19.466029802958168
28.122988381691236,23.86380513829164,21.9
28.524195588391713,12.246565841418985,21.0
28.715194284166138,19.713962100422435,22.1
28.845418543557336,13.566716913681297,22.0
28.72107148231124,23.468756129382328,22.0
28.488638392284052,-2.3467767410324587,17.88888888888889
28.808117309107807,11.621110629445717,21.0
28.955301520885328,20.432379126021623,22.125
28.37390134313246,21.73237928521631,21.9
28.971650538691023,21.213797868977224,22.1
28.940771857880847,22.498886333062337,22.083333333333336
28.943879794674082,-6.436650786285626,16.214285714285715
29.112357763259254,-5.28154536543052,17.1
29.701292471083455,23.14274293655611,22.3
29.07336987268967,11.027017033641084,20.9
28.508581955379668,15.779924475414507,22.666666666666664
28.782066694382586,9.977798540494398,19.733014901479088
28.839247673379894,16.47783444461389,22.8
29.236012582661694,13.040376737945149,22.0
29.323272676757924,12.268314301118878,21.916666666666664
29.754688167339182,5.62078557328665,19.25
29.304444995983673,-3.2782233397146747,17.833333333333336
29.466554399818826,16.793705387726803,22.875
29.394484043854572,11.504200625242769,21.7
29.280676347651706,17.906608994811922,22.8
29.20070932662637,15.3885920962291,22.833333333333336
29.61434517502125,10.721960523276305,21.0
29.551486033509917,9.78795518232679,20.1
29.410176056236935,18.423739253898557,22.75
29.734634980981177,4.626829868748109,19.0625
29.967447818518796,-6.503361352360351,16.25
29.99942853800863,-5.484817326469331,17.07142857142857
29.875202306352886,14.74751458234423,22.833333333333336
30.124939434601472,11.648419456870826,22.0
30.637759974010216,-3.0971702661433986,18.07142857142857
30.04893089056587,18.316422608247507,22.857142857142858
30.26012349451041,9.369012292086534,20.142857142857142
30.466711599316664,3.978768413067363,19.1
30.262800949197914,10.48851189822516,21.0
30.329682731563757,14.057580797943647,22.8
30.752819419772038,3.205303993740337,19.07142857142857
30.083151855731945,-7.038743800371336,16.142857142857142
30.73340771397687,11.203954893281761,21.9
30.994124119192403,-3.870979894787336,18.0
30.749187500622774,18.49151705878583,22.833333333333336
30.853624372040972,-5.994085474809237,17.0
30.94866153944992,9.047855002551756,20.25
30.73663270835884,8.4031890407088,20.083333333333336
30.2097534966869,1.642160666352547,18.785714285714285
30.465609475877535,21.901572057250604,22.75
30.688130790812686,13.468109700977568,22.75
30.949805161175743,10.275069460131217,21.166666666666664
30.97746863604359,19.18189657950672,22.875
30.629769908320394,21.260723746308123,22.8
30.557155065122394,22.516516545458582,22.75
30.380851116839416,7.2436204721654,19.785714285714285
32.177289996960326,19.65338088887786,23.0
31.361733396595113,11.330431635868166,22.1
31.388582240850063,9.707423051779593,21.0
31.6920685232598,-4.247161641975572,18.0
31.469039484583725,1.5609838214056255,19.0
31.36966234031991,12.983310568860645,22.75
31.13412061485159,22.518701518711076,22.916666666666664
31.08324321627845,-7.518889969732055,16.2
31.66619864640697,-6.455908238456451,17.0
31.464868454168514,6.96658051635,20.0
31.241570230597752,23.345366014204195,22.72222222222222
31.816183026422134,9.170197063320368,21.0
32.16478188877082,10.838201093396687,22.07142857142857
31.922783732321342,1.038173751929869,19.0
32.46292202883774,12.942161046757146,22.857142857142858
31.76066824819619,-8.043130446660175,16.2
32.47285697174834,-4.785825822360071,18.0
32.403934153510114,10.04330478802542,21.9
32.23802130972747,6.785121385060094,20.1
32.43700755230333,-6.987060399328369,17.0
32.22548494660986,8.553133010226464,20.92857142857143
32.32265017435694,0.12689893985312756,18.92857142857143
31.95558924364714,14.49615787267678,23.0
32.984266857759614,9.688016682461281,22.0
32.76691650899754,8.049772827959918,20.9
32.41041156793298,6.026976269979043,19.9
31.28008112323525,-10.72606466311554,15.944444444444445
33.026787374821915,-5.462865241201634,17.9
33.21692544751818,-7.48844402378837,17.0
33.77531196847144,0.3438741589348667,19.166666666666664
33.470670191864926,9.142445684735272,21.92857142857143
32.593391677766334,15.553386980536573,23.0
33.506702909719735,7.769584455707175,20.9375
33.305065929135594,5.897924392546744,20.07142857142857
33.84211738370416,-9.144240884402592,16.25
33.653383490582,-1.1090610104742329,18.92857142857143
33.90442239049681,-8.076622095389453,17.0
34.04751747052971,-5.633960334078418,18.07142857142857
34.28705925873912,14.139189294288979,23.083333333333336
34.1531261874451,8.9148721129472,22.0
35.22400684114831,13.155049970638071,23.125
34.119982339098,5.495021702564458,20.1
34.277570445773456,8.113792260217096,21.3
34.861227976589404,12.251430385373645,23.0
34.90259585008501,-1.4908673309811162,19.0625
34.617916770383275,-8.66281988589741,17.0
33.48914832807337,-10.810113598302674,16.1
33.86684200109971,11.035454595690588,22.7
34.74958310056031,-6.3948111388914874,18.07142857142857
34.721839210797484,8.69992004460657,22.1
34.562066610959036,7.587022404423351,21.083333333333336
33.84477685370675,4.1750233443871085,19.785714285714285
35.35385967940008,10.709073989459654,22.944444444444443
34.99186032974562,8.124295601424976,21.916666666666664
36.14367873455093,-1.7649850492600518,19.25
34.68525320941476,9.9222526162395,22.75
34.57944696993404,-3.5436417762031978,18.75
35.0633561182004,7.0157756056450555,20.916666666666664
35.132286657690514,-7.231746835539722,17.9
35.285657116107444,7.699066724109498,21.7
35.334584831949314,-9.145732266237173,17.0
35.109144619807005,9.620575552057527,22.8
35.0506020088753,4.152806176680837,20.0
36.21549321993249,-3.2819489095307506,19.083333333333336
35.85846038514232,7.223683678391726,21.333333333333336
35.72347085505167,9.078284626690007,22.785714285714285
35.92970019714153,8.04400917701015,22.142857142857142
35.80110963038775,-7.600671920708301,18.0
35.65608251910528,3.6774117266108686,20.0
36.08395329851847,-4.479290272013655,18.9
36.54641964938095,-5.14014886862768,19.0
35.892426020690905,6.329244466040831,20.857142857142858
36.42432204074321,7.585332958787813,22.1
36.04832625271281,-6.408903197526681,18.7
36.31342325452475,8.66251420656965,22.833333333333336
36.54933061344796,6.899267959901678,21.833333333333336
36.65454519159877,3.6936471195286695,20.166666666666664
36.701553599098176,5.954778976806204,21.07142857142857
37.39760016459877,-5.636268700703845,19.083333333333336
37.18183017780785,9.076284954198243,22.92857142857143
37.256037600572824,6.7168439145580106,22.166666666666664
36.576819015222,2.512968255821825,19.9
37.27276007317822,5.4282848672376325,21.0
39.075078569296366,9.316079605851403,23.055555555555557
37.68667110332676,6.16816642013667,22.0
37.64366391531554,2.437302427529678,20.0625
37.91246522636574,5.186353247213551,21.1
39.44768716874549,8.691695663838109,23.1
38.2262103424023,5.7501099327321805,22.0
38.963399386601466,2.6691334157839695,20.3
38.99747432886528,7.38804585739139,22.916666666666664
38.20090581612979,4.498571123070377,20.833333333333336
38.739633051118005,5.291154255693342,21.833333333333336
38.73790873415633,1.6439584070948738,20.083333333333336
38.76792546423552,6.3682888685628924,22.8
38.47387232972191,0.5255578884958705,19.9
39.09307348832104,4.586161451228778,21.166666666666664
39.15380557451086,5.893966924241408,22.7
39.39575092464024,5.187819279090521,22.1
39.80257128036024,0.6383670818795576,20.166666666666664
39.563133413195885,4.0237024720980985,21.0
40.14253116810575,6.451987713398221,22.92857142857143
40.00577415960548,4.8558096260752635,22.07142857142857
39.34987553367224,-0.6152488398442353,19.9
40.221889504933266,3.753602765009102,21.1
40.570962964862986,4.379217488948099,22.0
41.94253614702146,7.450920731738753,23.166666666666664
39.598513507368274,-1.6143215988572097,19.92857142857143
40.54988870949445,3.1923017091696155,21.0
41.07441738501808,3.9267678662709105,22.0
41.89590229910574,6.192142798067661,23.0
40.9707114540132,2.5456925055807793,20.92857142857143
41.645873214210766,3.4665830062207434,22.07142857142857
41.418153983463,4.721658279882416,22.75
41.77428854503696,2.3264908840209686,21.1
42.098977034917766,2.9276564675606775,22.0
42.99789902165618,5.9425544962804775,23.0625
41.89411138007726,1.5485390916067094,20.916666666666664
43.33791002450626,4.931374097084241,23.07142857142857
42.62023588003339,2.4859329801896637,22.0
42.42540339044062,3.4129185766841186,22.75
42.784498148065964,3.0083585979118217,22.8
41.678085473875406,0.23381022348366454,21.166666666666664
43.40987597024311,2.44956866087956,23.0
44.83090255914745,15.217965249319386,24.0
44.74039316452327,13.587802434797535,23.875
44.943596391209105,13.251381796335131,23.875
44.73075205735333,12.645504395074154,23.833333333333336
43.711999798526136,11.16418067521759,23.666666666666664
46.02215898091097,12.314505408395945,23.9
45.837072934605715,11.209058069967671,23.8
46.58714209308542,11.058583676483629,23.833333333333336
47.24978565148165,11.206857016323736,23.9
46.84994963207983,10.20836781492553,23.8
46.970858376601996,9.469041796436763,23.75
48.02326579406347,10.737662534775833,23.9
48.29077989828241,10.938081767040254,23.9
49.766297647305606,11.992159759202437,24.0
