x,y,z
2725145.6836687694,1270753.919434318,463.0
2725146.1729963226,1270754.4253473063,463.0
2725146.7265040046,1270754.8602241315,463.0
2725147.418134495,1270754.7334488586,463.0
2725148.1153528346,1270754.6303678965,463.0
2725148.813641046,1270754.536313679,463.0
2725149.486024871,1270754.3349496368,463.0
2725150.0369413337,1270763.374597809,464.0
2725150.1584695866,1270754.1516492453,463.0
2725150.4324017107,1270750.3074345633,462.0
2725150.7758386713,1270763.2088781795,464.0
2725150.8448739443,1270753.997920932,463.0
2725150.960169751,1270750.7659210325,462.0
2725151.377852428,1270765.081053678,465.0
2725151.4908868265,1270751.2156544174,462.0
2725151.501948855,1270753.7422055546,463.0
2725151.519427697,1270763.3281503366,464.0
2725152.1094559245,1270764.650014224,465.0
2725152.1474860287,1270751.3991346573,462.0
2725152.166231158,1270753.506350934,463.0
2725152.2570041483,1270763.3571090815,464.0
2725152.7652102187,1270753.139329549,463.0
2725152.8021365884,1270751.1769450137,462.0
2725152.836774335,1270762.9035550356,464.0
2725152.8926537996,1270764.5369946347,465.0
2725153.3204707545,1270770.0211365563,466.0
2725153.3992049256,1270752.835468146,463.0
2725153.431275733,1270750.8851403734,462.0
2725153.5050313203,1270762.6593279815,464.0
2725153.7501312518,1270764.3070595548,465.0
2725153.9734463776,1270752.4264020133,463.0
2725154.048962844,1270762.13045697,464.0
2725154.086042927,1270750.651264655,462.0
2725154.238089959,1270769.6447979363,466.0
2725154.576496439,1270763.9859692398,465.0
2725154.6153645837,1270752.1417480137,463.0
2725154.725739111,1270750.3655527427,462.0
2725154.7352224137,1270761.9339753157,464.0
2725155.147425298,1270769.2310677895,466.0
2725155.2434801017,1270751.8239076221,463.0
2725155.316955479,1270761.4584875957,464.0
2725155.353527202,1270750.0552887511,462.0
2725155.3822020614,1270763.6173442157,465.0
2725155.8614570946,1270751.48607312,463.0
2725155.9902478345,1270761.1314529562,464.0
2725156.0012305835,1270749.7883280755,462.0
2725156.098506396,1270768.920779926,466.0
2725156.1941475915,1270763.2622485505,465.0
2725156.461514016,1270751.1163797122,463.0
2725156.6238774676,1270760.7186197727,464.0
2725156.6373087335,1270749.494343538,462.0
2725156.6921704058,1270775.1772736118,467.0
2725157.0083398456,1270762.9105372974,465.0
2725157.0660839444,1270768.7080068267,466.0
2725157.075555396,1270750.7699283562,463.0
2725157.2044745497,1270760.2304234828,464.0
2725157.2291223793,1270749.1212602493,462.0
2725157.2677713134,1270745.5747313602,461.0
2725157.570122938,1270774.6803228997,467.0
2725157.673999285,1270750.3979181312,463.0
2725157.8381777317,1270748.7751650503,462.0
2725157.8486895952,1270762.6370538138,465.0
2725157.8591772337,1270759.869518594,464.0
2725157.869455708,1270745.9112875871,461.0
2725158.0203753137,1270768.4124388746,466.0
2725158.3073016335,1270750.089477503,463.0
2725158.4413495716,1270759.3833397366,464.0
2725158.468041518,1270748.4712800584,462.0
2725158.529715122,1270774.3513727076,467.0
2725158.542017795,1270746.0900371766,461.0
2725158.6731541455,1270762.307876197,465.0
2725158.93382576,1270749.7664174791,463.0
2725158.997081588,1270758.8673564189,464.0
2725159.009509121,1270768.2948460698,466.0
2725159.076356276,1270748.1338909303,462.0
2725159.1237887675,1270781.1557939227,468.0
2725159.2105817157,1270746.0354403465,461.0
2725159.506540171,1270762.0619799662,465.0
2725159.5209178478,1270774.3057704135,467.0
2725159.56193747,1270749.4461762388,463.0
2725159.6461459463,1270747.7262037175,462.0
2725159.668372888,1270758.660100105,464.0
2725159.8349864585,1270745.7258776473,461.0
2725159.9644507905,1270768.0335771758,466.0
2725160.0003251247,1270780.650507793,468.0
2725160.160880746,1270749.0763377608,463.0
2725160.2304115794,1270758.1827239415,464.0
2725160.2573815384,1270747.3863389073,462.0
2725160.2971578618,1270761.660313642,465.0
2725160.416810084,1270745.3396299696,461.0
2725160.5136113735,1270774.2841460228,467.0
2725160.795680182,1270748.772424978,463.0
2725160.844081116,1270747.0039349757,462.0
2725160.8892931314,1270757.8147172194,464.0
2725160.9315665876,1270767.8103418164,466.0
2725160.959114135,1270780.304448031,468.0
2725160.9799219267,1270744.9328832359,461.0
2725161.0803468293,1270761.2546520329,465.0
2725161.422691687,1270748.4502088316,463.0
2725161.423155103,1270746.6138145619,462.0
2725161.5059118085,1270774.095851109,467.0
2725161.565989732,1270744.5554135763,461.0
2725161.5972836455,1270757.5454543163,464.0
2725161.863755834,1270767.4619789603,466.0
2725161.864794426,1270760.8405879189,465.0
2725161.9244339317,1270779.9875701675,468.0
2725161.9852655367,1270746.1992742126,462.0
2725162.0357745285,1270748.867868961,463.0
2725162.095816617,1270748.3436772483,463.0
2725162.1323006894,1270744.1462224,461.0
2725162.244059442,1270786.1953741685,469.0
2725162.246167877,1270757.15987952,464.0
2725162.4647638523,1270773.7663212032,467.0
2725162.5795352003,1270745.8283520672,462.0
2725162.6607487337,1270749.1886287706,463.0
2725162.7184581645,1270760.6071980775,465.0
2725162.7262056028,1270743.7779746747,461.0
2725162.830800264,1270767.2041505042,466.0
2725162.9355450696,1270779.8214100935,468.0
2725162.938242647,1270759.8037257362,465.0
2725162.972644915,1270757.3167636134,464.0
2725163.17733417,1270785.6638538039,469.0
2725163.1885786364,1270745.4818033176,462.0
2725163.301014476,1270743.3808459209,461.0
2725163.3345800634,1270749.383185558,463.0
2725163.4209068194,1270773.4286034931,467.0
2725163.6074739005,1270759.2297095796,465.0
2725163.6665492356,1270757.6123486776,464.0
2725163.7971676067,1270745.1362751063,462.0
2725163.8108858136,1270767.0081803538,466.0
2725163.9181871507,1270779.5260754307,468.0
2725163.9310854236,1270743.082165659,461.0
2725163.970970354,1270749.6864256756,463.0
2725164.1863355497,1270785.2933467682,469.0
2725164.3824917423,1270744.7511201347,462.0
2725164.3955360632,1270757.79423891,464.0
2725164.404912684,1270773.1878617825,467.0
2725164.4109745016,1270790.9723154213,470.0
2725164.4332074146,1270758.9321873782,465.0
2725164.572126357,1270750.044282576,463.0
2725164.587965587,1270742.843397305,461.0
2725164.7836959166,1270766.7858421898,466.0
2725164.907744147,1270779.2682793534,468.0
2725164.974813757,1270744.3767072859,462.0
2725165.115373847,1270757.9830284892,464.0
2725165.179482506,1270750.4006694115,463.0
2725165.2026446383,1270742.5151811703,461.0
2725165.219917543,1270785.1513994928,469.0
2725165.227286787,1270790.3796372917,470.0
2725165.311075312,1270758.804761763,465.0
2725165.3951972104,1270772.9654618027,467.0
2725165.577525044,1270744.0202935878,462.0
2725165.60609153,1270766.2414873468,466.0
2725165.7740654107,1270758.3303352564,464.0
2725165.830919626,1270750.6371414114,463.0
2725165.8588770307,1270742.2794260522,461.0
2725165.875906096,1270778.9336520587,468.0
2725166.0905061625,1270759.102462885,465.0
2725166.1588206748,1270789.9665734835,470.0
2725166.1990716225,1270743.6972596592,462.0
2725166.292576907,1270785.0628261913,469.0
2725166.3508449094,1270758.8203674788,464.0
2725166.3644626364,1270772.68186061,467.0
2725166.364944085,1270750.8701168336,463.0
2725166.4818761246,1270741.9642262098,461.0
2725166.534918122,1270765.9937254735,466.0
2725166.8187412885,1270743.3701480352,462.0
2725166.835437902,1270751.3724257788,463.0
2725166.853627298,1270778.6901504928,468.0
2725166.9304699674,1270759.246521188,465.0
2725167.0538092046,1270759.0184157514,464.0
2725167.112075191,1270741.665763337,461.0
2725167.1213716855,1270789.6630145253,470.0
2725167.1801190176,1270795.7726292098,471.0
2725167.355808203,1270784.905618855,469.0
2725167.36985603,1270772.5489622299,467.0
2725167.453056596,1270743.0736446383,462.0
2725167.453947466,1270765.8115310716,466.0
2725167.531936184,1270751.445286985,463.0
2725167.6566922246,1270741.2444087255,461.0
2725167.805590513,1270759.3360507807,465.0
2725167.810649269,1270759.0609581827,464.0
2725167.8107943223,1270778.368767293,468.0
2725168.0223217,1270795.301830783,471.0
2725168.0340478094,1270742.6870258432,462.0
2725168.1398315947,1270789.6543328855,470.0
2725168.195558443,1270784.2608322024,469.0
2725168.2133293655,1270751.2869667474,463.0
2725168.2454977273,1270764.0996592862,463.1374577685295
2725168.275728435,1270740.9281951492,461.0
2725168.361028073,1270772.3768629362,467.0
2725168.5452887253,1270758.990763636,464.0
2725168.5531577687,1270742.2181372922,462.0
2725168.584214855,1270759.2331546918,465.0
2725168.726816695,1270740.3946195254,461.0
2725168.7710745386,1270764.7992417791,463.1374577685295
2725168.8009863338,1270778.2049059595,468.0
2725168.897191955,1270741.641529488,462.0
2725168.9011312556,1270751.1654138812,463.0
2725168.9184343023,1270794.951591819,471.0
2725169.0317868036,1270763.5089276333,463.1374577685295
2725169.0813854327,1270783.665207919,469.0
2725169.1541113677,1270789.6347575628,470.0
2725169.1553917336,1270758.5551076178,464.0
2725169.170818826,1270755.163455767,464.0
2725169.177418682,1270737.5075484822,460.0
2725169.2512444234,1270764.3728280133,463.13745776852954
2725169.260186002,1270758.6637946288,465.0
2725169.2637072327,1270741.1144042974,462.0
2725169.2639092524,1270771.915097158,467.0
2725169.296651349,1270765.4988242718,463.1374577685295
2725169.336634757,1270755.834038138,464.0
2725169.3539956706,1270740.155071044,461.0
2725169.4693942424,1270754.484403938,464.0
2725169.50788565,1270756.5646879212,464.0
2725169.5709295813,1270751.0346308495,463.0
2725169.5828270493,1270757.958452366,464.0
2725169.6913388083,1270739.5739720317,461.0
2725169.7300556046,1270756.4990100993,465.0
2725169.771991397,1270755.6723620682,465.0
2725169.7742610876,1270737.602396355,460.0
2725169.7859315593,1270794.5377101,471.0
2725169.7873412427,1270765.0863957913,463.1374577685295
2725169.7986655254,1270753.833131249,464.0
2725169.809320732,1270757.2591411602,464.0
2725169.816660643,1270778.0756220638,468.0
2725169.8180758804,1270762.91819598,463.1374577685295
2725169.82222816,1270766.198406765,463.1374577685295
2725169.8844602536,1270740.7928381297,462.0
2725169.8902842915,1270758.057026771,465.0
2725169.9787396085,1270800.9076524486,472.0
2725170.030346507,1270763.7874958804,463.13745776852943
2725170.0793896364,1270783.310918954,469.0
2725170.106491678,1270789.3714780398,470.0
2725170.128925158,1270771.384059787,467.0
2725170.1554546384,1270757.2425527866,465.0
2725170.211469263,1270739.3238453295,461.0
2725170.2576044,1270750.9205096192,463.0
2725170.3234380623,1270765.7999635693,463.13745776852954
2725170.337361217,1270737.3589095562,460.0
2725170.347804971,1270766.8979892577,463.1374577685295
2725170.4985312466,1270740.4669648837,462.0
2725170.5389122805,1270753.6656853089,464.0
2725170.5664433264,1270764.5010636582,463.1374577685294
2725170.604364957,1270762.327464327,463.1374577685295
2725170.6456157947,1270755.513320295,465.0
2725170.7416222766,1270794.4471366182,471.0
2725170.7604759224,1270800.3842765475,472.0
2725170.7709615207,1270777.6974402699,468.0
2725170.7717678435,1270738.9127823082,461.0
2725170.8094485914,1270763.2021637475,463.1374577685295
2725170.859534881,1270766.513531347,463.13745776852954
2725170.873381782,1270767.5975717506,463.1374577685295
2725170.897656943,1270750.7264346727,463.0
2725170.9187013754,1270737.1723925795,460.0
2725170.9706459683,1270788.8312008576,470.0
2725171.0527061163,1270770.9742154705,467.0
2725171.094230968,1270740.1003701205,462.0
2725171.1025401456,1270765.214631436,463.13745776852943
2725171.147300807,1270783.1676449738,469.0
2725171.20753913,1270752.0463599213,464.0
2725171.260200032,1270753.4358483134,464.0
2725171.3455454106,1270763.9157315253,463.13745776852943
2725171.347091876,1270754.991693263,465.0
2725171.3856664826,1270738.5858913786,461.0
2725171.3906540335,1270761.736732674,463.1374577685295
2725171.3956317008,1270767.2270991248,463.13745776852954
2725171.398958593,1270768.2971542436,463.1374577685295
2725171.4173679836,1270750.2520062856,463.0
2725171.4483692124,1270751.4925472487,464.0
2725171.4518686705,1270752.757094806,464.0
2725171.452596443,1270799.7604589139,472.0
2725171.478802809,1270736.9226016595,460.0
2725171.4837544374,1270735.605055416,459.0
2725171.5885506766,1270762.616831615,463.1374577685295
2725171.6239562538,1270777.1308654968,468.0
2725171.638636965,1270765.928199214,463.13745776852943
2725171.6933719344,1270794.2874242612,471.0
2725171.706785097,1270739.7602161483,462.0
2725171.796834268,1270788.243677728,470.0
2725171.816406167,1270754.2682786149,465.0
2725171.8816422303,1270764.6292993033,463.13745776852943
2725171.9245354035,1270768.9967367365,463.1374577685295
2725171.9317285195,1270767.9406669026,463.13745776852954
2725171.9530617665,1270735.3836230303,459.0
2725171.9615976196,1270749.8055319756,463.0
2725172.021580057,1270751.002221435,464.0
2725172.036402948,1270738.3340341696,461.0
2725172.0581866163,1270736.720582123,460.0
2725172.0673096757,1270734.9157293586,459.0
2725172.124647496,1270763.3303993926,463.13745776852954
2725172.1747337845,1270766.6417669917,463.13745776852943
2725172.1769431103,1270761.1460010207,463.1374577685295
2725172.2076013954,1270782.9726268465,469.0
2725172.340954489,1270739.464295623,462.0
2725172.346344951,1270799.462994341,472.0
2725172.367652761,1270762.031499482,463.1374577685295
2725172.375736127,1270805.8658976068,473.0
2725172.4177390495,1270765.342867081,463.13745776852943
2725172.449956489,1270776.5265419004,468.0
2725172.450112215,1270769.6963192294,463.1374577685295
2725172.450112215,1270769.6963192294,464.5474577685295
2725172.467825339,1270768.6542346803,463.13745776852954
2725172.5176292127,1270749.3770332835,463.0
2725172.5690788752,1270750.4770176313,464.0
2725172.5735639688,1270793.919332343,471.0
2725172.618859532,1270753.887800345,465.0
2725172.6234537987,1270736.481232054,460.0
2725172.6344524054,1270737.9721912027,461.0
2725172.660744315,1270764.0439671706,463.13745776852954
2725172.7108306033,1270767.3553347695,463.1374577685294
2725172.770680832,1270787.947962907,470.0
2725172.90374958,1270762.7450672598,463.13745776852943
2725172.9346536538,1270739.1066149361,462.0
2725172.953835869,1270766.056434859,463.1374577685295
2725172.9632321866,1270760.5552693678,463.13745776852954
2725172.9756890256,1270770.3959017224,464.5474577685295
2725173.0615169983,1270748.9290100397,463.0
2725173.078058536,1270782.3487560719,469.0
2725173.1467548455,1270761.4461673493,463.1374577685295
2725173.1481518648,1270805.378948894,473.0
2725173.1968411347,1270764.7575349486,463.13745776852954
2725173.1997623574,1270736.2700520302,460.0
2725173.2133384645,1270737.5810342466,461.0
2725173.2337373877,1270799.1451350842,472.0
2725173.2354952157,1270775.8760882528,468.0
2725173.2364012916,1270769.1055875763,463.1374577685295
2725173.2364012916,1270769.1055875763,464.5474577685295
2725173.246927423,1270768.0689025472,463.13745776852943
2725173.270420425,1270750.2561760778,464.0
2725173.357651867,1270793.3629504135,471.0
2725173.4310765574,1270753.5605652456,465.0
2725173.4398463992,1270763.4586350378,463.13745776852954
2725173.45585891,1270769.9694879567,464.54745776852945
2725173.4899326875,1270766.7700026366,463.1374577685294
2725173.501265837,1270771.0954842153,464.5474577685295
2725173.518245262,1270738.734274027,462.0
2725173.598742954,1270751.931293112,465.0
2725173.628599035,1270752.8088618456,465.0
2725173.6828516643,1270762.1597351271,463.1374577685295
2725173.687990549,1270748.6247683957,463.0
2725173.7329379534,1270765.4711027264,463.13745776852954
2725173.7495212634,1270759.9645377146,463.1374577685295
2725173.756760389,1270737.142889935,461.0
2725173.768975247,1270787.7412561083,470.0
2725173.798468069,1270736.1365233662,460.0
2725173.9235667353,1270804.8855356297,473.0
2725173.9258569293,1270760.8608352165,463.13745776852954
2725173.9410477346,1270781.7065836166,469.0
2725173.9759432185,1270764.1722028158,463.1374577685295
2725173.9814283857,1270749.9993730718,464.0
2725173.9919557297,1270770.6830557345,464.5474577685295
2725174.022690368,1270768.5148559231,463.1374577685295
2725174.022690368,1270768.5148559234,464.5474577685295
2725174.0260295067,1270767.4835704146,463.13745776852943
2725174.026842647,1270771.7950667082,464.5474577685295
2725174.113713663,1270798.8008351575,472.0
2725174.134101897,1270738.4037775025,462.0
2725174.175124308,1270775.462522585,468.0
2725174.197083007,1270792.8872407756,471.0
2725174.2189484835,1270762.8733029051,463.1374577685295
2725174.2349609947,1270769.3841558236,464.5474577685294
2725174.2690347726,1270766.1846705042,463.13745776852954
2725174.288879855,1270736.6919622924,461.0
2725174.3484789063,1270748.409009784,463.0
2725174.3746927762,1270735.989554265,460.0
2725174.3954059514,1270751.6742454648,465.0
2725174.461953749,1270761.5744029945,463.13745776852954
2725174.5120400377,1270764.8857705933,463.13745776852954
2725174.528052549,1270771.3966235123,464.54745776852957
2725174.53581034,1270759.3738060617,463.1374577685295
2725174.5524194585,1270772.4946492012,464.5474577685295
2725174.599987132,1270749.604789369,464.0
2725174.704959014,1270760.2755030838,463.1374577685295
2725174.725676387,1270738.0284247277,462.0
2725174.7379813707,1270804.45949875,473.0
2725174.755045303,1270763.586870683,463.13745776852943
2725174.765060778,1270787.525655716,470.0
2725174.771057814,1270770.0977236016,464.54745776852945
2725174.805131592,1270766.898238282,463.13745776852954
2725174.8089794447,1270767.9241242702,463.1374577685295
2725174.8089794447,1270767.9241242702,464.5474577685295
2725174.816410679,1270736.243543936,461.0
2725174.8216175037,1270735.5716471605,460.0
2725174.8804368023,1270781.177592113,469.0
2725174.887690286,1270747.9585838753,463.0
2725174.8921677126,1270810.0071857069,474.0
2725174.9125970243,1270798.3108497483,472.0
2725174.9980505686,1270762.2879707725,463.13745776852954
2725175.014063079,1270768.798823691,464.5474577685294
2725175.048136857,1270765.5993383713,463.13745776852943
2725175.064149368,1270772.11019129,464.54745776852945
2725175.0779962693,1270773.1942316939,464.5474577685295
2725175.1048545865,1270792.5620288092,471.0
2725175.1882863007,1270751.331568894,465.0
2725175.193540648,1270775.3692582464,468.0
2725175.230479124,1270749.1861867574,464.0
2725175.2410558327,1270760.9890708614,463.13745776852943
2725175.247296201,1270737.5620052998,462.0
2725175.291142122,1270764.300438461,463.1374577685295
2725175.2970428145,1270735.1926425644,460.0
2725175.307154633,1270770.8112913794,464.54745776852945
2725175.3220994165,1270758.7830744085,463.13745776852943
2725175.4339559777,1270747.5156448954,463.0
2725175.441681116,1270735.9315872332,461.0
2725175.484061098,1270759.690170951,463.13745776852954
2725175.5134384953,1270803.9708129826,473.0
2725175.5341473874,1270763.00153855,463.13745776852954
2725175.5501598986,1270769.5123914687,464.5474577685295
2725175.5842336765,1270766.3129061493,463.13745776852954
2725175.595268521,1270767.333392617,463.1374577685295
2725175.595268521,1270767.333392617,464.5474577685295
2725175.6002461873,1270772.8237590678,464.5474577685295
2725175.60357308,1270773.893814187,464.5474577685295
2725175.610636127,1270809.540840454,474.0
2725175.6588402754,1270787.053603189,470.0
2725175.7013651873,1270797.7934124551,472.0
2725175.7771526524,1270761.7026386394,463.1374577685295
2725175.793165163,1270768.213491558,464.5474577685295
2725175.8272389416,1270765.0140062384,463.1374577685295
2725175.828738635,1270780.6670161951,469.0
2725175.8432514523,1270771.524859157,464.54745776852945
2725175.8541013775,1270737.2120965752,462.0
2725175.876094589,1270735.001048157,460.0
2725175.939753527,1270748.9406923598,464.0
2725176.0028569633,1270735.5465009995,461.0
2725176.0040507866,1270747.1137913147,463.0
2725176.020157918,1270760.4037387287,463.13745776852954
2725176.0494384104,1270792.38746679,471.0
2725176.05092546,1270751.311998637,465.0
2725176.070244207,1270763.715106328,463.13745776852954
2725176.086256718,1270770.2259592465,464.5474577685294
2725176.1083884933,1270758.1923427554,463.13745776852954
2725176.129149891,1270774.5933966797,464.5474577685295
2725176.1363430065,1270773.5373268456,464.54745776852945
2725176.238437389,1270803.4046792237,473.0
2725176.2631631824,1270759.104838818,463.13745776852943
2725176.3132494716,1270762.4162064171,463.1374577685295
2725176.329261983,1270768.927059336,464.5474577685295
2725176.339366972,1270734.6128108276,460.0
2725176.346973648,1270809.1060964162,474.0
2725176.363335761,1270765.7275740164,463.13745776852954
2725176.379348272,1270772.238426935,464.5474577685295
2725176.381557598,1270766.742660964,463.13745776852943
2725176.381557598,1270766.742660964,464.5474577685295
2725176.460943371,1270797.2384413905,472.0
2725176.469695868,1270786.4384698253,470.0
2725176.4745786544,1270736.8868298922,462.0
2725176.478076476,1270813.961353514,475.0
2725176.5303256176,1270748.4787173998,464.0
2725176.5507302345,1270735.1194103514,461.0
2725176.556254737,1270761.1173065067,463.13745776852954
2725176.5722672474,1270767.6281594252,464.5474577685294
2725176.5958966836,1270746.7365467502,463.0
2725176.606341026,1270764.4286741056,463.1374577685295
2725176.622353537,1270770.9395270243,464.54745776852945
2725176.654726702,1270775.2929791727,464.5474577685295
2725176.6724398257,1270774.250894623,464.5474577685295
2725176.78076393,1270780.173172665,469.0
2725176.781563893,1270734.1871508933,460.0
2725176.799260002,1270759.8184065958,463.1374577685295
2725176.8493462913,1270763.1297741951,463.1374577685295
2725176.8653588025,1270769.6406271139,464.5474577685295
2725176.8821288943,1270751.006953508,465.0
2725176.89467757,1270757.6016111025,463.1374577685295
2725176.915445091,1270772.9519947127,464.5474577685294
2725176.9513977766,1270802.8278711806,473.0
2725177.005398052,1270792.2605131627,471.0
2725177.007156064,1270736.4480628218,462.0
2725177.0422652666,1270758.5195066852,463.1374577685295
2725177.0923515563,1270761.8308742845,463.13745776852954
2725177.103285716,1270734.692736697,461.0
2725177.108364067,1270768.341727203,464.5474577685294
2725177.140889638,1270813.597404101,475.0
2725177.1424378455,1270765.1422418836,463.13745776852954
2725177.158450356,1270771.6530948023,464.54745776852945
2725177.1585108954,1270808.8238381818,474.0
2725177.167846674,1270766.151929311,463.1374577685295
2725177.167846674,1270766.151929311,464.5474577685295
2725177.1851219023,1270746.3503702362,463.0
2725177.2237872058,1270748.532035771,464.0
2725177.2497098725,1270733.7922493278,460.0
2725177.302441697,1270785.8554118215,470.0
2725177.3280312787,1270796.8680091782,472.0
2725177.3353568213,1270760.5319743739,463.13745776852954
2725177.3513693316,1270767.0428272923,464.5474577685294
2725177.38544311,1270763.8433419727,463.13745776852943
2725177.4014556212,1270770.3541948914,464.54745776852945
2725177.4410157786,1270774.7022475195,464.5474577685295
2725177.45154191,1270773.6655624905,464.5474577685294
2725177.558955997,1270736.0220664712,462.0
2725177.564033608,1270750.457619457,465.0
2725177.578362086,1270759.233074463,463.1374577685295
2725177.6153098857,1270734.2212218954,461.0
2725177.6284483755,1270762.5444420623,463.13745776852954
2725177.634874724,1270802.2258560793,473.0
2725177.6444608863,1270769.055294981,464.5474577685294
2725177.6678907583,1270733.3429872466,460.0
2725177.6809666464,1270757.0108794493,463.1374577685295
2725177.6945471754,1270772.36666258,464.5474577685295
2725177.7610082063,1270779.7340002358,469.0
2725177.812773192,1270746.0356342816,463.0
2725177.821367352,1270757.9341745526,463.1374577685295
2725177.8343126224,1270813.273796162,475.0
2725177.8714536405,1270761.2455421516,463.13745776852954
2725177.876954466,1270748.1571630077,464.0
2725177.886280047,1270730.821362499,460.0
2725177.8874661513,1270767.7563950703,464.54745776852945
2725177.901122789,1270808.3891988117,474.0
2725177.9215399297,1270764.5569097507,463.1374577685295
2725177.9338226914,1270792.0095732964,471.0
2725177.9375524404,1270771.0677626692,464.5474577685295
2725177.954135751,1270765.5611976578,464.5474577685295
2725177.9541357514,1270765.561197658,463.13745776852954
2725177.9826267213,1270732.816431483,460.0
2725178.1144589055,1270759.9466422407,463.13745776852954
2725178.1304714163,1270766.4574951597,464.5474577685294
2725178.133011734,1270785.265953978,470.0
2725178.1582258223,1270733.7814413896,461.0
2725178.1640748684,1270735.6702920222,462.0
2725178.1645451942,1270763.25800984,463.1374577685295
2725178.1805577055,1270769.7688627585,464.5474577685294
2725178.227304855,1270774.1115158666,464.5474577685295
2725178.230643994,1270773.0802303576,464.54745776852945
2725178.2520905933,1270796.6682328684,472.0
2725178.2636038815,1270731.3046447546,460.0
2725178.340772935,1270750.060484457,465.0
2725178.3414338743,1270801.646365114,473.0
2725178.3574641705,1270758.6477423303,463.13745776852954
2725178.3954291423,1270745.6469734474,463.0
2725178.4075504597,1270761.9591099294,463.13745776852954
2725178.423138654,1270732.4011823563,460.0
2725178.4235629705,1270768.4699628481,464.54745776852945
2725178.462416782,1270812.83393483,475.0
2725178.4672557227,1270756.4201477962,463.13745776852943
2725178.47364926,1270771.7813304472,464.5474577685295
2725178.5305572907,1270747.772628793,464.0
2725178.5623116363,1270807.8401379022,474.0
2725178.5652203383,1270731.8383509521,460.0
2725178.6004694356,1270757.3488424197,463.1374577685295
2725178.6505557247,1270760.6602100187,463.13745776852943
2725178.666568236,1270767.1710629375,464.5474577685294
2725178.700642014,1270763.971577618,463.13745776852954
2725178.7166545247,1270770.4824305365,464.5474577685294
2725178.7272832803,1270736.9522247599,462.0
2725178.731025909,1270779.306997562,469.0
2725178.734453233,1270736.281630967,462.0
2725178.740424827,1270764.9704660047,463.13745776852943
2725178.740424827,1270764.9704660047,464.5474577685295
2725178.743839072,1270733.4032864338,461.0
2725178.7511026296,1270817.7440859268,476.0
2725178.809804722,1270791.6125596473,471.0
2725178.829497144,1270735.7319028103,462.0
2725178.89356099,1270759.361310108,463.13745776852954
2725178.909573501,1270765.8721630268,464.5474577685294
2725178.9296777854,1270784.6480657351,470.0
2725178.930243715,1270745.1890059647,463.0
2725178.9436472785,1270762.672677707,463.1374577685295
2725178.9596597897,1270769.1835306257,464.5474577685294
2725179.0097460793,1270772.494898225,464.54745776852945
2725179.0135939317,1270773.5207842134,464.5474577685295
2725179.106168555,1270749.610437598,465.0
2725179.136566255,1270758.0624101975,463.1374577685295
2725179.14115046,1270807.2069565798,474.0
2725179.1653129053,1270801.2380050668,473.0
2725179.178770484,1270796.490417578,472.0
2725179.180506663,1270732.85842986,461.0
2725179.186652544,1270761.3737777965,463.13745776852954
2725179.188625887,1270812.5860307098,475.0
2725179.202665055,1270767.8846307155,464.54745776852945
2725179.2055352936,1270747.4255489542,464.0
2725179.252751344,1270771.1959983143,464.5474577685295
2725179.2535448,1270755.8294161432,463.13745776852954
2725179.3665577513,1270737.2166814264,462.0
2725179.3720617974,1270817.4142223245,476.0
2725179.3795715203,1270756.7635102868,463.13745776852954
2725179.4296578094,1270760.0748778859,463.13745776852954
2725179.44567032,1270766.5857308048,464.5474577685295
2725179.479744098,1270763.386245485,463.1374577685295
2725179.4957566094,1270769.8970984037,464.5474577685295
2725179.5258653797,1270790.9669158722,471.0
2725179.526713904,1270764.3797343518,463.1374577685295
2725179.526713904,1270764.3797343518,464.5474577685295
2725179.539335977,1270744.8483643723,463.0
2725179.644666077,1270778.7558080931,469.0
2725179.672663074,1270758.7759779752,463.13745776852954
2725179.688675585,1270765.286830894,464.54745776852945
2725179.7227493627,1270762.0873455743,463.13745776852943
2725179.738761874,1270768.598198493,464.54745776852934
2725179.773889771,1270806.6287459694,474.0
2725179.788848163,1270771.9095660918,464.5474577685294
2725179.799883008,1270772.9300525603,464.54745776852945
2725179.8042658805,1270732.5466657758,461.0
2725179.8281287714,1270812.171595775,475.0
2725179.8638762273,1270784.2496759773,470.0
2725179.903719646,1270747.129496355,464.0
2725179.9081890155,1270816.9537151712,476.0
2725179.9099679007,1270749.2464085603,465.0
2725179.915668339,1270757.4770780646,463.1374577685295
2725179.959390682,1270800.7887323508,473.0
2725179.9657546286,1270760.7884456639,463.13745776852954
2725179.9817671394,1270767.2992985826,464.5474577685295
2725180.0318534286,1270770.6106661814,464.5474577685294
2725180.0398338763,1270755.2386844899,463.1374577685295
2725180.0399130597,1270737.3898971877,462.0
2725180.1047723806,1270796.3011539162,472.0
2725180.155305994,1270745.0827267193,463.0
2725180.158673604,1270756.178178154,463.13745776852954
2725180.2087598937,1270759.4895457532,463.13745776852954
2725180.2247724044,1270766.0003986717,464.54745776852945
2725180.2588461824,1270762.800913352,463.1374577685295
2725180.2748586936,1270769.3117662708,464.54745776852945
2725180.3130029803,1270763.7890026986,463.1374577685295
2725180.313002981,1270763.7890026986,464.5474577685295
2725180.3144010594,1270790.4162182515,471.0
2725180.386630416,1270806.0240193694,474.0
2725180.4131202037,1270811.6846495944,475.0
2725180.423519645,1270732.234851645,461.0
2725180.4517651587,1270758.1906458423,463.1374577685295
2725180.4677776694,1270764.7014987613,464.5474577685294
2725180.5018514474,1270761.5020134416,463.1374577685295
2725180.5178639586,1270768.0128663601,464.5474577685294
2725180.523358129,1270746.7082060121,464.0
2725180.545530579,1270816.659859288,476.0
2725180.5679502473,1270771.3242339592,464.5474577685295
2725180.5861720843,1270772.3393209074,464.5474577685295
2725180.622759793,1270748.7321463674,465.0
2725180.650467687,1270778.371730953,469.0
2725180.6947704237,1270756.8917459317,463.1374577685295
2725180.728256436,1270737.4972435655,462.0
2725180.744856713,1270760.2031135308,463.13745776852954
2725180.7468891577,1270744.8124791316,463.0
2725180.760869224,1270766.7139664497,464.5474577685295
2725180.7758978964,1270783.9066728922,470.0
2725180.8109555133,1270770.0253340488,464.54745776852945
2725180.8261229526,1270754.647952837,463.1374577685295
2725180.858853109,1270800.608255119,473.0
2725180.9377756887,1270755.592846021,463.1374577685295
2725180.9704119475,1270795.9507555754,472.0
2725180.9878619774,1270758.9042136201,463.13745776852943
2725181.0038744886,1270765.4150665388,464.5474577685294
2725181.037948267,1270762.2155812194,463.1374577685295
2725181.042329574,1270731.9675645763,461.0
2725181.0425136667,1270805.4671640738,474.0
2725181.0539607783,1270768.7264341381,464.54745776852945
2725181.0848411936,1270811.3122181664,475.0
2725181.099292057,1270763.1982710457,464.5474577685295
2725181.0992920576,1270763.1982710457,463.13745776852954
2725181.154212431,1270789.9453473059,471.0
2725181.158460481,1270744.2485946277,463.0
2725181.1850706236,1270746.3490380053,464.0
2725181.200251205,1270816.3933678947,476.0
2725181.2308672434,1270757.6053137097,463.13745776852954
2725181.2468797537,1270764.1161666284,464.54745776852945
2725181.280953532,1270760.9166813088,463.1374577685295
2725181.294474754,1270737.8819427579,462.0
2725181.296966043,1270767.4275342273,464.5474577685294
2725181.347052332,1270770.7389018266,464.54745776852945
2725181.372461161,1270771.7485892542,464.5474577685295
2725181.376386992,1270748.2839757574,465.0
2725181.473872508,1270756.3064137988,463.1374577685295
2725181.523958797,1270759.6177813981,463.1374577685295
2725181.539971308,1270766.1286343168,464.54745776852945
2725181.576408365,1270783.2888243883,470.0
2725181.584106009,1270732.3116866157,461.0
2725181.5900575975,1270769.440001916,464.5474577685295
2725181.5912021454,1270777.8478437543,469.0
2725181.6124120294,1270754.057221184,463.1374577685295
2725181.7168777734,1270755.0075138884,463.1374577685295
2725181.74328091,1270810.9152109064,475.0
2725181.749893486,1270804.9794091072,474.0
2725181.7644799436,1270800.4543184726,473.0
2725181.764626515,1270795.4390214602,472.0
2725181.7669640626,1270758.3188814877,463.13745776852954
2725181.782803004,1270815.9936750121,476.0
2725181.7829765733,1270764.8297344062,464.5474577685295
2725181.8170503518,1270761.6302490868,463.13745776852954
2725181.8183232676,1270744.039692093,463.0
2725181.8330628625,1270768.1411020053,464.5474577685295
2725181.8424802218,1270745.9734175596,464.0
2725181.885581134,1270762.6075393925,463.1374577685295
2725181.885581134,1270762.6075393925,464.5474577685295
2725181.977434097,1270737.9125693138,462.0
2725181.9950684467,1270789.4764074045,471.0
2725182.009969327,1270757.0199815768,463.13745776852954
2725182.025981838,1270763.5308344956,464.54745776852945
2725182.0600556163,1270760.331349176,463.13745776852943
2725182.076068127,1270766.8422020944,464.5474577685294
2725182.0795629304,1270732.0146119152,461.0
2725182.1261544167,1270770.1535696937,464.54745776852945
2725182.1587502384,1270771.1578576013,464.5474577685295
2725182.164970339,1270747.9865093029,465.0
2725182.2529745926,1270755.7210816662,463.1374577685295
2725182.2880247273,1270820.236991999,477.0
2725182.303060882,1270759.0324492655,463.13745776852954
2725182.319073392,1270765.543302184,464.54745776852945
2725182.3506967993,1270810.4463910898,475.0
2725182.369159682,1270768.854669783,464.5474577685295
2725182.393310018,1270815.6381186421,476.0
2725182.398701106,1270753.4664895306,463.1374577685295
2725182.4193934486,1270782.7183201949,470.0
2725182.45108982,1270743.8022452488,463.0
2725182.493043544,1270745.5924077062,464.0
2725182.495979858,1270754.422181756,463.1374577685295
2725182.5079310136,1270804.5787107702,474.0
2725182.5460661463,1270757.7335493548,463.13745776852954
2725182.5620786576,1270764.2444022733,464.5474577685294
2725182.5850674855,1270794.9694988201,472.0
2725182.5856430847,1270777.4474015543,469.0
2725182.596152436,1270761.044916954,463.13745776852954
2725182.6120342147,1270731.5716371438,461.0
2725182.6121649463,1270767.5557698724,464.54745776852945
2725182.620478532,1270738.18999086,462.0
2725182.635385383,1270800.2217298157,473.0
2725182.67187021,1270762.0168077394,463.13745776852943
2725182.67187021,1270762.0168077394,464.5474577685295
2725182.789071412,1270756.434649444,463.13745776852954
2725182.8050584053,1270788.9520877958,471.0
2725182.8050839226,1270762.9455023627,464.5474577685294
2725182.8391577005,1270759.746017043,463.1374577685295
2725182.8551702113,1270766.2568699615,464.5474577685294
2725182.8859832864,1270747.5051187512,465.0
2725182.9052565005,1270769.5682375606,464.54745776852945
2725182.9450393147,1270770.567125948,464.5474577685295
2725182.950919401,1270809.96835569,475.0
2725182.961976665,1270815.2200073677,476.0
2725183.0320766773,1270755.1357495335,463.1374577685295
2725183.082162966,1270758.4471171324,463.13745776852954
2725183.098175477,1270764.957970051,464.54745776852945
2725183.1457983665,1270743.9127068191,463.0
2725183.148261766,1270768.26933765,464.5474577685294
2725183.1763607347,1270745.30703047,464.0
2725183.1849901825,1270752.8757578777,463.1374577685295
2725183.2499819216,1270731.3229332548,461.0
2725183.275081942,1270753.8368496227,463.1374577685295
2725183.300426501,1270738.3137165827,462.0
2725183.305803632,1270804.3028905897,474.0
2725183.3084434355,1270782.2229137698,470.0
2725183.3251682315,1270757.148217222,463.13745776852954
2725183.3411807423,1270763.6590701407,464.5474577685295
2725183.37525452,1270760.459584821,463.13745776852954
2725183.3912670305,1270766.9704377395,464.54745776852945
2725183.431069889,1270794.5531140743,472.0
2725183.458159287,1270761.4260760862,463.13745776852954
2725183.458159287,1270761.4260760862,464.5474577685295
2725183.4965322623,1270799.9080586436,473.0
2725183.511300138,1270776.906741141,469.0
2725183.568173496,1270755.8493173113,463.13745776852954
2725183.579328023,1270814.8922157215,476.0
2725183.584186007,1270762.3601702298,464.5474577685294
2725183.6045522336,1270730.7234022494,461.0
2725183.6072254167,1270809.570600395,475.0
2725183.612219961,1270788.4311375746,471.0
2725183.6182597848,1270759.1606849101,463.13745776852943
2725183.629826228,1270747.02818781,465.0
2725183.634272296,1270765.6715378286,464.5474577685294
2725183.684358585,1270768.982905428,464.5474577685294
2725183.731328391,1270769.9763942952,464.5474577685295
2725183.8111787615,1270754.5504174007,463.1374577685295
2725183.831379207,1270744.077044159,463.0
2725183.8612650507,1270757.8617849997,463.13745776852954
2725183.877277561,1270764.3726379182,464.5474577685294
2725183.92736385,1270767.6840055173,464.5474577685294
2725183.933179766,1270745.3322875493,464.0
2725183.9709666893,1270738.5097236643,462.0
2725183.971279259,1270752.2850262248,463.13745776852954
2725184.0541840266,1270753.2515174903,463.13745776852954
2725184.061735726,1270730.1961797473,461.0
2725184.0759292273,1270814.408578284,476.0
2725184.0917092087,1270803.9513784796,474.0
2725184.1042703157,1270756.562885089,463.13745776852954
2725184.120282826,1270763.0737380078,464.5474577685294
2725184.1543566044,1270759.8742526881,463.1374577685295
2725184.1683371235,1270781.701873902,470.0
2725184.170369115,1270766.3851056066,464.5474577685295
2725184.2119275755,1270776.0902263145,469.0
2725184.2142541287,1270799.349517846,473.0
2725184.244448364,1270760.8353444333,463.1374577685295
2725184.244448364,1270760.8353444333,464.5474577685295
2725184.2577412627,1270794.109967165,472.0
2725184.319494516,1270809.2868167518,475.0
2725184.3472755807,1270755.2639851784,463.13745776852954
2725184.3547752886,1270787.814751451,471.0
2725184.3632880915,1270761.7748380972,464.5474577685294
2725184.39736187,1270758.5753527775,463.13745776852954
2725184.41337438,1270765.086205696,464.54745776852945
2725184.4634606694,1270768.397573295,464.54745776852945
2725184.502241857,1270746.9469576795,465.0
2725184.5104652774,1270729.6677347273,461.0
2725184.517617468,1270769.3856626418,464.5474577685295
2725184.5206432175,1270744.2251337562,463.0
2725184.5902808458,1270753.9650852678,463.1374577685295
2725184.6207200065,1270728.3409350615,461.0
2725184.6233942565,1270725.556070084,461.0
2725184.632769591,1270813.976582826,476.0
2725184.640367135,1270757.2764528668,463.13745776852954
2725184.6461206777,1270724.8576253434,461.0
2725184.6563796457,1270763.7873057856,464.5474577685295
2725184.659000059,1270738.5622957714,462.0
2725184.678810617,1270745.4470531,464.0
2725184.6829553004,1270726.2506140023,461.0
2725184.6863093683,1270729.0365452971,461.0
2725184.687967937,1270727.6451989496,461.0
2725184.704815532,1270726.948330356,461.0
2725184.7064659344,1270767.0986733846,464.5474577685294
2725184.757568336,1270751.6942945714,463.13745776852943
2725184.833286111,1270752.6661853571,463.13745776852954
2725184.845475138,1270803.5465252341,474.0
2725184.8833724,1270755.9775529562,463.13745776852954
2725184.8993849107,1270762.488405875,464.5474577685294
2725184.9334586887,1270759.2889205553,463.13745776852954
2725184.9355278565,1270808.8423751693,475.0
2725184.9494711994,1270765.7997734738,464.5474577685295
2725184.9715625867,1270750.108457738,466.0
2725184.998290245,1270781.1307852045,470.0
2725185.03073744,1270760.2446127802,463.1374577685295
2725185.03073744,1270760.2446127802,464.5474577685295
2725185.052550935,1270793.601709859,472.0
2725185.063620179,1270799.0012879195,473.0
2725185.1263776654,1270754.6786530456,463.13745776852954
2725185.1423901757,1270761.1895059645,464.5474577685294
2725185.1763861845,1270775.6258614815,469.0
2725185.176463954,1270757.9900206446,463.13745776852954
2725185.1924764644,1270764.500873563,464.54745776852945
2725185.208246386,1270787.4110918897,471.0
2725185.2191989706,1270744.3009800094,463.0
2725185.2336094077,1270813.6035355204,476.0
2725185.2425627536,1270767.8122411622,464.5474577685294
2725185.3039065446,1270768.794930989,464.5474577685295
2725185.344421196,1270738.4374637753,462.0
2725185.36938293,1270753.3797531351,463.1374577685295
2725185.381436525,1270746.8594473447,465.0
2725185.4194692187,1270756.691120734,463.13745776852954
2725185.4337377734,1270745.428597398,464.0
2725185.43548173,1270763.2019736527,464.5474577685294
2725185.460574697,1270808.3270023065,475.0
2725185.485568019,1270766.5133412515,464.54745776852945
2725185.5438574124,1270751.1035629185,463.1374577685295
2725185.5539900777,1270803.0657195554,474.0
2725185.6123881955,1270752.0808532245,463.1374577685296
2725185.662474484,1270755.3922208233,463.13745776852954
2725185.678486995,1270761.9030737423,464.54745776852945
2725185.7117795916,1270749.4832169623,466.0
2725185.7125607734,1270758.7035884226,463.13745776852954
2725185.728573284,1270765.214441341,464.5474577685295
2725185.8170265164,1270759.653881127,463.1374577685295
2725185.8170265164,1270759.653881127,464.5474577685295
2725185.848877248,1270798.5358923827,473.0
2725185.8527530776,1270813.2613295177,476.0
2725185.8703021947,1270744.0655432362,463.0
2725185.905479749,1270754.0933209127,463.13745776852954
2725185.92149226,1270760.6041738314,464.5474577685294
2725185.9281497253,1270786.7777418776,471.0
2725185.9320840295,1270793.2763100474,472.0
2725185.9555660384,1270757.4046885117,463.13745776852943
2725185.9715785487,1270763.9155414305,464.5474577685294
2725185.9907932747,1270780.937484994,470.0
2725186.016867806,1270738.3531042538,462.0
2725186.0216648383,1270767.2269090295,464.54745776852945
2725186.032596535,1270775.2093463624,469.0
2725186.090195621,1270768.2041993358,464.5474577685295
2725186.1134495544,1270807.952627807,475.0
2725186.147053754,1270745.1920128274,464.0
2725186.1484850147,1270752.794421002,463.1374577685296
2725186.198571304,1270756.1057886013,463.13745776852954
2725186.214583814,1270762.61664152,464.5474577685294
2725186.2348823147,1270746.6157621795,465.0
2725186.264670104,1270765.928009119,464.54745776852945
2725186.312991697,1270802.6880837195,474.0
2725186.330146489,1270750.5128312656,463.13745776852954
2725186.39149028,1270751.4955210914,463.1374577685295
2725186.411681419,1270743.6144091794,463.0
2725186.441576569,1270754.8068886907,463.13745776852954
2725186.4444594583,1270774.3237332627,469.0
2725186.457589079,1270761.3177416092,464.5474577685294
2725186.4735638434,1270797.8888690367,473.0
2725186.485483476,1270812.9449278505,476.0
2725186.4916628576,1270758.1182562897,463.13745776852954
2725186.5076753683,1270764.6291092082,464.5474577685295
2725186.5135956914,1270807.3138814068,475.0
2725186.569570522,1270748.9809178263,466.0
2725186.603315593,1270759.063149474,463.1374577685295
2725186.603315593,1270759.063149474,464.5474577685295
2725186.682458976,1270738.534336175,462.0
2725186.684581834,1270753.50798878,463.13745776852954
2725186.7000132347,1270786.2100214364,471.0
2725186.700594344,1270760.0188416985,464.5474577685294
2725186.7346681226,1270756.8193563789,463.13745776852954
2725186.750680633,1270763.3302092976,464.5474577685294
2725186.764256952,1270792.8283957574,472.0
2725186.800766923,1270766.6415768967,464.5474577685295
2725186.8479055576,1270744.9027102075,464.0
2725186.8764846977,1270767.6134676826,464.5474577685295
2725186.901164106,1270780.5515958895,470.0
2725186.927587099,1270752.2090888692,463.13745776852954
2725186.9685290516,1270743.1892491155,463.0
2725186.9731219253,1270802.1457429074,474.0
2725186.977673388,1270755.5204564685,463.1374577685295
2725186.9936858984,1270762.0313093872,464.5474577685294
2725187.0423037023,1270746.2546748626,465.0
2725187.043772188,1270765.342676986,464.5474577685294
2725187.0592101812,1270812.54028477,476.0
2725187.1164355655,1270749.9220996122,463.1374577685295
2725187.1372806616,1270739.0456846845,462.0
2725187.156764757,1270806.902034063,475.0
2725187.170592364,1270750.9101889587,463.1374577685295
2725187.207718867,1270748.2463912838,466.0
2725187.2206786536,1270754.221556558,463.1374577685296
2725187.2299272483,1270797.425741745,473.0
2725187.236691164,1270760.7324094763,464.5474577685294
2725187.2707649423,1270757.532924157,463.13745776852954
2725187.2867774526,1270764.0437770756,464.54745776852945
2725187.3426711364,1270773.7420192107,469.0
2725187.38960467,1270758.472417821,463.1374577685295
2725187.38960467,1270758.472417821,464.5474577685295
2725187.463683918,1270752.9226566474,463.13745776852954
2725187.4796964284,1270759.433509566,464.54745776852945
2725187.513770207,1270756.2340242462,463.13745776852943
2725187.524743459,1270744.5593445217,464.0
2725187.5297827176,1270762.7448771647,464.5474577685294
2725187.5415779967,1270812.037800901,476.0
2725187.5468323547,1270742.7904799378,463.0
2725187.5638655927,1270792.3318940266,472.0
2725187.579869007,1270766.056244764,464.54745776852945
2725187.598745502,1270785.8916081786,471.0
2725187.6474531507,1270806.3206275795,475.0
2725187.662773774,1270767.0227360297,464.5474577685295
2725187.6990930624,1270801.69788564,474.0
2725187.706689183,1270751.6237567363,463.1374577685295
2725187.736706736,1270739.308761495,462.0
2725187.7567438874,1270780.0028736826,470.0
2725187.756775473,1270754.9351243356,463.13745776852966
2725187.772787983,1270761.4459772543,464.5474577685294
2725187.809702563,1270745.8091314952,465.0
2725187.8228742722,1270764.7573448534,464.5474577685294
2725187.9027246423,1270749.3313679593,463.1374577685295
2725187.9496944486,1270750.3248568259,463.1374577685295
2725187.999780738,1270753.6362244252,463.1374577685295
2725188.015793248,1270760.147077344,464.5474577685295
2725188.0184167842,1270747.689076405,466.0
2725188.0498670265,1270756.9475920242,463.13745776852954
2725188.065879537,1270763.4584449425,464.5474577685295
2725188.0872616926,1270797.1038915063,473.0
2725188.0960938716,1270742.3485713166,463.0
2725188.099522605,1270811.6403782829,476.0
2725188.147989125,1270744.1310411529,464.0
2725188.1758937463,1270757.8816861678,463.13745776852954
2725188.1758937463,1270757.8816861678,464.5474577685295
2725188.242786003,1270752.3373245145,463.13745776852954
2725188.2587985136,1270758.848177433,464.54745776852945
2725188.279395615,1270805.927265647,475.0
2725188.2928722915,1270755.6486921133,463.13745776852954
2725188.2975246413,1270768.0894824122,468.0
2725188.3088848023,1270762.1595450318,464.5474577685294
2725188.334107456,1270791.7865021476,472.0
2725188.3524664287,1270739.5790290325,462.0
2725188.358971091,1270765.470912631,464.54745776852945
2725188.377608246,1270773.5141811722,469.0
2725188.3928078534,1270801.233985459,474.0
2725188.4281976353,1270811.0585729922,476.0
2725188.449062851,1270766.4320043763,464.5474577685295
2725188.4821214974,1270785.5186672553,471.0
2725188.485791268,1270751.0384246036,463.13745776852954
2725188.5358775575,1270754.349792203,463.13745776852954
2725188.5518900678,1270760.8606451214,464.5474577685295
2725188.6019763565,1270764.1720127205,464.54745776852945
2725188.629728685,1270741.8881175183,463.0
2725188.6378954854,1270745.4885091253,465.0
2725188.663104519,1270779.536737131,470.0
2725188.6890137186,1270748.740636306,463.13745776852943
2725188.728796533,1270749.739524693,463.13745776852954
2725188.7502336404,1270743.670033762,464.0
2725188.778882822,1270753.0508922923,463.13745776852954
2725188.794895333,1270759.561745211,464.54745776852945
2725188.8289691107,1270756.3622598913,463.13745776852954
2725188.8449816215,1270762.8731128098,464.5474577685295
2725188.863150436,1270747.167006016,466.0
2725188.883211182,1270796.654464899,473.0
2725188.8842484723,1270810.5558905436,476.0
2725188.915908234,1270800.577897936,474.0
2725188.933444338,1270805.647078156,475.0
2725188.962182823,1270757.2909545149,463.13745776852943
2725188.962182823,1270757.2909545149,464.5474577685295
2725189.0218880875,1270751.7519923819,463.13745776852954
2725189.037032283,1270739.563946464,462.0
2725189.037900598,1270758.2628453001,464.54745776852945
2725189.0719743758,1270755.0633599805,463.1374577685295
2725189.0879868865,1270761.5742128992,464.54745776852945
2725189.1380731757,1270764.8855804983,464.5474577685294
2725189.1590471216,1270772.8656547675,469.0
2725189.171047939,1270741.4371055525,463.0
2725189.186492276,1270791.37849166,472.0
2725189.2353519276,1270765.8412727234,464.5474577685295
2725189.2510108356,1270767.7091674784,468.0
2725189.264893352,1270750.453092471,463.1374577685296
2725189.3149796408,1270753.76446007,463.13745776852954
2725189.330992152,1270760.2753129888,464.54745776852945
2725189.331229936,1270785.0830416041,471.0
2725189.331849437,1270744.949064,465.0
2725189.3810784407,1270763.5866805876,464.54745776852945
2725189.383484015,1270743.2530874484,464.0
2725189.407470258,1270810.1576352885,476.0
2725189.4651322234,1270805.1014066255,475.0
2725189.4753027954,1270748.1499046532,463.13745776852954
2725189.5078986175,1270749.1541925604,463.13745776852954
2725189.5221323203,1270778.9919684136,470.0
2725189.5547625152,1270720.6166580701,461.0
2725189.5579849062,1270752.4655601594,463.13745776852954
2725189.562461201,1270800.0124397883,474.0
2725189.573997417,1270758.9764130781,464.5474577685295
2725189.600371656,1270796.083728569,473.0
2725189.608071195,1270755.7769277585,463.13745776852943
2725189.624083706,1270762.2877806772,464.54745776852945
2725189.649430792,1270746.5530394535,466.0
2725189.685180028,1270809.5083859102,476.0
2725189.732739175,1270739.6166403499,462.0
2725189.743164165,1270741.025738886,463.0
2725189.7484719,1270756.7002228617,463.1374577685295
2725189.7484719,1270756.7002228617,464.5474577685295
2725189.8009901713,1270751.1666602488,463.13745776852954
2725189.817002682,1270757.6775131677,464.5474577685295
2725189.8510764604,1270754.4780278478,463.13745776852954
2725189.8670889707,1270760.9888807666,464.5474577685294
2725189.9171752604,1270764.3002483654,464.5474577685294
2725189.941971817,1270721.195110295,461.0
2725189.9797826083,1270742.7835060358,464.0
2725189.9987769043,1270790.8960248206,472.0
2725190.021641004,1270765.2505410705,464.5474577685295
2725190.043995436,1270749.8677603381,463.1374577685295
2725190.0551412813,1270744.4348247524,465.0
2725190.0770124923,1270772.499010054,469.0
2725190.094081726,1270753.1791279374,463.13745776852954
2725190.110094236,1270759.689980856,464.5474577685295
2725190.118531274,1270804.6986512265,475.0
2725190.12890636,1270767.1763996948,468.0
2725190.145812126,1270784.5861232935,471.0
2725190.160180526,1270763.0013484547,464.5474577685295
2725190.2242083214,1270809.0704392046,476.0
2725190.261591872,1270747.559173,463.1374577685295
2725190.2870007013,1270748.5688604277,463.1374577685296
2725190.292818922,1270721.799655144,461.0
2725190.3191319983,1270799.6185439266,474.0
2725190.323112797,1270740.6347172295,463.0
2725190.3370869905,1270751.8802280268,463.1374577685295
2725190.3530995017,1270758.3910809453,464.5474577685295
2725190.367008955,1270778.4215306966,470.0
2725190.3871732797,1270755.1915956256,463.1374577685295
2725190.3994146986,1270739.4098369265,462.0
2725190.4031857904,1270761.7024485443,464.5474577685295
2725190.41147191,1270795.6748768953,473.0
2725190.4955274127,1270746.0294405923,466.0
2725190.534760976,1270756.1094912088,463.1374577685295
2725190.534760976,1270756.1094912088,464.5474577685295
2725190.539690267,1270742.273702322,464.0
2725190.5800922555,1270750.581328116,463.13745776852954
2725190.5961047662,1270757.0921810349,464.54745776852945
2725190.6243764795,1270722.4129719904,461.0
2725190.6301785447,1270753.892695715,463.1374577685295
2725190.646191055,1270760.4035486337,464.5474577685294
2725190.6866923305,1270804.1872149433,475.0
2725190.696277344,1270763.7149162325,464.5474577685295
2725190.7426168756,1270808.5898885843,476.0
2725190.7773711644,1270743.9181362542,465.0
2725190.80793008,1270764.6598094173,464.5474577685295
2725190.8230975205,1270749.2824282052,463.1374577685295
2725190.826258732,1270790.439887255,472.0
2725190.8486355348,1270719.223677818,460.0
2725190.8547508935,1270740.172431639,463.0
2725190.87318381,1270752.5937958043,463.1374577685296
2725190.889196321,1270759.1046487233,464.5474577685295
2725190.8909295276,1270814.8859460356,477.0
2725190.93928261,1270762.416016322,464.5474577685294
2725190.958825928,1270766.5732201433,468.0
2725190.993135997,1270739.1069023353,462.0
2725191.013123626,1270784.1868205927,471.0
2725191.0478809485,1270746.9684413471,463.13745776852943
2725191.066102786,1270747.9835282948,463.1374577685295
2725191.077505146,1270741.7452694045,464.0
2725191.0798822283,1270772.257829715,469.0
2725191.0923713846,1270799.2400847361,474.0
2725191.116189075,1270751.2948958937,463.13745776852954
2725191.132201586,1270757.8057488124,464.5474577685295
2725191.1662753643,1270754.606263493,463.1374577685296
2725191.1822878746,1270761.1171164114,464.54745776852945
2725191.2233700734,1270777.8882419644,470.0
2725191.2521339143,1270722.6471514383,461.0
2725191.2593422025,1270795.3210401211,473.0
2725191.2624411336,1270745.3882740785,466.0
2725191.311063036,1270803.7407974275,475.0
2725191.3210500525,1270755.5187595556,463.13745776852954
2725191.3210500525,1270755.5187595556,464.5474577685295
2725191.3546064235,1270808.2353357056,476.0
2725191.3591943406,1270749.9959959832,463.13745776852954
2725191.368525779,1270739.690301559,463.0
2725191.3752068505,1270756.506848902,464.54745776852945
2725191.399381281,1270719.1836090714,460.0
2725191.409280629,1270753.307363582,463.13745776852954
2725191.42529314,1270759.8182165008,464.5474577685295
2725191.4299241332,1270814.4634116148,477.0
2725191.4346648804,1270743.3210895588,465.0
2725191.4753794293,1270763.1295840996,464.54745776852945
2725191.5120320534,1270738.6374115003,462.0
2725191.594219157,1270764.0690777642,464.5474577685295
2725191.602199605,1270748.6970960724,463.1374577685295
2725191.6310120407,1270789.944280659,472.0
2725191.652285894,1270752.0084636714,463.1374577685295
2725191.6682984047,1270758.5193165904,464.5474577685294
2725191.7183846943,1270761.8306841892,464.54745776852945
2725191.747990613,1270765.9203272185,468.0
2725191.749886356,1270741.3970234082,464.0
2725191.8049038877,1270783.6751958937,471.0
2725191.834170025,1270746.3777096937,463.1374577685295
2725191.84520487,1270747.3981961617,463.13745776852954
2725191.853004561,1270813.9252844783,477.0
2725191.8800462293,1270798.893092543,474.0
2725191.8945935704,1270718.9596874814,460.0
2725191.8952911594,1270750.709563761,463.13745776852954
2725191.9113036697,1270757.2204166797,464.54745776852945
2725191.9170834213,1270739.2482970892,463.0
2725191.926732142,1270722.8228332433,461.0
2725191.9338929653,1270777.1700679215,470.0
2725191.9453774486,1270754.0209313598,463.1374577685295
2725191.961389959,1270760.5317842788,464.5474577685295
2725191.9802688835,1270807.9244608628,476.0
2725191.9982785266,1270803.3955773998,475.0
2725192.0322132744,1270771.773962515,469.0
2725192.0675160456,1270738.2128617861,462.0
2725192.073757056,1270744.8181508884,466.0
2725192.1073391293,1270754.9280279025,463.13745776852943
2725192.10733913,1270754.9280279027,464.5474577685295
2725192.1162370215,1270794.9916307796,473.0
2725192.1382964244,1270749.4106638504,463.13745776852954
2725192.1543089347,1270755.921516769,464.54745776852945
2725192.1763781738,1270742.8357791994,465.0
2725192.188382713,1270752.7220314492,463.1374577685295
2725192.2043952234,1270759.232884368,464.5474577685294
2725192.25182194,1270813.3680054666,477.0
2725192.2544815135,1270762.544251967,464.54745776852957
2725192.316325781,1270740.8953609883,464.0
2725192.380508234,1270763.4783461113,464.5474577685295
2725192.3813016894,1270748.1117639395,463.13745776852954
2725192.4313879786,1270751.4231315388,463.1374577685296
2725192.4474004894,1270757.9339844575,464.5474577685295
2725192.448549886,1270718.977384129,460.0
2725192.481607168,1270789.5338283218,472.0
2725192.4881137153,1270738.8350519864,463.0
2725192.4974867785,1270761.2453520563,464.5474577685295
2725192.5774004753,1270802.9026937108,475.0
2725192.6096123178,1270765.361807172,468.0
2725192.614075847,1270798.444826601,474.0
2725192.6145598846,1270807.6285555724,476.0
2725192.6158222947,1270722.7966795634,461.0
2725192.6204591016,1270745.7869780408,463.1374577685295
2725192.624306955,1270746.812864029,463.13745776852954
2725192.644449131,1270776.4448996284,470.0
2725192.644454068,1270783.2041567846,471.0
2725192.6743932436,1270750.1242316281,463.13745776852954
2725192.68368464,1270737.8908137996,462.0
2725192.6904057544,1270756.6350845466,464.5474577685294
2725192.724479533,1270753.4355992272,463.13745776852954
2725192.735699749,1270718.4906756259,460.0
2725192.740492043,1270759.9464521457,464.54745776852945
2725192.8079496697,1270744.146131368,466.0
2725192.8812115015,1270742.2959002133,465.0
2725192.8839703645,1270813.1003050385,477.0
2725192.8936282056,1270754.3372962493,463.1374577685295
2725192.8936282056,1270754.3372962493,464.5474577685295
2725192.917398509,1270748.8253317175,463.13745776852954
2725192.9228433445,1270794.5501601535,473.0
2725192.9289486697,1270740.4556090843,464.0
2725192.933411019,1270755.3361846362,464.54745776852945
2725192.967484798,1270752.1366993166,463.13745776852943
2725192.9834973086,1270758.647552235,464.54745776852945
2725192.9926659605,1270771.2952827872,469.0
2725193.0335835977,1270761.9589198343,464.5474577685295
2725193.0359469536,1270738.395001746,463.0
2725193.132667011,1270737.3617329088,462.0
2725193.160403774,1270747.5264318066,463.1374577685295
2725193.16586505,1270722.3887413442,461.0
2725193.16679731,1270762.8876144579,464.5474577685295
2725193.1983231395,1270718.135205727,460.0
2725193.202399103,1270734.6243096266,462.0
2725193.210490063,1270750.837799406,463.13745776852954
2725193.2190636606,1270802.4920631782,475.0
2725193.2265025736,1270757.3486523246,464.5474577685294
2725193.241428597,1270735.3069886027,462.0
2725193.2484782995,1270788.9957401168,472.0
2725193.2515436797,1270807.3230223088,476.0
2725193.2765888628,1270760.6600199237,464.54745776852945
2725193.296453001,1270782.5014272192,471.0
2725193.311262788,1270733.9332413203,462.0
2725193.3112949426,1270736.7022718352,462.0
2725193.3229723456,1270736.0018718718,462.0
2725193.390677494,1270764.7002394442,468.0
2725193.4034090387,1270746.227531896,463.13745776852954
2725193.4067481784,1270745.196246388,463.1374577685295
2725193.410197172,1270812.6799986204,477.0
2725193.4351646546,1270798.2188782375,474.0
2725193.43871394,1270733.2444379653,462.0
2725193.453495328,1270749.5388994953,463.13745776852954
2725193.4610960437,1270775.8379325364,470.0
2725193.4695078386,1270756.049752414,464.54745776852945
2725193.481465921,1270717.0303592253,460.0
2725193.4956890577,1270717.642039564,460.0
2725193.503581618,1270752.8502670946,463.1374577685296
2725193.5182623863,1270739.9856331465,464.0
2725193.5195941282,1270759.361120013,464.5474577685295
2725193.554376943,1270737.9212590577,463.0
2725193.556073677,1270741.71945231,465.0
2725193.615254716,1270743.5679615,466.0
2725193.6417240514,1270801.855497556,475.0
2725193.6799172824,1270753.7465645964,463.1374577685295
2725193.6799172824,1270753.7465645964,464.5474577685295
2725193.6965005933,1270748.2399995846,463.13745776852954
2725193.7002974395,1270794.0594428643,473.0
2725193.7125131036,1270754.7508525033,464.5474577685294
2725193.7419428406,1270732.659238762,462.0
2725193.7465868816,1270751.5513671837,463.13745776852954
2725193.7498194133,1270722.0062522336,461.0
2725193.7625993923,1270758.0622201022,464.5474577685294
2725193.8126856815,1270761.373587701,464.5474577685294
2725193.8796544475,1270807.0088078687,476.0
2725193.8803781983,1270770.6919691118,469.0
2725193.883965776,1270812.1981645168,477.0
2725193.939505858,1270746.941099674,463.1374577685295
2725193.953086387,1270762.296882805,464.5474577685295
2725193.962408283,1270781.813501664,471.0
2725193.989592147,1270750.2524672733,463.13745776852954
2725194.0056046583,1270756.7633201918,464.5474577685295
2725194.0556909475,1270760.0746877906,464.5474577685295
2725194.0604898627,1270788.5119854405,472.0
2725194.0930752642,1270739.4980959608,464.0
2725194.1276792693,1270722.342732831,461.0
2725194.1351573127,1270737.52302493,463.0
2725194.1428876156,1270797.750228565,474.0
2725194.182511123,1270745.642199763,463.13745776852943
2725194.193037255,1270744.6055147345,463.1374577685295
2725194.2062783325,1270764.1201635364,468.0
2725194.2094434127,1270741.1178673832,465.0
2725194.232597412,1270748.9535673626,463.13745776852954
2725194.2473903354,1270732.1757197527,462.0
2725194.248609923,1270755.4644202814,464.54745776852945
2725194.2826837013,1270752.2649349615,463.1374577685296
2725194.298696212,1270758.7757878802,464.54745776852945
2725194.3276656424,1270721.650527832,461.0
2725194.331727227,1270775.385952386,470.0
2725194.354966995,1270801.608823847,475.0
2725194.4319792665,1270735.5453255516,463.0
2725194.4397818698,1270806.5870344047,476.0
2725194.451321681,1270722.848458653,461.0
2725194.452759912,1270721.7506999727,461.0
2725194.4662063587,1270753.155832943,464.5474577685295
2725194.4662063587,1270753.1558329433,463.13745776852954
2725194.4756026776,1270747.654667452,463.1374577685295
2725194.480627884,1270743.0661034836,466.0
2725194.4916151883,1270754.1655203705,464.54745776852945
2725194.4939065254,1270811.8806522689,477.0
2725194.5005348143,1270736.9385348728,463.0
2725194.5228957785,1270793.6525736894,473.0
2725194.5256889663,1270750.9660350508,463.13745776852954
2725194.5368098468,1270736.2416535616,463.0
2725194.541701477,1270757.4768879693,464.5474577685294
2725194.5917877667,1270760.7882555688,464.54745776852945
2725194.613516981,1270738.9458630092,464.0
2725194.6336394036,1270769.9210484773,469.0
2725194.678592138,1270740.3712090557,465.0
2725194.70104014,1270734.9464659984,463.0
2725194.718607942,1270746.355767541,463.1374577685294
2725194.7393754637,1270761.706151152,464.5474577685295
2725194.7451085285,1270781.4326356736,471.0
2725194.7686942318,1270749.6671351404,463.13745776852954
2725194.7832919583,1270721.2555142231,461.0
2725194.7847067425,1270756.177988059,464.5474577685295
2725194.823061811,1270731.778991592,462.0
2725194.834793031,1270759.489355658,464.5474577685294
2725194.8430001824,1270797.2518541003,474.0
2725194.8613486374,1270788.0122198872,472.0
2725194.9079557494,1270763.4313798456,468.0
2725194.949846955,1270734.3095503743,463.0
2725194.961613207,1270745.0568676302,463.1374577685295
2725194.9793263315,1270744.0147830816,463.1374577685295
2725195.011699497,1270748.3682352297,463.13745776852954
2725195.0277120075,1270754.8790881485,464.54745776852945
2725195.0339343334,1270806.2091160582,476.0
2725195.036347513,1270801.2550571884,475.0
2725195.0617857855,1270751.6796028288,463.13745776852954
2725195.0777982967,1270758.1904557475,464.5474577685295
2725195.097213096,1270715.609961581,460.0
2725195.1178260203,1270742.326126498,466.0
2725195.1259483085,1270811.6109328673,477.0
2725195.1442399975,1270722.8554157496,461.0
2725195.161405209,1270738.422556947,464.0
2725195.2524954355,1270752.5651012901,463.1374577685295
2725195.2524954355,1270752.5651012901,464.5474577685295
2725195.254704762,1270747.0693353189,463.1374577685295
2725195.270717272,1270753.5801882376,464.5474577685294
2725195.3008437757,1270775.6522950404,470.0
2725195.304791051,1270750.3807029182,463.1374577685295
2725195.3087834883,1270793.1801273564,473.0
2725195.3208035612,1270756.8915558367,464.5474577685294
2725195.322431399,1270731.2885225941,462.0
2725195.3411599863,1270715.2072238992,460.0
2725195.3708898504,1270760.2029234357,464.5474577685294
2725195.3769778647,1270769.1509093437,469.0
2725195.4599655545,1270739.9641698715,465.0
2725195.497710027,1270745.7704354085,463.13745776852943
2725195.5049031423,1270744.7143655745,463.1374577685295
2725195.52566454,1270761.1154194989,464.5474577685295
2725195.5346370474,1270733.921515685,463.0
2725195.5477963164,1270749.0818030075,463.13745776852954
2725195.551155513,1270796.774076486,474.0
2725195.5638088267,1270755.5926559262,464.5474577685295
2725195.587656524,1270780.9768990737,471.0
2725195.598185401,1270787.4202421173,472.0
2725195.604833103,1270805.7912870357,476.0
2725195.6138951164,1270758.9040235253,464.5474577685295
2725195.65772182,1270800.8078779755,475.0
2725195.7240248034,1270737.9131448267,464.0
2725195.7308555827,1270741.5351971865,466.0
2725195.7817077013,1270811.405910425,477.0
2725195.790422009,1270730.7770372746,462.0
2725195.790801581,1270747.7829030966,463.1374577685295
2725195.8068140913,1270754.2937560156,464.5474577685295
2725195.82201492,1270722.6933428298,461.0
2725195.8408878706,1270751.094270696,463.1374577685296
2725195.856900381,1270757.6051236147,464.54745776852945
2725195.9837286123,1270733.39602514,463.0
2725195.9858266385,1270792.5576844416,473.0
2725196.030479953,1270745.4139480675,463.1374577685295
2725196.033806846,1270746.484003186,463.13745776852954
2725196.0387845123,1270751.9743696372,463.1374577685295
2725196.0387845123,1270751.9743696372,464.54745776852945
2725196.0498193563,1270752.9948561047,464.5474577685294
2725196.083893135,1270749.7953707853,463.1374577685295
2725196.0947262505,1270737.2524836871,464.0
2725196.0999056455,1270756.3062237038,464.5474577685294
2725196.1241314155,1270775.107709104,470.0
2725196.149991935,1270759.6175913028,464.5474577685295
2725196.1791991647,1270739.4474708452,465.0
2725196.2505572615,1270805.5181720315,476.0
2725196.2622961802,1270786.752469007,472.0
2725196.2649824508,1270768.5433314103,469.0
2725196.311953617,1270760.5246878457,464.5474577685295
2725196.3268984,1270748.4964708746,463.1374577685295
2725196.3272525845,1270800.4342075672,475.0
2725196.339739199,1270796.4288639505,474.0
2725196.342910911,1270755.0073237934,464.5474577685294
2725196.367391999,1270811.0590227381,477.0
2725196.3929972006,1270758.3186913924,464.5474577685295
2725196.3931181817,1270730.4515491882,462.0
2725196.444939213,1270780.5546498252,471.0
2725196.4710356453,1270722.6377254839,461.0
2725196.5489281006,1270736.6527823415,464.0
2725196.556056764,1270746.1135305604,463.1374577685295
2725196.5659650727,1270741.034420793,466.0
2725196.5699036657,1270747.1975709642,463.1374577685295
2725196.5859161764,1270753.7084238827,464.5474577685295
2725196.6133561097,1270733.1168569648,463.0
2725196.6199899544,1270750.508938563,463.13745776852954
2725196.6268911147,1270774.2255173686,470.0
2725196.636002465,1270757.0197914818,464.54745776852945
2725196.7102573668,1270791.9921152107,473.0
2725196.822731698,1270744.5885708071,467.0
2725196.8250735886,1270751.383637984,463.1374577685295
2725196.8250735886,1270751.383637984,464.5474577685295
2725196.828921441,1270752.4095239723,464.5474577685295
2725196.862995219,1270749.2100386524,463.1374577685294
2725196.873677087,1270738.896028967,465.0
2725196.8790077297,1270755.7208915711,464.5474577685294
2725196.8810895816,1270729.9494199823,462.0
2725196.884392081,1270786.047908728,472.0
2725196.8901237305,1270805.243618129,476.0
2725196.908663382,1270810.640369269,477.0
2725196.9290940193,1270759.03225917,464.5474577685295
2725196.9492367916,1270767.7256853487,469.0
2725196.9920036793,1270800.056866699,475.0
2725197.0515945577,1270795.9515138469,474.0
2725197.0816335753,1270746.8131130533,463.1374577685295
2725197.098242693,1270759.9339561926,464.5474577685295
2725197.106000485,1270747.9111387418,463.13745776852954
2725197.1220129947,1270754.4219916603,464.5474577685294
2725197.133195362,1270722.8549237072,461.0
2725197.1439582976,1270736.1969617922,464.0
2725197.172099285,1270757.7333592596,464.5474577685295
2725197.2312705596,1270779.9967979519,471.0
2725197.251353303,1270732.828456526,463.0
2725197.2891125428,1270773.4578390396,470.0
2725197.3459007717,1270804.7194952848,476.0
2725197.3500925614,1270713.4912621523,460.0
2725197.3650182607,1270753.12309175,464.5474577685295
2725197.3990920386,1270749.92360643,463.13745776852943
2725197.4151045494,1270756.434459349,464.5474577685295
2725197.452228206,1270740.7272931212,466.0
2725197.4761453355,1270729.616382587,462.0
2725197.4811074375,1270791.491494772,473.0
2725197.488881898,1270810.27353126,477.0
2725197.54094875,1270785.3808761544,472.0
2725197.6072103856,1270747.5126955463,463.1374577685295
2725197.608023525,1270751.8241918392,464.5474577685294
2725197.6113626654,1270750.792906331,463.1374577685295
2725197.6113626654,1270750.792906331,464.5474577685295
2725197.6420973036,1270748.6247065193,463.13745776852943
2725197.6472507976,1270738.5661295867,465.0
2725197.658109814,1270755.135559438,464.5474577685294
2725197.701589418,1270799.7613377913,475.0
2725197.708196104,1270758.4469270373,464.54745776852945
2725197.7200050997,1270744.2339708866,467.0
2725197.7510314756,1270804.1442234777,476.0
2725197.7816319666,1270722.6462886396,461.0
2725197.7901995494,1270767.0533060504,469.0
2725197.8044287073,1270795.5358799326,474.0
2725197.8411720917,1270779.296458272,471.0
2725197.862245033,1270736.1291672874,464.0
2725197.88453177,1270759.3432245397,464.5474577685295
2725197.90111508,1270753.8366595278,464.5474577685295
2725197.9116284293,1270713.257918597,460.0
2725197.9512013686,1270757.1480271267,464.54745776852945
2725197.955693391,1270732.8356314437,463.0
2725198.1115702842,1270772.8561530125,470.0
2725198.1212222464,1270810.0071631623,477.0
2725198.132787197,1270748.212278039,463.1374577685295
2725198.144120345,1270752.5377596174,464.5474577685295
2725198.1718715834,1270729.5584865976,462.0
2725198.1781941233,1270749.3382742975,463.1374577685295
2725198.1942066336,1270755.8491272158,464.5474577685294
2725198.254950547,1270790.9947103756,473.0
2725198.296854565,1270799.2804503895,475.0
2725198.3323122067,1270743.4280119373,467.0
2725198.353230029,1270803.7750857964,476.0
2725198.366413731,1270784.9269152351,472.0
2725198.38712561,1270751.2388597063,464.54745776852945
2725198.3976517417,1270750.202174678,463.1374577685295
2725198.3976517417,1270750.202174678,464.5474577685295
2725198.431355071,1270740.8103534388,466.0
2725198.437211899,1270754.5502273054,464.5474577685295
2725198.442322381,1270722.4884361224,461.0
2725198.487298188,1270757.8615949044,464.5474577685295
2725198.5276144696,1270738.6638650233,465.0
2725198.540792833,1270778.6352125853,471.0
2725198.541435919,1270795.0951539972,474.0
2725198.590510181,1270736.3424117148,464.0
2725198.593118189,1270733.0484844376,463.0
2725198.593816343,1270766.3446317432,469.0
2725198.6583640072,1270748.9118605321,463.1374577685295
2725198.6708208467,1270758.7524928865,464.5474577685295
2725198.680217164,1270753.251327395,464.5474577685295
2725198.730303453,1270756.5626949938,464.5474577685294
2725198.778719431,1270809.8117445116,477.0
2725198.7925393395,1270729.8655664036,462.0
2725198.878010735,1270772.1869224238,470.0
2725198.923222429,1270751.952427484,464.5474577685295
2725198.931581842,1270733.6373012508,463.0
2725198.9550141045,1270803.4748967895,476.0
2725198.968013868,1270790.4146969507,473.0
2725198.9733087188,1270755.2637950834,464.54745776852957
2725198.982752125,1270798.9346615623,475.0
2725199.007816892,1270736.9351584287,464.0
2725199.132234689,1270734.3131804783,463.0
2725199.1345279706,1270722.5857935227,461.0
2725199.1541974167,1270777.8978485095,471.0
2725199.1662276946,1270750.653527574,464.5474577685295
2725199.1779704294,1270739.212054417,465.0
2725199.1839408185,1270749.6114430248,463.1374577685295
2725199.1839408185,1270749.6114430248,464.5474577685295
2725199.2163139833,1270753.9648951725,464.54745776852945
2725199.22198807,1270784.5262050342,472.0
2725199.222447059,1270743.4050527879,467.0
2725199.2664002725,1270757.2762627713,464.5474577685294
2725199.3114520563,1270794.7175678355,474.0
2725199.321013086,1270730.3256107355,462.0
2725199.3538518157,1270809.4400651567,477.0
2725199.3772027735,1270741.0800990413,466.0
2725199.384011003,1270765.6210379351,469.0
2725199.457109923,1270758.1617612334,464.5474577685295
2725199.459319249,1270752.665995262,464.5474577685295
2725199.4915852295,1270730.9934263723,462.0
2725199.5094055375,1270755.9773628612,464.5474577685295
2725199.544988234,1270737.4193105497,464.0
2725199.5918573784,1270803.2479295838,476.0
2725199.602911673,1270771.4744147635,470.0
2725199.6712591336,1270731.6452532895,462.0
2725199.6753263846,1270789.8281113324,473.0
2725199.68013798,1270739.9443977037,465.0
2725199.6951009994,1270798.659498789,475.0
2725199.7023245143,1270751.3670953517,464.54745776852957
2725199.7095176294,1270750.3110255178,464.5474577685295
2725199.7208297285,1270734.6519777447,463.0
2725199.7331511164,1270808.8713155342,477.0
2725199.7524108025,1270754.6784629505,464.5474577685295
2725199.830748443,1270722.5599926843,461.0
2725199.890751127,1270777.2802263882,471.0
2725199.9954160675,1270753.3795630396,464.54745776852945
2725200.004272666,1270794.2090298787,474.0
2725200.04109466,1270764.7719410176,469.0
2725200.045502357,1270756.690930639,464.54745776852945
2725200.048121498,1270784.0675476226,472.0
2725200.0762789915,1270741.7462566479,466.0
2725200.0948135005,1270736.7532522134,464.0
2725200.197299553,1270802.8872363365,476.0
2725200.2133269245,1270743.480085204,467.0
2725200.23509444,1270751.0106080105,464.5474577685295
2725200.238421333,1270752.0806631295,464.5474577685295
2725200.243399,1270757.5710295802,464.5474577685295
2725200.2574115237,1270737.4059970928,464.0
2725200.287595172,1270731.8418616983,462.0
2725200.2885076217,1270755.3920307285,464.54745776852957
2725200.2889264855,1270798.1814394542,475.0
2725200.2943406263,1270734.4913107934,463.0
2725200.297505085,1270789.159015079,473.0
2725200.3049148973,1270808.4937345511,477.0
2725200.3469416085,1270739.8012531833,465.0
2725200.378007911,1270736.0666793485,464.0
2725200.381545392,1270733.7946939315,463.0
2725200.3979939613,1270738.9148047094,465.0
2725200.470611384,1270770.9589601455,470.0
2725200.521537684,1270735.3214624566,464.0
2725200.522499821,1270722.5003454108,461.0
2725200.531512887,1270754.0931308176,464.5474577685295
2725200.5396190286,1270742.4398776065,466.0
2725200.5419972045,1270733.1297430503,463.0
2725200.5761097097,1270738.0455614924,465.0
2725200.725623584,1270783.4215884316,472.0
2725200.729420775,1270793.7544092569,474.0
2725200.754837788,1270776.8566597623,471.0
2725200.755768444,1270763.9694449687,469.0
2725200.7606712515,1270751.7101905036,464.5474577685295
2725200.7745181527,1270752.7942309072,464.5474577685295
2725200.779080589,1270731.3898304673,462.0
2725200.791173023,1270734.6312705239,464.0
2725200.8175234366,1270730.692480974,462.0
2725200.8180076187,1270802.548781083,476.0
2725200.824604441,1270756.105598506,464.5474577685294
2725200.866737683,1270797.6785339261,475.0
2725200.8881584434,1270737.2301182314,465.0
2725200.923856756,1270732.537931471,463.0
2725200.932356217,1270808.2204053313,477.0
2725201.029688076,1270756.9802979273,464.5474577685295
2725201.0661293156,1270788.6915773232,473.0
2725201.0676097064,1270754.8066985954,464.54745776852945
2725201.087926892,1270730.0667659193,462.0
2725201.129187619,1270741.4319037588,466.0
2725201.1563168303,1270740.4555186366,466.0
2725201.1631285665,1270722.6706515134,461.0
2725201.1768568344,1270745.93821777,468.0
2725201.203487973,1270743.5819613372,467.0
2725201.2059082184,1270746.9040733427,468.0
2725201.220114745,1270731.901239577,463.0
2725201.2862480623,1270752.4097729963,464.5474577685295
2725201.3106149714,1270753.5077986852,464.5474577685295
2725201.320841171,1270734.1416306077,464.0
2725201.3233212274,1270770.4022594532,470.0
2725201.3739033546,1270763.090089957,469.0
2725201.382381276,1270736.4994116677,465.0
2725201.396914446,1270782.786009763,472.0
2725201.403743681,1270802.1551707678,476.0
2725201.443314407,1270742.3494463798,466.0
2725201.4577528257,1270776.2110662614,471.0
2725201.465874361,1270733.4019535151,464.0
2725201.474310653,1270793.3232953488,474.0
2725201.481975089,1270729.4877104214,462.0
2725201.4821234876,1270730.5564970523,463.0
2725201.4859366305,1270731.2604878189,463.0
2725201.489922602,1270797.233562476,475.0
2725201.4997449084,1270807.8343488069,477.0
2725201.5453026537,1270739.5733486903,466.0
2725201.603706525,1270755.5202663732,464.54745776852945
2725201.7649015402,1270750.399539164,468.0
2725201.799582949,1270735.7356193713,465.0
2725201.811824873,1270753.1093554893,464.5474577685295
2725201.813512681,1270738.6486399942,466.0
2725201.815977153,1270756.3895662741,464.5474577685295
2725201.8174000927,1270722.5295807023,461.0
2725201.846711791,1270754.2213664628,464.54745776852957
2725201.853180267,1270788.2290809292,473.0
2725201.8558415514,1270730.0086546277,463.0
2725201.8644345193,1270781.9847447216,472.0
2725201.8893390624,1270732.780095985,464.0
2725201.8976171166,1270769.570377477,470.0
2725201.938024661,1270737.7106190484,466.0
2725201.990591125,1270762.21200857,469.0
2725202.0152291823,1270801.848337919,476.0
2725202.0224108687,1270745.4041826644,468.0
2725202.0316301845,1270749.41314701,468.0
2725202.0578714083,1270729.198129275,462.0
2725202.14063006,1270743.9462996616,467.0
2725202.153412102,1270796.8446982512,475.0
2725202.1668717065,1270747.1904256004,468.0
2725202.1682111165,1270792.8141535087,474.0
2725202.1780200778,1270775.5891897562,471.0
2725202.3374016844,1270753.8089379822,464.5474577685295
2725202.382808611,1270754.9349342405,464.54745776852957
2725202.383851173,1270732.2070753311,464.0
2725202.4025388174,1270781.2325302598,472.0
2725202.405905598,1270735.0954079037,465.0
2725202.465103654,1270722.431459649,461.0
2725202.4688759493,1270748.4842790528,468.0
2725202.471153151,1270729.8586647217,463.0
2725202.476843773,1270768.7340426333,470.0
2725202.5836645057,1270801.4863951397,476.0
2725202.5964883603,1270739.4632299775,467.0
2725202.602266229,1270755.7988346212,464.5474577685295
2725202.6144654714,1270736.9744218588,466.0
2725202.616699908,1270787.721094361,473.0
2725202.619363323,1270761.3446434669,469.0
2725202.627473438,1270738.4487558303,467.0
2725202.646687974,1270740.4652254204,467.0
2725202.709797674,1270796.317597752,475.0
2725202.7485438194,1270742.308092846,467.0
2725202.750028485,1270729.2753576515,462.0
2725202.7734983983,1270746.6136526028,468.0
2725202.806521649,1270731.5807026476,464.0
2725202.818991479,1270774.8725491476,471.0
2725202.856650304,1270792.298318153,474.0
2725202.8591127326,1270738.1174194058,467.0
2725202.8629784947,1270754.5085204751,464.5474577685295
2725202.888119844,1270730.1765529653,463.0
2725202.9152353494,1270747.6207158198,468.0
2725202.9265885754,1270741.3175279647,467.0
2725203.0324382177,1270745.395398973,468.0
2725203.034454787,1270744.4123442066,467.0
2725203.0349518303,1270722.0302482848,461.0
2725203.0359886014,1270760.3520973055,469.0
2725203.084423415,1270730.9324488065,464.0
2725203.0855411906,1270743.2317126894,467.0
2725203.147931247,1270734.6415994063,465.0
2725203.153666426,1270780.670102876,472.0
2725203.1713229925,1270768.006562505,470.0
2725203.172581596,1270801.1033717575,476.0
2725203.176141031,1270739.068021281,467.0
2725203.316616947,1270787.1287914943,473.0
2725203.375408627,1270795.9347418058,475.0
2725203.3800799153,1270736.3461355965,466.0
2725203.388555306,1270755.208102968,464.5474577685295
2725203.396859249,1270729.4934710967,462.0
2725203.4219777207,1270730.269385836,464.0
2725203.468589307,1270729.7915340704,463.0
2725203.4937270554,1270791.7195418705,474.0
2725203.5542938374,1270774.2493666126,471.0
2725203.5754397535,1270722.2210557056,461.0
2725203.7372783762,1270743.9545536581,467.0
2725203.7886825968,1270759.625070152,469.0
2725203.79551323,1270734.047231006,465.0
2725203.8278803267,1270800.8415436635,476.0
2725203.852959894,1270767.2514292477,470.0
2725203.893128139,1270738.6100575582,467.0
2725203.916911023,1270730.798298113,465.0
2725203.9451358076,1270786.4605029328,473.0
2725203.964647307,1270730.076355631,465.0
2725203.9647339764,1270795.4573097038,475.0
2725203.981272349,1270729.7613424212,464.0
2725203.9956340645,1270780.271501741,472.0
2725204.0274045873,1270729.2601245968,462.0
2725204.0505456235,1270745.3335602842,468.0
2725204.093050777,1270729.472917835,463.0
2725204.125115332,1270735.6809910373,466.0
2725204.157265912,1270791.1712257327,474.0
2725204.1931110565,1270722.2823513187,461.0
2725204.223590703,1270773.580849343,471.0
2725204.225721361,1270731.6257746585,465.0
2725204.228980538,1270722.8663411727,461.0
2725204.2831428037,1270733.3101428307,465.0
2725204.337274488,1270732.4801477198,465.0
2725204.465222905,1270800.5438191327,476.0
2725204.4930803706,1270728.743164957,462.0
2725204.5301273637,1270758.8809094916,469.0
2725204.5356393764,1270728.9394061016,463.0
2725204.5401797136,1270729.2603469857,464.0
2725204.5872865855,1270766.5470203978,470.0
2725204.595718679,1270729.4544619035,465.0
2725204.6123392084,1270737.9126305887,467.0
2725204.6187581164,1270795.230547118,475.0
2725204.637601927,1270785.8565825035,473.0
2725204.703935162,1270779.6930915434,472.0
2725204.7050207313,1270742.8388005036,468.0
2725204.776538525,1270734.9241156345,466.0
2725204.8663306874,1270790.6856864362,474.0
2725204.9051586455,1270772.9406062644,471.0
2725204.9547118465,1270728.3761073353,463.0
2725204.955980674,1270728.2202035189,462.0
2725204.9593798677,1270728.6336354078,464.0
2725204.996920352,1270800.1307507195,476.0
2725205.0274795215,1270743.7605231209,468.0
2725205.052586426,1270745.1114515483,468.0
2725205.071428437,1270741.000018442,468.0
2725205.1991318273,1270728.817340453,465.0
2725205.2076508906,1270765.7470532549,470.0
2725205.2214379674,1270741.9514411194,468.0
2725205.2399417297,1270758.0754252374,469.0
2725205.248030484,1270737.123252871,467.0
2725205.266995834,1270785.1882607618,473.0
2725205.2958818665,1270794.9144875184,475.0
2725205.3756437087,1270734.1309634685,466.0
2725205.381912618,1270757.0269134224,469.0
2725205.4249806814,1270779.0881884953,472.0
2725205.442724385,1270728.0679488569,464.0
2725205.447829298,1270727.7233665185,462.0
2725205.469036448,1270727.8995511797,463.0
2725205.471372769,1270772.1602856726,471.0
2725205.5799624124,1270799.855971904,476.0
2725205.583773475,1270790.2270783037,474.0
2725205.6185945002,1270755.9853858803,469.0
2725205.702199708,1270740.2379514752,468.0
2725205.7510666857,1270728.6932999333,465.0
2725205.867533547,1270731.3745697578,466.0
2725205.8699501604,1270754.9399847568,469.0
2725205.8702294035,1270764.9882053947,470.0
2725205.879264949,1270727.184595191,462.0
2725205.8829446724,1270736.3320892935,467.0
2725205.927014773,1270744.1971463084,468.0
2725205.929663756,1270784.5619515122,473.0
2725205.942060502,1270733.3328852567,466.0
2725205.9432905037,1270794.5030658902,475.0
2725205.9796302486,1270732.3654496835,466.0
2725205.983360746,1270727.4189152461,463.0
2725206.0384461153,1270739.2962027253,468.0
2725206.0519537767,1270744.91448132,468.0
2725206.0837795883,1270730.412314403,466.0
2725206.0864969813,1270728.0396648296,464.0
2725206.1229611877,1270771.4503250557,471.0
2725206.1563106645,1270789.5844228263,474.0
2725206.1721630623,1270799.5186404097,476.0
2725206.196692845,1270778.5420534424,472.0
2725206.257492869,1270753.940363634,469.0
2725206.2630584007,1270726.6160324523,462.0
2725206.2671936178,1270738.3216694223,468.0
2725206.357009419,1270726.8290849812,463.0
2725206.375906983,1270735.4463554895,467.0
2725206.397379104,1270764.11785782,470.0
2725206.4149194844,1270728.1239958776,465.0
2725206.44258312,1270727.641805498,464.0
2725206.4489825596,1270793.9675074532,475.0
2725206.462021693,1270752.8867814401,469.0
2725206.511208577,1270726.9107382938,464.0
2725206.685818397,1270799.0361061604,476.0
2725206.688345382,1270751.834214637,469.0
2725206.6943778456,1270729.6348786785,466.0
2725206.6972120083,1270784.055277213,473.0
2725206.7470447565,1270770.7241816204,471.0
2725206.7559130806,1270788.9689025152,474.0
2725206.814643341,1270726.2694523488,462.0
2725206.8339822358,1270777.8473302966,472.0
2725206.874917314,1270726.6347562247,463.0
2725206.9105399977,1270734.584492147,467.0
2725206.9167239526,1270793.3790866593,475.0
2725206.938205391,1270727.4375139775,465.0
2725206.9683826105,1270737.611191974,468.0
2725206.991781214,1270750.8000785331,469.0
2725207.039436261,1270726.970374193,464.0
2725207.219252593,1270763.5885063852,470.0
2725207.2457998185,1270749.7527437555,469.0
2725207.2653276646,1270726.5397818617,462.0
2725207.272192244,1270788.2846038295,474.0
2725207.2751873136,1270733.6426723911,467.0
2725207.3005018774,1270783.370806809,473.0
2725207.3518580617,1270798.8795242968,476.0
2725207.3575212853,1270728.8921250396,466.0
2725207.3702576,1270726.846966422,463.0
2725207.4143900857,1270736.6985642412,468.0
2725207.4496837817,1270792.839183734,475.0
2725207.4902514527,1270770.1193658162,471.0
2725207.4942308087,1270746.99376219,469.0
2725207.5111816064,1270777.2152462034,472.0
2725207.5385044524,1270748.7225487963,469.0
2725207.605284684,1270732.6859871934,467.0
2725207.809716193,1270731.7094288669,467.0
2725207.8286356116,1270735.7850282118,468.0
2725207.8431136915,1270798.4014547972,476.0
2725207.9035701538,1270746.5280252672,469.0
2725207.918918561,1270787.72018942,474.0
2725207.9300173223,1270728.0763032867,466.0
2725207.9720312064,1270762.9070428887,470.0
2725207.97472407,1270747.7403428138,469.0
2725207.9944406706,1270782.7789884892,473.0
2725208.0460091084,1270730.7701730002,467.0
2725208.0513138957,1270776.4632751895,472.0
2725208.0685673105,1270792.4055466687,475.0
2725208.181032404,1270734.8273916945,468.0
2725208.2411263403,1270769.527295657,471.0
2725208.3274195064,1270797.8935890063,476.0
2725208.4419528195,1270775.6596791972,472.0
2725208.5194768496,1270791.8138676498,475.0
2725208.6487189587,1270787.2646796477,474.0
2725208.6762910374,1270782.1641426312,473.0
2725208.7041186993,1270730.0577555655,467.0
2725208.776255666,1270762.2989198163,470.0
2725208.857676439,1270797.4270215095,476.0
2725208.896320042,1270734.1978885252,468.0
2725208.969393397,1270746.4092058656,469.0
2725208.9758493598,1270768.9025464596,471.0
2725209.104443831,1270791.3183177656,475.0
2725209.1141948802,1270774.995302941,472.0
2725209.2721188054,1270796.8588639467,476.0
2725209.3082946963,1270786.714803042,474.0
2725209.3182117776,1270733.32326286,468.0
2725209.3492381466,1270781.5510821862,473.0
2725209.399895781,1270732.312424817,468.0
2725209.5431506243,1270761.6277170358,470.0
2725209.5769334137,1270731.32067463,468.0
2725209.586556767,1270768.1583331584,471.0
2725209.763033857,1270774.3089738558,472.0
2725209.7660195543,1270790.9464944154,475.0
2725209.7738912357,1270796.3605209626,476.0
2725209.946645381,1270786.1405971018,474.0
2725209.9761566413,1270746.4397691889,469.0
2725210.025813465,1270780.9352238982,473.0
2725210.1717833616,1270760.8343777081,470.0
2725210.2217222,1270790.3301658737,475.0
2725210.287621687,1270795.8745852243,476.0
2725210.3159034844,1270767.532045857,471.0
2725210.5367519557,1270773.76666844,472.0
2725210.5903854934,1270795.2595229084,476.0
2725210.591907395,1270785.575526754,474.0
2725210.624138356,1270780.2392672857,473.0
2725210.6715322165,1270745.630573602,469.0
2725210.776592679,1270760.0230233707,470.0
2725210.9093618193,1270790.0110514984,475.0
2725210.938372757,1270744.5939981865,469.0
2725211.0138961812,1270766.8684533741,471.0
2725211.2071240684,1270794.9195504854,476.0
2725211.216198151,1270743.5643938065,469.0
2725211.2339991727,1270759.1179053746,470.0
2725211.259258519,1270785.0370454094,474.0
2725211.2783342926,1270779.593137604,473.0
2725211.35538374,1270773.3036051006,472.0
2725211.3983531725,1270758.1498485152,470.0
2725211.4887845386,1270789.6122731152,475.0
2725211.617855888,1270753.1269125561,470.0
2725211.6202403763,1270757.179388464,470.0
2725211.6342073698,1270742.6545327774,469.0
2725211.6751665333,1270754.1425502086,470.0
2725211.7346726013,1270755.1598745366,470.0
2725211.7414065055,1270752.1285352088,470.0
2725211.74555212,1270794.479383671,476.0
2725211.757224088,1270766.2535960802,471.0
2725211.765904866,1270756.177517122,470.0
2725211.89488277,1270778.9106794035,473.0
2725211.904444823,1270784.4700471167,474.0
2725212.006186043,1270789.0545082064,475.0
2725212.043407254,1270772.6616151026,472.0
2725212.065280627,1270740.831062539,469.0
2725212.0712958705,1270751.1741212094,470.0
2725212.233713264,1270741.813321587,469.0
2725212.325447761,1270794.1142008961,476.0
2725212.4356873017,1270765.5680107833,471.0
2725212.4527540226,1270778.1956817897,473.0
2725212.6052084025,1270750.3124512804,470.0
2725212.61641627,1270783.9862213773,474.0
2725212.6827736413,1270788.7475625824,475.0
2725212.7326918743,1270740.0231305035,469.0
2725212.7396585755,1270772.026443689,472.0
2725212.922680922,1270749.3842376624,470.0
2725212.958488291,1270764.7636853973,471.0
2725212.9798185267,1270793.8545580783,476.0
2725213.1760459677,1270777.6273989647,473.0
2725213.2074633013,1270788.199618124,475.0
2725213.3271635594,1270783.5060993433,474.0
2725213.369264554,1270793.2733937239,476.0
2725213.386449003,1270739.3646083106,469.0
2725213.421011275,1270771.3712090044,472.0
2725213.483222612,1270763.954746179,471.0
2725213.6002040687,1270748.6486580796,470.0
2725213.79746887,1270787.708268526,475.0
2725213.846123105,1270776.9980818098,473.0
2725213.920170528,1270792.8486300474,476.0
2725213.983519438,1270782.950432252,474.0
2725213.9924633703,1270763.1357985898,471.0
2725213.9927027696,1270738.4830833066,469.0
2725214.088561398,1270770.7055062552,472.0
2725214.228997194,1270747.8566386043,470.0
2725214.3921447173,1270787.2249100988,475.0
2725214.5344191394,1270776.3901642044,473.0
2725214.5347934845,1270762.3381739007,471.0
2725214.570396907,1270792.5715817208,476.0
2725214.6238071895,1270782.376363665,474.0
2725214.6335635935,1270737.6279296973,469.0
2725214.6942495895,1270769.9937012643,472.0
2725215.0193354627,1270792.0623341426,476.0
2725215.044879141,1270786.8272437244,475.0
2725215.1253972487,1270769.157135664,472.0
2725215.154645134,1270748.1708008023,470.0
2725215.176740391,1270781.7175204738,474.0
2725215.209236876,1270761.6482960319,471.0
2725215.248906852,1270775.8110733028,473.0
2725215.5150048444,1270786.2469697562,475.0
2725215.5891513824,1270791.6932535216,476.0
2725215.6533509567,1270768.3729739105,472.0
2725215.6697540674,1270781.0125951336,474.0
2725215.9066536697,1270775.1688574716,473.0
2725216.009593888,1270761.1299077156,471.0
2725216.021551862,1270748.6734570204,470.0
2725216.103488829,1270785.761001924,475.0
2725216.1035930347,1270767.5427597691,472.0
2725216.111274269,1270791.2412523981,476.0
2725216.2619488835,1270780.3923122617,474.0
2725216.41684257,1270774.4321393853,473.0
2725216.5647643013,1270790.709183081,476.0
2725216.604739124,1270766.7436114135,472.0
2725216.6189971305,1270785.1994501122,475.0
2725216.762575187,1270748.192296079,470.0
2725216.781546615,1270779.7072434952,474.0
2725216.9405280296,1270760.9475384215,471.0
2725216.94281686,1270784.5030078026,475.0
2725217.0860163686,1270773.8223880227,473.0
2725217.1315260585,1270765.9592514262,472.0
2725217.199849212,1270790.4172661847,476.0
2725217.3053435697,1270783.8270293244,475.0
2725217.4047963815,1270747.4139190232,470.0
2725217.405609164,1270779.1149465926,474.0
2725217.4446320985,1270765.0768475619,472.0
2725217.6039255755,1270760.2931451737,471.0
2725217.654045354,1270783.2068785047,475.0
2725217.6829982256,1270773.1249752005,473.0
2725217.719948396,1270789.9534235403,476.0
2725217.8445454403,1270782.5754351586,475.0
2725217.914257154,1270764.2601876212,472.0
2725217.962251678,1270746.5835172224,470.0
2725218.0092789233,1270778.5015057386,474.0
2725218.229078388,1270772.386308975,473.0
2725218.253192273,1270781.932052843,475.0
2725218.312126412,1270789.584853462,476.0
2725218.5160093177,1270760.0236828378,471.0
2725218.5183217963,1270763.5339264844,472.0
2725218.631048137,1270777.9066207798,474.0
2725218.637705314,1270771.564552435,473.0
2725218.740947872,1270745.9485844378,470.0
2725218.851085115,1270781.4496264767,475.0
2725218.8609538074,1270789.150339707,476.0
2725219.042363989,1270787.1977844771,476.0
2725219.0918256375,1270770.7649194945,473.0
2725219.1382703884,1270795.2814139668,477.0
2725219.167904916,1270777.238498101,474.0
2725219.184767209,1270788.5362998918,476.0
2725219.2035987335,1270786.5148375824,476.0
2725219.2142126155,1270762.9101753712,472.0
2725219.2208468257,1270787.8384003947,476.0
2725219.4228353524,1270785.849008805,476.0
2725219.434737674,1270759.7772076586,471.0
2725219.481281042,1270781.0175581856,475.0
2725219.5523318322,1270785.187383854,476.0
2725219.5685938103,1270769.9788495908,473.0
2725219.630086931,1270745.4515379788,470.0
2725219.7131347493,1270794.9041403737,477.0
2725219.743476977,1270776.631565159,474.0
2725219.7631416325,1270784.5559451273,476.0
2725219.783382312,1270783.8501623778,476.0
2725219.822440719,1270783.1526219375,476.0
2725220.045527703,1270769.1934115544,473.0
2725220.0497032804,1270780.5009339754,475.0
2725220.0715040136,1270762.574990078,472.0
2725220.183867544,1270782.5648013286,476.0
2725220.3242137074,1270794.6338550765,477.0
2725220.3812641953,1270759.899913489,471.0
2725220.4415140944,1270776.133445289,474.0
2725220.500692933,1270768.3977781136,473.0
2725220.574925481,1270781.982786024,476.0
2725220.720093236,1270780.1388815616,475.0
2725220.7782653617,1270783.0493208128,477.0
2725220.7858758713,1270783.6848276905,477.0
2725220.836787991,1270794.2038058843,477.0
2725220.906557514,1270782.375262734,477.0
2725220.916017144,1270762.1702792784,472.0
2725220.9315005443,1270767.6188171294,473.0
2725220.968180338,1270775.4648110508,474.0
2725221.0328030614,1270760.4403269,471.0
2725221.0735339327,1270781.4835251255,476.0
2725221.0946641914,1270784.2948273616,477.0
2725221.2180917445,1270779.5675806445,475.0
2725221.2979284446,1270774.6787317826,474.0
2725221.3746400885,1270784.9220192656,477.0
2725221.4182262025,1270781.927382979,477.0
2725221.4528408404,1270766.889180689,473.0
2725221.5478264093,1270773.1363851214,474.0
2725221.557102789,1270773.9275605239,474.0
2725221.6637544185,1270781.1010234354,476.0
2725221.672490311,1270785.5407904794,477.0
2725221.712117279,1270761.091055574,471.0
2725221.7805601205,1270761.8328333003,472.0
2725221.786793307,1270779.0751768358,475.0
2725221.8655515304,1270786.1995206322,477.0
2725221.8755372716,1270793.4307000418,477.0
2725221.902468095,1270781.4393409456,477.0
2725222.0517728566,1270792.7677596952,477.0
2725222.118857725,1270780.5790236075,476.0
2725222.142400861,1270766.3219235744,473.0
2725222.1739786863,1270786.8103124052,477.0
2725222.227943742,1270773.0402917508,474.0
2725222.2463784097,1270778.4681095663,475.0
2725222.2791660037,1270792.1187150578,477.0
2725222.281102014,1270779.9046053311,476.0
2725222.422305383,1270787.450825771,477.0
2725222.43901941,1270781.010123252,477.0
2725222.5115450793,1270791.4714180196,477.0
2725222.5207585166,1270765.4855078077,473.0
2725222.557331351,1270779.2637615153,476.0
2725222.60917121,1270788.1069051242,477.0
2725222.62280646,1270789.475268458,477.0
2725222.659630011,1270788.7925528907,477.0
2725222.664315554,1270790.1575020978,477.0
2725222.6669299616,1270761.1236721978,471.0
2725222.7043963633,1270761.8834738338,472.0
2725222.7508984194,1270790.8338091236,477.0
2725222.7888571927,1270778.6381099813,476.0
2725222.798395929,1270783.435321601,478.0
2725222.8091709977,1270777.956912768,475.0
2725222.827205074,1270784.111628602,478.0
2725222.8612114945,1270780.4931419066,477.0
2725222.905814895,1270779.8583891462,477.0
2725222.991967839,1270772.6884619975,474.0
2725223.080917947,1270764.7681956051,473.0
2725223.106319043,1270784.6712039637,478.0
2725223.188839323,1270779.2322831464,477.0
2725223.216200271,1270785.294674759,478.0
2725223.2527367263,1270782.9850921987,478.0
2725223.357997297,1270778.2468163883,476.0
2725223.4657291905,1270777.5690132175,475.0
2725223.490071934,1270785.895517522,478.0
2725223.5751839997,1270772.062608708,474.0
2725223.6109242514,1270760.9537202292,471.0
2725223.6309782485,1270761.9193520364,472.0
2725223.683842755,1270782.4735894164,478.0
2725223.760947704,1270778.9617764445,477.0
2725223.8125141533,1270764.211386992,473.0
2725223.9616339165,1270786.3739465103,478.0
2725224.0364428083,1270777.1098398142,475.0
2725224.036934157,1270771.3385837828,474.0
2725224.0549794496,1270778.130447938,476.0
2725224.1251371144,1270781.9596596863,478.0
2725224.280547801,1270770.5158097297,474.0
2725224.3924545287,1270760.423989871,471.0
2725224.399128145,1270778.7188577105,477.0
2725224.433886547,1270763.5405808133,473.0
2725224.445089902,1270786.8441906695,478.0
2725224.5017664954,1270761.5618245234,472.0
2725224.5304078558,1270776.5394198438,475.0
2725224.545675887,1270775.9222666787,475.0
2725224.6133234613,1270769.7339943754,474.0
2725224.6256191633,1270789.3990189296,478.0
2725224.6393164033,1270781.5197839383,478.0
2725224.647855085,1270777.779067121,476.0
2725224.691907769,1270787.470365511,478.0
2725224.7462959043,1270788.7459847874,478.0
2725224.775911579,1270790.0176847186,478.0
2725224.7882311856,1270775.2351905124,475.0
2725224.8330990323,1270788.1254258337,478.0
2725225.0500896852,1270778.4998046774,477.0
2725225.1624798123,1270777.3019149443,476.0
2725225.163160481,1270763.026002722,473.0
2725225.179353683,1270769.0887151267,474.0
2725225.1948691057,1270781.1624271546,478.0
2725225.20900476,1270790.541673702,478.0
2725225.219122786,1270759.9299575172,471.0
2725225.322559988,1270761.1038109788,472.0
2725225.3745187456,1270774.7449559884,475.0
2725225.467960256,1270791.1583681642,478.0
2725225.619306077,1270776.7617495714,476.0
2725225.651777062,1270778.1714812566,477.0
2725225.701045991,1270768.4040700044,474.0
2725225.843560756,1270781.0617226844,478.0
2725225.949785034,1270759.3076893175,471.0
2725225.957181532,1270762.5790668717,473.0
2725226.0466846656,1270777.6219448939,477.0
2725226.051060877,1270774.3797113106,475.0
2725226.0610591015,1270760.5141720157,472.0
2725226.137586347,1270776.2856524368,476.0
2725226.2779515083,1270767.7745806256,474.0
2725226.4180562953,1270781.3691339893,478.0
2725226.4998908266,1270777.106584079,477.0
2725226.6316442657,1270775.7835208462,476.0
2725226.648628208,1270773.9053629884,475.0
2725226.6692465665,1270758.6823715107,471.0
2725226.7718049204,1270762.2031400127,473.0
2725226.897369278,1270760.0920973688,472.0
2725226.924298837,1270767.2135863523,474.0
2725227.052844297,1270776.713595546,477.0
2725227.0610015593,1270781.3677993277,478.0
2725227.2652381095,1270775.5444717207,476.0
2725227.302862109,1270773.5058351909,475.0
2725227.4985150117,1270758.2738831686,471.0
2725227.507037574,1270766.583706202,474.0
2725227.523828337,1270759.4581312542,472.0
2725227.5614595506,1270761.7394634648,473.0
2725227.611060595,1270780.9740201174,478.0
2725227.707331877,1270776.5151612095,477.0
2725227.899062407,1270780.3811929922,478.0
2725227.9203488417,1270773.0739204497,475.0
2725227.963033531,1270775.596959853,476.0
2725228.069494421,1270779.7237038133,478.0
2725228.1393745337,1270765.9994290627,474.0
2725228.2094787396,1270758.821749741,472.0
2725228.2365690707,1270757.6588981086,471.0
2725228.242769041,1270779.0698565142,478.0
2725228.2978766495,1270761.1901754842,473.0
2725228.3132374333,1270776.2406332118,477.0
2725228.4204238965,1270775.298651308,476.0
2725228.474374525,1270772.5436324738,475.0
2725228.5570324427,1270778.469812298,478.0
2725228.624610102,1270775.6424688422,477.0
2725228.6919033984,1270765.347511522,474.0
2725228.739175199,1270777.8174363093,478.0
2725228.8768935874,1270764.5073971492,474.0
2725228.897193687,1270774.8768633164,476.0
2725228.9819779545,1270760.5773856025,473.0
2725229.0136839496,1270775.3916776276,477.0
2725229.0716152936,1270758.463094029,472.0
2725229.1043599537,1270777.2803170024,478.0
2725229.1166552873,1270772.125220934,475.0
2725229.4146437175,1270763.8692204026,474.0
2725229.5507523622,1270774.7372213178,476.0
2725229.6231740923,1270776.849390435,478.0
2725229.6654759794,1270775.5653372742,477.0
2725229.689988675,1270759.9901863064,473.0
2725229.7336776108,1270771.6701212209,475.0
2725229.7338069403,1270763.0956767735,474.0
2725229.9669022462,1270762.278605538,474.0
2725230.0134056746,1270774.2267370215,476.0
2725230.043592981,1270775.0863262378,477.0
2725230.0621090154,1270761.4236238012,474.0
2725230.0969941746,1270776.3690320337,478.0
2725230.208023713,1270774.4198503017,477.0
2725230.350718415,1270771.2138378532,475.0
2725230.551202611,1270773.7691227165,476.0
2725230.606276539,1270760.844759042,474.0
2725230.7230896996,1270776.1062192018,478.0
2725230.78101863,1270774.077288701,477.0
2725230.9204168753,1270770.6972544456,475.0
2725231.094463441,1270773.3177804574,476.0
2725231.248218361,1270775.6813332587,478.0
2725231.334514212,1270773.669616159,477.0
2725231.522880884,1270770.222530188,475.0
2725231.690265902,1270772.9498986956,476.0
2725231.716540509,1270775.2018827638,478.0
2725231.890327018,1270773.2660545635,477.0
2725232.1501104627,1270769.7788625844,475.0
2725232.172205557,1270774.7025051145,478.0
2725232.231474679,1270772.4980126894,476.0
2725232.4766438156,1270772.9066163867,477.0
2725232.5518995826,1270769.1562028131,475.0
2725232.5881162486,1270774.1734640803,478.0
2725232.8480676766,1270768.4694934627,475.0
2725232.9054613635,1270772.3105553172,476.0
2725233.032923919,1270773.6935315789,478.0
2725233.1096463753,1270772.6420154492,477.0
2725233.3596727857,1270767.917839917,475.0
2725233.5022878842,1270771.9337949501,476.0
2725233.679007307,1270773.5721238232,478.0
2725233.6855455786,1270772.2735513928,477.0
2725233.778437662,1270767.2776458291,475.0
2725234.075077748,1270771.5222631977,476.0
2725234.249163153,1270771.8798128301,477.0
2725234.290746752,1270773.3084021253,478.0
2725234.299920734,1270766.7395114773,475.0
2725234.6016000668,1270771.050493042,476.0
2725234.7106493562,1270771.3700112093,477.0
2725234.8641328095,1270772.9433386554,478.0
2725235.125839228,1270770.5753912118,476.0
2725235.219853271,1270770.9078467875,477.0
2725235.36324882,1270772.5346890267,478.0
2725235.662205217,1270770.1157769095,476.0
2725235.78421362,1270770.5178717999,477.0
2725235.96453496,1270772.3119578008,478.0
2725236.210731008,1270769.673462092,476.0
2725236.303161624,1270771.7594088856,478.0
2725236.321707339,1270770.0897222257,477.0
2725236.3316797065,1270771.1156687606,478.0
2725236.665523475,1270770.526156461,478.0
2725236.887372313,1270769.7071157342,477.0
2725237.1469064318,1270770.0583949564,478.0
2725238.5679330206,1270782.8267915447,479.0
2725238.8458382464,1270782.3825299728,479.0
2725239.116556532,1270781.9337990922,479.0
2725239.3814039766,1270781.4816190796,479.0
2725239.6816272326,1270781.0530596205,479.0
2725240.058695623,1270780.691193019,479.0
2725240.441310237,1270780.3332850637,479.0
2725240.81757948,1270779.9684984812,479.0
2725241.1938487226,1270779.603711899,479.0
2725241.5701179653,1270779.2389253164,479.0
2725242.028419627,1270779.0879932134,479.0
2725242.5292461743,1270779.2142427228,479.0
2725243.017438936,1270779.4046493024,479.0
2725243.5033281087,1270779.6009860546,479.0
