x,y,z
2725145.6836687694,1270753.919434318,463.0
2725146.1729963226,1270754.4253473063,463.0
2725146.7265040046,1270754.8602241315,463.0
2725147.418134495,1270754.7334488586,463.0
2725148.1153528346,1270754.6303678965,463.0
2725148.813641046,1270754.536313679,463.0
2725149.486024871,1270754.3349496368,463.0
2725150.0369413337,1270763.374597809,464.0
2725150.1584695866,1270754.1516492453,463.0
2725150.4324017107,1270750.3074345633,462.0
2725150.7758386713,1270763.2088781795,464.0
2725150.8448739443,1270753.997920932,463.0
2725150.960169751,1270750.7659210325,462.0
2725151.377852428,1270765.081053678,465.0
2725151.4908868265,1270751.2156544174,462.0
2725151.501948855,1270753.7422055546,463.0
2725151.519427697,1270763.3281503366,464.0
2725152.1094559245,1270764.650014224,465.0
2725152.1474860287,1270751.3991346573,462.0
2725152.166231158,1270753.506350934,463.0
2725152.2570041483,1270763.3571090815,464.0
2725152.7652102187,1270753.139329549,463.0
2725152.8021365884,1270751.1769450137,462.0
2725152.836774335,1270762.9035550356,464.0
2725152.8926537996,1270764.5369946347,465.0
2725153.3204707545,1270770.0211365563,466.0
2725153.3992049256,1270752.835468146,463.0
2725153.431275733,1270750.8851403734,462.0
2725153.5050313203,1270762.6593279815,464.0
2725153.7501312518,1270764.3070595548,465.0
2725153.9734463776,1270752.4264020133,463.0
2725154.048962844,1270762.13045697,464.0
2725154.086042927,1270750.651264655,462.0
2725154.238089959,1270769.6447979363,466.0
2725154.576496439,1270763.9859692398,465.0
2725154.6153645837,1270752.1417480137,463.0
2725154.725739111,1270750.3655527427,462.0
2725154.7352224137,1270761.9339753157,464.0
2725155.147425298,1270769.2310677895,466.0
2725155.2434801017,1270751.8239076221,463.0
2725155.316955479,1270761.4584875957,464.0
2725155.353527202,1270750.0552887511,462.0
2725155.3822020614,1270763.6173442157,465.0
2725155.8614570946,1270751.48607312,463.0
2725155.9902478345,1270761.1314529562,464.0
2725156.0012305835,1270749.7883280755,462.0
2725156.098506396,1270768.920779926,466.0
2725156.1941475915,1270763.2622485505,465.0
2725156.461514016,1270751.1163797122,463.0
2725156.6238774676,1270760.7186197727,464.0
2725156.6373087335,1270749.494343538,462.0
2725156.6921704058,1270775.1772736118,467.0
2725157.0083398456,1270762.9105372974,465.0
2725157.0660839444,1270768.7080068267,466.0
2725157.075555396,1270750.7699283562,463.0
2725157.2044745497,1270760.2304234828,464.0
2725157.2291223793,1270749.1212602493,462.0
2725157.2677713134,1270745.5747313602,461.0
2725157.570122938,1270774.6803228997,467.0
2725157.673999285,1270750.3979181312,463.0
2725157.8381777317,1270748.7751650503,462.0
2725157.8486895952,1270762.6370538138,465.0
2725157.8591772337,1270759.869518594,464.0
2725157.869455708,1270745.9112875871,461.0
2725158.0203753137,1270768.4124388746,466.0
2725158.3073016335,1270750.089477503,463.0
2725158.4413495716,1270759.3833397366,464.0
2725158.468041518,1270748.4712800584,462.0
2725158.529715122,1270774.3513727076,467.0
2725158.542017795,1270746.0900371766,461.0
2725158.6731541455,1270762.307876197,465.0
2725158.93382576,1270749.7664174791,463.0
2725158.997081588,1270758.8673564189,464.0
2725159.009509121,1270768.2948460698,466.0
2725159.076356276,1270748.1338909303,462.0
2725159.1237887675,1270781.1557939227,468.0
2725159.2105817157,1270746.0354403465,461.0
2725159.506540171,1270762.0619799662,465.0
2725159.5209178478,1270774.3057704135,467.0
2725159.56193747,1270749.4461762388,463.0
2725159.6461459463,1270747.7262037175,462.0
2725159.668372888,1270758.660100105,464.0
2725159.8349864585,1270745.7258776473,461.0
2725159.9644507905,1270768.0335771758,466.0
2725160.0003251247,1270780.650507793,468.0
2725160.160880746,1270749.0763377608,463.0
2725160.2304115794,1270758.1827239415,464.0
2725160.2573815384,1270747.3863389073,462.0
2725160.2971578618,1270761.660313642,465.0
2725160.416810084,1270745.3396299696,461.0
2725160.5136113735,1270774.2841460228,467.0
2725160.795680182,1270748.772424978,463.0
2725160.844081116,1270747.0039349757,462.0
2725160.8892931314,1270757.8147172194,464.0
2725160.9315665876,1270767.8103418164,466.0
2725160.959114135,1270780.304448031,468.0
2725160.9799219267,1270744.9328832359,461.0
2725161.0803468293,1270761.2546520329,465.0
2725161.422691687,1270748.4502088316,463.0
2725161.423155103,1270746.6138145619,462.0
2725161.5059118085,1270774.095851109,467.0
2725161.565989732,1270744.5554135763,461.0
2725161.5972836455,1270757.5454543163,464.0
2725161.863755834,1270767.4619789603,466.0
2725161.864794426,1270760.8405879189,465.0
2725161.9244339317,1270779.9875701675,468.0
2725161.9852655367,1270746.1992742126,462.0
2725162.0357745285,1270748.867868961,463.0
2725162.095816617,1270748.3436772483,463.0
2725162.1323006894,1270744.1462224,461.0
2725162.244059442,1270786.1953741685,469.0
2725162.246167877,1270757.15987952,464.0
2725162.4647638523,1270773.7663212032,467.0
2725162.5795352003,1270745.8283520672,462.0
2725162.6607487337,1270749.1886287706,463.0
2725162.7184581645,1270760.6071980775,465.0
2725162.7262056028,1270743.7779746747,461.0
2725162.830800264,1270767.2041505042,466.0
2725162.9355450696,1270779.8214100935,468.0
2725162.938242647,1270759.8037257362,465.0
2725162.972644915,1270757.3167636134,464.0
2725163.17733417,1270785.6638538039,469.0
2725163.1885786364,1270745.4818033176,462.0
2725163.301014476,1270743.3808459209,461.0
2725163.3345800634,1270749.383185558,463.0
2725163.4209068194,1270773.4286034931,467.0
2725163.6074739005,1270759.2297095796,465.0
2725163.6665492356,1270757.6123486776,464.0
2725163.7971676067,1270745.1362751063,462.0
2725163.8108858136,1270767.0081803538,466.0
2725163.9181871507,1270779.5260754307,468.0
2725163.9310854236,1270743.082165659,461.0
2725163.970970354,1270749.6864256756,463.0
2725164.1863355497,1270785.2933467682,469.0
2725164.3824917423,1270744.7511201347,462.0
2725164.3955360632,1270757.79423891,464.0
2725164.404912684,1270773.1878617825,467.0
2725164.4109745016,1270790.9723154213,470.0
2725164.4332074146,1270758.9321873782,465.0
2725164.572126357,1270750.044282576,463.0
2725164.587965587,1270742.843397305,461.0
2725164.7836959166,1270766.7858421898,466.0
2725164.907744147,1270779.2682793534,468.0
2725164.974813757,1270744.3767072859,462.0
2725165.115373847,1270757.9830284892,464.0
2725165.179482506,1270750.4006694115,463.0
2725165.2026446383,1270742.5151811703,461.0
2725165.219917543,1270785.1513994928,469.0
2725165.227286787,1270790.3796372917,470.0
2725165.311075312,1270758.804761763,465.0
2725165.3951972104,1270772.9654618027,467.0
2725165.577525044,1270744.0202935878,462.0
2725165.60609153,1270766.2414873468,466.0
2725165.7740654107,1270758.3303352564,464.0
2725165.830919626,1270750.6371414114,463.0
2725165.8588770307,1270742.2794260522,461.0
2725165.875906096,1270778.9336520587,468.0
2725166.0905061625,1270759.102462885,465.0
2725166.1588206748,1270789.9665734835,470.0
2725166.1990716225,1270743.6972596592,462.0
2725166.292576907,1270785.0628261913,469.0
2725166.3508449094,1270758.8203674788,464.0
2725166.3644626364,1270772.68186061,467.0
2725166.364944085,1270750.8701168336,463.0
2725166.4818761246,1270741.9642262098,461.0
2725166.534918122,1270765.9937254735,466.0
2725166.8187412885,1270743.3701480352,462.0
2725166.835437902,1270751.3724257788,463.0
2725166.853627298,1270778.6901504928,468.0
2725166.9304699674,1270759.246521188,465.0
2725167.0538092046,1270759.0184157514,464.0
2725167.112075191,1270741.665763337,461.0
2725167.1213716855,1270789.6630145253,470.0
2725167.1801190176,1270795.7726292098,471.0
2725167.355808203,1270784.905618855,469.0
2725167.36985603,1270772.5489622299,467.0
2725167.453056596,1270743.0736446383,462.0
2725167.453947466,1270765.8115310716,466.0
2725167.531936184,1270751.445286985,463.0
2725167.6566922246,1270741.2444087255,461.0
2725167.728683274,1270764.8508120063,466.0
2725167.805590513,1270759.3360507807,465.0
2725167.810649269,1270759.0609581827,464.0
2725167.8107943223,1270778.368767293,468.0
2725168.0223217,1270795.301830783,471.0
2725168.0340478094,1270742.6870258432,462.0
2725168.1398315947,1270789.6543328855,470.0
2725168.195558443,1270784.2608322024,469.0
2725168.2133293655,1270751.2869667474,463.0
2725168.275728435,1270740.9281951492,461.0
2725168.361028073,1270772.3768629362,467.0
2725168.5452887253,1270758.990763636,464.0
2725168.5531577687,1270742.2181372922,462.0
2725168.562232429,1270764.318262384,466.0
2725168.584214855,1270759.2331546918,465.0
2725168.726816695,1270740.3946195254,461.0
2725168.8009863338,1270778.2049059595,468.0
2725168.897191955,1270741.641529488,462.0
2725168.9011312556,1270751.1654138812,463.0
2725168.9184343023,1270794.951591819,471.0
2725169.0813854327,1270783.665207919,469.0
2725169.1541113677,1270789.6347575628,470.0
2725169.1553917336,1270758.5551076178,464.0
2725169.170818826,1270755.163455767,464.0
2725169.177418682,1270737.5075484822,460.0
2725169.260186002,1270758.6637946288,465.0
2725169.2637072327,1270741.1144042974,462.0
2725169.2639092524,1270771.915097158,467.0
2725169.336634757,1270755.834038138,464.0
2725169.3539956706,1270740.155071044,461.0
2725169.364686112,1270763.7416356648,466.0
2725169.4693942424,1270754.484403938,464.0
2725169.50788565,1270756.5646879212,464.0
2725169.5709295813,1270751.0346308495,463.0
2725169.5828270493,1270757.958452366,464.0
2725169.607260541,1270762.812343904,466.0
2725169.6913388083,1270739.5739720317,461.0
2725169.7300556046,1270756.4990100993,465.0
2725169.771991397,1270755.6723620682,465.0
2725169.7742610876,1270737.602396355,460.0
2725169.7859315593,1270794.5377101,471.0
2725169.7986655254,1270753.833131249,464.0
2725169.809320732,1270757.2591411602,464.0
2725169.816660643,1270778.0756220638,468.0
2725169.8844602536,1270740.7928381297,462.0
2725169.8902842915,1270758.057026771,465.0
2725169.9676932106,1270761.8808138014,466.0
2725169.9787396085,1270800.9076524486,472.0
2725170.0793896364,1270783.310918954,469.0
2725170.106491678,1270789.3714780398,470.0
2725170.128925158,1270771.384059787,467.0
2725170.1554546384,1270757.2425527866,465.0
2725170.211469263,1270739.3238453295,461.0
2725170.2576044,1270750.9205096192,463.0
2725170.337361217,1270737.3589095562,460.0
2725170.4985312466,1270740.4669648837,462.0
2725170.5389122805,1270753.6656853089,464.0
2725170.6456157947,1270755.513320295,465.0
2725170.7416222766,1270794.4471366182,471.0
2725170.7604759224,1270800.3842765475,472.0
2725170.7709615207,1270777.6974402699,468.0
2725170.7717678435,1270738.9127823082,461.0
2725170.8438674826,1270761.7279017179,466.0
2725170.897656943,1270750.7264346727,463.0
2725170.9187013754,1270737.1723925795,460.0
2725170.9706459683,1270788.8312008576,470.0
2725171.0527061163,1270770.9742154705,467.0
2725171.094230968,1270740.1003701205,462.0
2725171.115537968,1270762.8256883353,466.0
2725171.147300807,1270783.1676449738,469.0
2725171.20753913,1270752.0463599213,464.0
2725171.260200032,1270753.4358483134,464.0
2725171.347091876,1270754.991693263,465.0
2725171.3856664826,1270738.5858913786,461.0
2725171.4173679836,1270750.2520062856,463.0
2725171.4483692124,1270751.4925472487,464.0
2725171.4518686705,1270752.757094806,464.0
2725171.452596443,1270799.7604589139,472.0
2725171.478802809,1270736.9226016595,460.0
2725171.4837544374,1270735.605055416,459.0
2725171.612325631,1270762.0772861233,466.0
2725171.6239562538,1270777.1308654968,468.0
2725171.6933719344,1270794.2874242612,471.0
2725171.706785097,1270739.7602161483,462.0
2725171.7968113218,1270762.4078812457,466.0
2725171.796834268,1270788.243677728,470.0
2725171.816406167,1270754.2682786149,465.0
2725171.9530617665,1270735.3836230303,459.0
2725171.957365468,1270770.5545043515,467.0
2725171.9615976196,1270749.8055319756,463.0
2725172.021580057,1270751.002221435,464.0
2725172.036402948,1270738.3340341696,461.0
2725172.0581866163,1270736.720582123,460.0
2725172.0673096757,1270734.9157293586,459.0
2725172.2076013954,1270782.9726268465,469.0
2725172.340954489,1270739.464295623,462.0
2725172.346344951,1270799.462994341,472.0
2725172.375736127,1270805.8658976068,473.0
2725172.449956489,1270776.5265419004,468.0
2725172.5176292127,1270749.3770332835,463.0
2725172.5690788752,1270750.4770176313,464.0
2725172.5735639688,1270793.919332343,471.0
2725172.618859532,1270753.887800345,465.0
2725172.6234537987,1270736.481232054,460.0
2725172.6344524054,1270737.9721912027,461.0
2725172.7626825115,1270762.1491726774,466.0
2725172.769546067,1270769.9494244647,467.0
2725172.770680832,1270787.947962907,470.0
2725172.9346536538,1270739.1066149361,462.0
2725173.0615169983,1270748.9290100397,463.0
2725173.078058536,1270782.3487560719,469.0
2725173.1481518648,1270805.378948894,473.0
2725173.1997623574,1270736.2700520302,460.0
2725173.2133384645,1270737.5810342466,461.0
2725173.2337373877,1270799.1451350842,472.0
2725173.2354952157,1270775.8760882528,468.0
2725173.270420425,1270750.2561760778,464.0
2725173.3093464654,1270769.0922050728,467.0
2725173.357651867,1270793.3629504135,471.0
2725173.4310765574,1270753.5605652456,465.0
2725173.518245262,1270738.734274027,462.0
2725173.598742954,1270751.931293112,465.0
2725173.628599035,1270752.8088618456,465.0
2725173.6429103804,1270761.7396267105,466.0
2725173.687990549,1270748.6247683957,463.0
2725173.70651735,1270768.1691133457,467.0
2725173.756760389,1270737.142889935,461.0
2725173.768975247,1270787.7412561083,470.0
2725173.798468069,1270736.1365233662,460.0
2725173.9235667353,1270804.8855356297,473.0
2725173.9410477346,1270781.7065836166,469.0
2725173.9814283857,1270749.9993730718,464.0
2725174.113713663,1270798.8008351575,472.0
2725174.134101897,1270738.4037775025,462.0
2725174.175124308,1270775.462522585,468.0
2725174.197083007,1270792.8872407756,471.0
2725174.22357025,1270767.3427624875,467.0
2725174.288879855,1270736.6919622924,461.0
2725174.3484789063,1270748.409009784,463.0
2725174.3746927762,1270735.989554265,460.0
2725174.3954059514,1270751.6742454648,465.0
2725174.5185002144,1270761.2679687547,466.0
2725174.599987132,1270749.604789369,464.0
2725174.725676387,1270738.0284247277,462.0
2725174.7379813707,1270804.45949875,473.0
2725174.765060778,1270787.525655716,470.0
2725174.816410679,1270736.243543936,461.0
2725174.8216175037,1270735.5716471605,460.0
2725174.863185606,1270766.5546259242,467.0
2725174.878350491,1270757.815202917,462.8777677629724
2725174.8804368023,1270781.177592113,469.0
2725174.887690286,1270747.9585838753,463.0
2725174.8921677126,1270810.0071857069,474.0
2725174.9125970243,1270798.3108497483,472.0
2725175.1048545865,1270792.5620288092,471.0
2725175.1882863007,1270751.331568894,465.0
2725175.193540648,1270775.3692582464,468.0
2725175.230479124,1270749.1861867574,464.0
2725175.247296201,1270737.5620052998,462.0
2725175.2970428145,1270735.1926425644,460.0
2725175.3796769106,1270758.5925601232,462.8777677629724
2725175.4339559777,1270747.5156448954,463.0
2725175.441681116,1270735.9315872332,461.0
2725175.462217026,1270761.300569676,466.0
2725175.4683739906,1270765.7426457393,467.0
2725175.5134384953,1270803.9708129826,473.0
2725175.610636127,1270809.540840454,474.0
2725175.6588402754,1270787.053603189,470.0
2725175.7013651873,1270797.7934124551,472.0
2725175.702459999,1270757.2837328275,462.8777677629724
2725175.828738635,1270780.6670161951,469.0
2725175.8541013775,1270737.2120965752,462.0
2725175.876094589,1270735.001048157,460.0
2725175.8810033305,1270759.3699173296,462.8777677629724
2725175.9231738476,1270758.1760178918,462.87776776297244
2725175.9293924784,1270764.842745651,467.0
2725175.939753527,1270748.9406923598,464.0
2725176.0028569633,1270735.5465009995,461.0
2725176.0040507866,1270747.1137913147,463.0
2725176.0494384104,1270792.38746679,471.0
2725176.05092546,1270751.311998637,465.0
2725176.1801096965,1270775.0904408654,468.0
2725176.238437389,1270803.4046792237,473.0
2725176.339366972,1270734.6128108276,460.0
2725176.346973648,1270809.1060964162,474.0
2725176.3823297494,1270760.147274536,462.87776776297244
2725176.434521756,1270758.9689254921,462.87776776297244
2725176.460943371,1270797.2384413905,472.0
2725176.469695868,1270786.4384698253,470.0
2725176.4745786544,1270736.8868298922,462.0
2725176.478076476,1270813.961353514,475.0
2725176.526569507,1270756.752262738,462.8777677629724
2725176.5303256176,1270748.4787173998,464.0
2725176.5507302345,1270735.1194103514,461.0
2725176.5958966836,1270746.7365467502,463.0
2725176.735747166,1270757.651987517,462.87776776297244
2725176.78076393,1270780.173172665,469.0
2725176.781563893,1270734.1871508933,460.0
2725176.8042478343,1270764.3400683263,467.0
2725176.8821288943,1270751.006953508,465.0
2725176.8836561693,1270760.9246317423,462.8777677629724
2725176.9458696647,1270759.7618330924,462.87776776297244
2725176.9513977766,1270802.8278711806,473.0
2725177.005398052,1270792.2605131627,471.0
2725177.007156064,1270736.4480628218,462.0
2725177.0518686417,1270774.6616876493,468.0
2725177.103285716,1270734.692736697,461.0
2725177.140889638,1270813.597404101,475.0
2725177.1585108954,1270808.8238381818,474.0
2725177.1851219023,1270746.3503702362,463.0
2725177.2237872058,1270748.532035771,464.0
2725177.2470950745,1270758.4448951173,462.87776776297244
2725177.2497098725,1270733.7922493278,460.0
2725177.302441697,1270785.8554118215,470.0
2725177.3280312787,1270796.8680091782,472.0
2725177.350679015,1270756.2207926484,462.87776776297244
2725177.3849825887,1270761.7019889485,462.87776776297244
2725177.457217573,1270760.5547406927,462.8777677629724
2725177.5483204843,1270757.1279571422,462.87776776297244
2725177.558955997,1270736.0220664712,462.0
2725177.564033608,1270750.457619457,465.0
2725177.6153098857,1270734.2212218954,461.0
2725177.634874724,1270802.2258560793,473.0
2725177.6678907583,1270733.3429872466,460.0
2725177.7584429835,1270759.2378027174,462.8777677629724
2725177.7610082063,1270779.7340002358,469.0
2725177.7793532833,1270764.2752209061,467.0
2725177.812773192,1270746.0356342816,463.0
2725177.8343126224,1270813.273796162,475.0
2725177.876954466,1270748.1571630077,464.0
2725177.886280047,1270730.821362499,460.0
2725177.886309008,1270762.479346155,462.8777677629724
2725177.901122789,1270808.3891988117,474.0
2725177.9039466246,1270774.2094721235,468.0
2725177.9338226914,1270792.0095732964,471.0
2725177.9685654817,1270761.347648293,462.87776776297244
2725177.9826267213,1270732.816431483,460.0
2725178.059668394,1270757.9208647427,462.87776776297244
2725178.133011734,1270785.265953978,470.0
2725178.1582258223,1270733.7814413896,461.0
2725178.1640748684,1270735.6702920222,462.0
2725178.1747885225,1270755.6893225592,462.8777677629724
2725178.2520905933,1270796.6682328684,472.0
2725178.2636038815,1270731.3046447546,460.0
2725178.269790892,1270760.0307103177,462.8777677629724
2725178.340772935,1270750.060484457,465.0
2725178.3414338743,1270801.646365114,473.0
2725178.360893803,1270756.6039267674,462.8777677629725
2725178.3876354275,1270763.2567033614,462.8777677629724
2725178.3954291423,1270745.6469734474,463.0
2725178.423138654,1270732.4011823563,460.0
2725178.462416782,1270812.83393483,475.0
2725178.4799133902,1270762.1405558933,462.8777677629724
2725178.5305572907,1270747.772628793,464.0
2725178.5623116363,1270807.8401379022,474.0
2725178.5652203383,1270731.8383509521,460.0
2725178.571016302,1270758.7137723428,462.8777677629725
2725178.7272832803,1270736.9522247599,462.0
2725178.731025909,1270779.306997562,469.0
2725178.734453233,1270736.281630967,462.0
2725178.743839072,1270733.4032864338,461.0
2725178.7511026296,1270817.7440859268,476.0
2725178.7713029957,1270773.663423727,468.0
2725178.7811388006,1270760.8236179182,462.8777677629724
2725178.809804722,1270791.6125596473,471.0
2725178.829497144,1270735.7319028103,462.0
2725178.872241712,1270757.3968343674,462.87776776297244
2725178.888961847,1270764.0340605676,462.8777677629724
2725178.888961847,1270764.0340605676,464.2877677629724
2725178.930243715,1270745.1890059647,463.0
2725178.9596696906,1270784.6930802285,467.2099828653766
2725178.991261299,1270762.9334634934,462.8777677629724
2725178.9988980303,1270755.1578524695,462.87776776297244
2725179.0823642104,1270759.506679943,462.87776776297244
2725179.106168555,1270749.610437598,465.0
2725179.14115046,1270807.2069565798,474.0
2725179.1653129053,1270801.2380050668,473.0
2725179.1734671216,1270756.0798963923,462.8777677629723
2725179.178770484,1270796.490417578,472.0
2725179.180506663,1270732.85842986,461.0
2725179.188625887,1270812.5860307098,475.0
2725179.2055352936,1270747.4255489542,464.0
2725179.2924867086,1270761.6165255185,462.87776776297244
2725179.3665577513,1270737.2166814264,462.0
2725179.3720617974,1270817.4142223245,476.0
2725179.3835896202,1270758.1897419682,462.8777677629724
2725179.3902882664,1270764.8114177738,464.2877677629724
2725179.460998024,1270785.4704513724,467.2099828653766
2725179.5258653797,1270790.9669158722,471.0
2725179.539335977,1270744.8483643723,463.0
2725179.5937121194,1270760.2995875434,462.87776776297244
2725179.644666077,1270778.7558080931,469.0
2725179.6489862697,1270773.1436308667,468.0
2725179.68481503,1270756.8728039928,462.8777677629724
2725179.7130713547,1270763.502590478,464.2877677629724
2725179.713071355,1270763.5025904782,462.8777677629724
2725179.773889771,1270806.6287459694,474.0
2725179.7960847677,1270784.153667996,467.20998286537656
2725179.8038346176,1270762.4094331188,462.8777677629724
2725179.8042658805,1270732.5466657758,461.0
2725179.823007538,1270754.62638238,462.8777677629724
2725179.8281287714,1270812.171595775,475.0
2725179.8916146858,1270765.58877498,464.2877677629724
2725179.894937529,1270758.9826495682,462.8777677629724
2725179.903719646,1270747.129496355,464.0
2725179.9081890155,1270816.9537151712,476.0
2725179.9099679007,1270749.2464085603,465.0
2725179.933785204,1270764.3948755427,464.2877677629725
2725179.959390682,1270800.7887323508,473.0
2725179.962326357,1270786.2478225161,467.2099828653766
2725179.98604044,1270755.5558660175,462.87776776297244
2725180.00558781,1270785.0531991527,467.2099828653766
2725180.0399130597,1270737.3898971877,462.0
2725180.1047723806,1270796.3011539162,472.0
2725180.105060028,1270761.0924951436,462.8777677629725
2725180.155305994,1270745.0827267193,463.0
2725180.196162938,1270757.6657115929,462.87776776297227
2725180.3144010594,1270790.4162182515,471.0
2725180.386630416,1270806.0240193694,474.0
2725180.392941105,1270766.3661321865,464.2877677629724
2725180.404772866,1270772.487016375,468.0
2725180.4062854373,1270759.7755571683,462.87776776297244
2725180.4131202037,1270811.6846495944,475.0
2725180.423519645,1270732.234851645,461.0
2725180.445133112,1270765.187783143,464.2877677629724
2725180.4636546904,1270787.02519366,467.2099828653766
2725180.497388349,1270756.3487736178,462.87776776297244
2725180.516946954,1270785.8461149824,467.20998286537656
2725180.523358129,1270746.7082060121,464.0
2725180.5371808624,1270762.9711203885,462.8777677629724
2725180.537180863,1270762.9711203885,464.2877677629724
2725180.545530579,1270816.659859288,476.0
2725180.616407936,1270761.8854027437,462.8777677629724
2725180.622759793,1270748.7321463674,465.0
2725180.6324998443,1270783.6142557631,467.2099828653766
2725180.647117046,1270754.0949122906,462.8777677629724
2725180.650467687,1270778.371730953,469.0
2725180.7075108467,1270758.4586191927,462.87776776297227
2725180.728256436,1270737.4972435655,462.0
2725180.746358522,1270763.870845168,464.2877677629725
2725180.7468891577,1270744.8124791316,463.0
2725180.7986137588,1270755.0318356426,462.87776776297244
2725180.83121153,1270784.5207463715,467.20998286537656
2725180.858853109,1270800.608255119,473.0
2725180.8942675246,1270767.1434893927,464.2877677629724
2725180.9176333463,1270760.5684647686,462.8777677629724
2725180.9564810204,1270765.980690743,464.2877677629724
2725180.9649830237,1270787.802564804,467.2099828653766
2725180.9704119475,1270795.9507555754,472.0
2725181.0087362574,1270757.141681218,462.8777677629724
2725181.0283060987,1270786.6390308118,467.20998286537656
2725181.042329574,1270731.9675645763,461.0
2725181.0425136667,1270805.4671640738,474.0
2725181.0848411936,1270811.3122181664,475.0
2725181.154212431,1270789.9453473059,471.0
2725181.158460481,1270744.2485946277,463.0
2725181.1850706236,1270746.3490380053,464.0
2725181.200251205,1270816.3933678947,476.0
2725181.2188587557,1270759.2515267932,462.8777677629723
2725181.240972284,1270771.953536268,468.0
2725181.2577064307,1270764.663752768,464.2877677629725
2725181.294474754,1270737.8819427579,462.0
2725181.3099616678,1270755.8247432432,462.87776776297244
2725181.3425706737,1270785.313662201,467.20998286537656
2725181.3612903706,1270762.439650299,462.87776776297244
2725181.3612903706,1270762.439650299,464.2877677629724
2725181.376386992,1270748.2839757574,465.0
2725181.395593944,1270767.920846599,464.2877677629724
2725181.4289812543,1270761.361372369,462.8777677629725
2725181.466311357,1270788.579935948,467.2099828653766
2725181.467828929,1270766.7735983431,464.28776776297246
2725181.4689149214,1270783.0748435305,467.20998286537656
2725181.4712265544,1270753.563442201,462.8777677629724
2725181.520084166,1270757.9345888183,462.8777677629724
2725181.5396652427,1270787.4319466413,467.20998286537656
2725181.5589318406,1270763.3468147928,464.2877677629724
2725181.584106009,1270732.3116866157,461.0
2725181.5912021454,1270777.8478437543,469.0
2725181.611187077,1270754.5078052678,462.8777677629723
2725181.65683525,1270783.9882935903,467.20998286537656
2725181.730206664,1270760.0444343938,462.87776776297227
2725181.74328091,1270810.9152109064,475.0
2725181.749893486,1270804.9794091072,474.0
2725181.7644799436,1270800.4543184726,473.0
2725181.764626515,1270795.4390214602,472.0
2725181.769054339,1270765.4566603682,464.2877677629724
2725181.782803004,1270815.9936750121,476.0
2725181.8183232676,1270744.039692093,463.0
2725181.8213095763,1270756.6176508432,462.87776776297244
2725181.8424802218,1270745.9734175596,464.0
2725181.853929818,1270786.1065780306,467.20998286537656
2725181.8969203634,1270768.6982038054,464.2877677629724
2725181.96763969,1270789.3573070918,467.2099828653766
2725181.977434097,1270737.9125693138,462.0
2725181.9791768375,1270767.5665059437,464.28776776297246
2725182.0314320745,1270758.7274964186,462.87776776297244
2725182.0510243876,1270788.224862471,467.2099828653766
2725182.070279749,1270764.1397223934,464.2877677629725
2725182.0795629304,1270732.0146119152,461.0
2725182.1088613346,1270771.434528918,468.0
2725182.1225349857,1270755.3007128679,462.8777677629723
2725182.164970339,1270747.9865093029,465.0
2725182.1681943936,1270784.7812094197,467.20998286537656
2725182.1853998783,1270761.9081802096,462.8777677629723
2725182.1853998783,1270761.9081802098,464.2877677629724
2725182.2415545727,1270760.8373419938,462.8777677629723
2725182.280402248,1270766.2495679685,464.28776776297246
2725182.2880247273,1270820.236991999,477.0
2725182.295336062,1270753.0319721117,462.87776776297244
2725182.305329999,1270782.5354312977,467.2099828653766
2725182.3326574843,1270757.4105584435,462.8777677629724
2725182.3506967993,1270810.4463910898,475.0
2725182.3652889626,1270786.89949386,467.20998286537656
2725182.371505159,1270762.822784418,464.28776776297246
2725182.393310018,1270815.6381186421,476.0
2725182.398246783,1270769.4755610116,464.2877677629724
2725182.4237603955,1270753.9837748928,462.8777677629724
2725182.45108982,1270743.8022452488,463.0
2725182.468968023,1270790.1346782355,467.2099828653766
2725182.4824589696,1270783.455840809,467.2099828653766
2725182.490524746,1270768.3594135437,464.28776776297246
2725182.493043544,1270745.5924077062,464.0
2725182.5079310136,1270804.5787107702,474.0
2725182.542779983,1270759.520404019,462.87776776297244
2725182.5623835316,1270789.0177783004,467.2099828653766
2725182.581627657,1270764.9326299932,464.28776776297246
2725182.5850674855,1270794.9694988201,472.0
2725182.5856430847,1270777.4474015543,469.0
2725182.6120342147,1270731.5716371438,461.0
2725182.620478532,1270738.18999086,462.0
2725182.633882895,1270756.0936204684,462.8777677629724
2725182.635385383,1270800.2217298157,473.0
2725182.6795535376,1270785.5741252494,467.20998286537656
2725182.791750156,1270767.0424755686,464.2877677629724
2725182.844005393,1270758.2034660438,462.87776776297244
2725182.8766481066,1270787.6924096898,467.20998286537656
2725182.882853068,1270763.6156920183,464.2877677629725
2725182.8859832864,1270747.5051187512,465.0
2725182.8995732022,1270770.2529182178,464.2877677629724
2725182.9351083045,1270754.7766824933,462.8777677629724
2725182.950919401,1270809.96835569,475.0
2725182.961976665,1270815.2200073677,476.0
2725182.9702963564,1270790.9120493794,467.2099828653766
2725182.9702963564,1270790.9120493794,468.61998286537664
2725182.9938181136,1270784.2487566387,467.20998286537656
2725183.001872655,1270769.152321144,464.28776776297246
2725183.0095093865,1270761.3767101204,462.87776776297244
2725183.0095093865,1270761.3767101204,464.2877677629724
2725183.054127892,1270760.3133116195,462.8777677629724
2725183.0737426756,1270789.8106941301,467.2099828653766
2725183.092975566,1270765.7255375937,464.28776776297246
2725183.11944557,1270752.500502022,462.8777677629724
2725183.1417450756,1270781.9960190651,467.20998286537656
2725183.1452308027,1270756.8865280687,462.8777677629723
2725183.1457983665,1270743.9127068191,463.0
2725183.1763607347,1270745.30703047,464.0
2725183.1840784783,1270762.2987540432,464.2877677629724
2725183.1909126826,1270786.3670410789,467.20998286537656
2725183.236333715,1270753.4597445182,462.87776776297244
2725183.2499819216,1270731.3229332548,461.0
2725183.300426501,1270738.3137165827,462.0
2725183.3030980644,1270767.8353831691,464.28776776297246
2725183.305803632,1270804.3028905897,474.0
2725183.308082689,1270782.9233880278,467.20998286537656
2725183.355353302,1270758.996373644,462.8777677629724
2725183.388007251,1270788.4853255192,467.20998286537656
2725183.394200976,1270764.4085996184,464.28776776297246
2725183.431069889,1270794.5531140743,472.0
2725183.446456213,1270755.5695900936,462.8777677629724
2725183.4716246896,1270791.6894205234,468.61998286537664
2725183.4965322623,1270799.9080586436,473.0
2725183.5051772576,1270785.0416724682,467.20998286537656
2725183.511300138,1270776.906741141,469.0
2725183.579328023,1270814.8922157215,476.0
2725183.6043234747,1270766.5184451938,464.2877677629724
2725183.6045522336,1270730.7234022494,461.0
2725183.6072254167,1270809.570600395,475.0
2725183.629826228,1270747.02818781,465.0
2725183.6565787117,1270757.679435669,462.8777677629724
2725183.695426386,1270763.0916616432,464.28776776297246
2725183.7022718266,1270787.1599569083,467.2099828653766
2725183.7236827104,1270769.7214481283,464.2877677629724
2725183.7476816233,1270754.2526521184,462.87776776297244
2725183.8067114335,1270790.3726371469,467.2099828653766
2725183.8067114335,1270790.3726371469,468.61998286537664
2725183.8144459734,1270768.6282907692,464.2877677629724
2725183.8194418335,1270783.7163038575,467.20998286537656
2725183.831379207,1270744.077044159,463.0
2725183.8336188938,1270760.8452400307,464.2877677629724
2725183.833618894,1270760.8452400307,462.8777677629724
2725183.8667012104,1270759.7892812444,462.8777677629724
2725183.899366395,1270789.278241349,467.2099828653766
2725183.9055488845,1270765.2015072186,464.2877677629724
2725183.933179766,1270745.3322875493,464.0
2725183.9435550775,1270751.9690319325,462.87776776297244
2725183.957804121,1270756.3624976936,462.8777677629724
2725183.9709666893,1270738.5097236643,462.0
2725183.9729530225,1270792.4667916673,468.61998286537664
2725183.9781601527,1270781.4566068326,467.2099828653766
2725183.9966517966,1270761.7747236683,464.2877677629724
2725184.0162144764,1270791.2721683036,468.6199828653766
2725184.016536402,1270785.8345882976,467.20998286537656
2725184.048907033,1270752.935714143,462.8777677629724
2725184.061735726,1270730.1961797473,461.0
2725184.0759292273,1270814.408578284,476.0
2725184.0917092087,1270803.9513784796,474.0
2725184.115671383,1270767.3113527943,464.28776776297246
2725184.1337064086,1270782.3909352468,467.2099828653765
2725184.16792662,1270758.472343269,462.8777677629723
2725184.2067742944,1270763.8845692438,464.2877677629724
2725184.2119275755,1270776.0902263145,469.0
2725184.213630971,1270787.952872738,467.2099828653766
2725184.2142541287,1270799.349517846,473.0
2725184.259029532,1270755.0455597187,462.8777677629723
2725184.319494516,1270809.2868167518,475.0
2725184.3308009775,1270784.509219687,467.2099828653766
2725184.416896793,1270765.994414819,464.28776776297246
2725184.4691520305,1270757.1554052942,462.87776776297244
2725184.474281356,1270793.244162811,468.61998286537664
2725184.502241857,1270746.9469576795,465.0
2725184.5079997047,1270762.5676312686,464.2877677629725
2725184.5104652774,1270729.6677347273,461.0
2725184.5206432175,1270744.2251337562,463.0
2725184.5275736204,1270792.0650841333,468.61998286537664
2725184.527895546,1270786.627504127,467.2099828653766
2725184.5477922177,1270769.189978039,464.2877677629724
2725184.5602549417,1270753.7286217434,462.8777677629724
2725184.6207200065,1270728.3409350615,461.0
2725184.6233942565,1270725.556070084,461.0
2725184.6270192917,1270768.1042603943,464.28776776297246
2725184.632769591,1270813.976582826,476.0
2725184.64312651,1270789.833224914,467.2099828653766
2725184.64312651,1270789.833224914,468.61998286537664
2725184.645065553,1270783.1838510763,467.20998286537656
2725184.6461206777,1270724.8576253434,461.0
2725184.657728402,1270760.3137699412,462.8777677629724
2725184.657728402,1270760.3137699412,464.2877677629724
2725184.659000059,1270738.5622957714,462.0
2725184.678810617,1270745.4470531,464.0
2725184.6792745288,1270759.2652508693,462.8777677629723
2725184.6829553004,1270726.2506140023,461.0
2725184.6863093683,1270729.0365452971,461.0
2725184.687967937,1270727.6451989496,461.0
2725184.704815532,1270726.948330356,461.0
2725184.7181222034,1270764.6774768438,464.28776776297246
2725184.724990115,1270788.7457885677,467.20998286537656
2725184.7676645853,1270751.437561843,462.8777677629724
2725184.7703774404,1270755.8384673188,462.8777677629723
2725184.809225115,1270761.2506932933,464.2877677629726
2725184.81457523,1270780.9171945998,467.2099828653767
2725184.8418381964,1270790.7397155226,468.61998286537664
2725184.8421601215,1270785.3021355164,467.20998286537656
2725184.845475138,1270803.5465252341,474.0
2725184.8614803515,1270752.4116837683,462.8777677629724
2725184.9282447016,1270766.7873224192,464.2877677629724
2725184.9355278565,1270808.8423751693,475.0
2725184.9593301285,1270781.8584824656,467.20998286537656
2725184.9715625867,1270750.108457738,466.0
2725184.975609689,1270794.021533955,468.61998286537664
2725184.9804999386,1270757.9483128944,462.8777677629723
2725185.019347613,1270763.3605388687,464.2877677629724
2725185.0389327644,1270792.8579999628,468.6199828653766
2725185.0392546905,1270787.420419957,467.2099828653766
2725185.063620179,1270799.0012879195,473.0
2725185.07160285,1270754.5215293437,462.8777677629724
2725185.156424697,1270783.9767669057,467.20998286537656
2725185.1763861845,1270775.6258614815,469.0
2725185.2191989706,1270744.3009800094,463.0
2725185.229470112,1270765.470384444,464.2877677629724
2725185.2336094077,1270813.6035355204,476.0
2725185.281725349,1270756.6313749193,462.8777677629724
2725185.3205730235,1270762.0436008938,464.2877677629725
2725185.344421196,1270738.4374637753,462.0
2725185.3531973404,1270791.532631352,468.61998286537664
2725185.353519266,1270786.0950513463,467.2099828653766
2725185.371901726,1270768.6585079494,464.2877677629724
2725185.37282826,1270753.2045913686,462.8777677629724
2725185.381436525,1270746.8594473447,465.0
2725185.4337377734,1270745.428597398,464.0
2725185.43959261,1270767.5802300195,464.2877677629725
2725185.460574697,1270808.3270023065,475.0
2725185.4706892725,1270782.6513982948,467.20998286537656
2725185.4769380223,1270794.7989050988,468.61998286537664
2725185.4795415876,1270789.2938126815,467.2099828653766
2725185.4795415876,1270789.2938126815,468.61998286537664
2725185.4818379097,1270759.7822998518,462.8777677629724
2725185.4818379097,1270759.7822998518,464.2877677629724
2725185.491847847,1270758.7412204947,462.8777677629723
2725185.5306955217,1270764.153446469,464.2877677629724
2725185.550291909,1270793.6509157922,468.61998286537664
2725185.5506138345,1270788.2133357865,467.2099828653766
2725185.5539900777,1270803.0657195554,474.0
2725185.5829507587,1270755.314436944,462.8777677629723
2725185.5917740935,1270750.9060917534,462.8777677629724
2725185.621798434,1270760.7266629187,464.2877677629725
2725185.6509903064,1270780.3777823672,467.2099828653766
2725185.667461916,1270790.2072627412,468.6199828653767
2725185.6677838415,1270784.7696827354,467.20998286537656
2725185.67405367,1270751.8876533934,462.8777677629723
2725185.7117795916,1270749.4832169623,466.0
2725185.74081802,1270766.2632920444,464.2877677629724
2725185.7849538485,1270781.3260296844,467.2099828653766
2725185.7930732574,1270757.4242825196,462.8777677629724
2725185.831920932,1270762.8365084939,464.2877677629724
2725185.848877248,1270798.5358923827,473.0
2725185.8527530776,1270813.2613295177,476.0
2725185.864556485,1270792.3255471818,468.61998286537664
2725185.8648784105,1270786.8879671758,467.20998286537656
2725185.8703021947,1270744.0655432362,463.0
2725185.884176169,1270753.997498969,462.8777677629724
2725185.9782663556,1270795.5762762425,468.61998286537664
2725185.9820484165,1270783.4443141245,467.20998286537656
2725186.016867806,1270738.3531042538,462.0
2725186.032596535,1270775.2093463624,469.0
2725186.0420434303,1270764.9463540693,464.28776776297246
2725186.0616510524,1270794.4438316217,468.6199828653765
2725186.0942986673,1270756.1073445443,462.8777677629724
2725186.1134495544,1270807.952627807,475.0
2725186.133146342,1270761.5195705188,464.2877677629725
2725186.147053754,1270745.1920128274,464.0
2725186.17882106,1270791.0001785709,468.61998286537664
2725186.1791429855,1270785.5625985651,467.2099828653766
2725186.1854015784,1270752.6805609937,462.8777677629723
2725186.1960112336,1270768.1270378598,464.2877677629724
2725186.2348823147,1270746.6157621795,465.0
2725186.252165929,1270767.0561996447,464.28776776297246
2725186.2963129925,1270782.1189455139,467.20998286537656
2725186.304421166,1270758.21719012,462.87776776297244
2725186.3059474174,1270759.2508297623,464.2877677629724
2725186.305947418,1270759.2508297623,462.87776776297244
2725186.312991697,1270802.6880837195,474.0
2725186.3159566643,1270788.7544004489,467.2099828653766
2725186.3159566643,1270788.7544004489,468.61998286537664
2725186.3432688406,1270763.6294160942,464.28776776297246
2725186.3759156284,1270793.1184630112,468.61998286537664
2725186.3762375545,1270787.6808830053,467.2099828653766
2725186.395524077,1270754.7904065691,462.8777677629724
2725186.411681419,1270743.6144091794,463.0
2725186.4158836016,1270750.3746216642,462.8777677629724
2725186.434371752,1270760.2026325436,464.2877677629725
2725186.4444594583,1270774.3237332627,469.0
2725186.479594689,1270796.3536473864,468.61998286537664
2725186.485483476,1270812.9449278505,476.0
2725186.4866269887,1270751.3636230186,462.87776776297244
2725186.4874053835,1270779.8383701346,467.2099828653767
2725186.4930856354,1270789.6748099602,468.61998286537664
2725186.493407561,1270784.2372299542,467.20998286537656
2725186.5135956914,1270807.3138814068,475.0
2725186.553391339,1270765.7392616696,464.2877677629724
2725186.569570522,1270748.9809178263,466.0
2725186.573010197,1270795.2367474514,468.6199828653766
2725186.605646576,1270756.9002521446,462.8777677629723
2725186.610577568,1270780.7935769032,467.2099828653766
2725186.6444942504,1270762.312478119,464.28776776297246
2725186.682458976,1270738.534336175,462.0
2725186.6901802043,1270791.7930944003,468.61998286537664
2725186.6905021295,1270786.3555143946,467.20998286537656
2725186.696749487,1270753.473468594,462.8777677629724
2725186.8076721365,1270782.9118613433,467.2099828653767
2725186.8479055576,1270744.9027102075,464.0
2725186.854616749,1270764.4223236945,464.2877677629724
2725186.887274773,1270793.911378841,468.6199828653766
2725186.9068719856,1270755.5833141694,462.8777677629724
2725186.9457196603,1270760.995540144,464.28776776297246
2725186.9685290516,1270743.1892491155,463.0
2725186.9731219253,1270802.1457429074,474.0
2725186.980923022,1270797.1310185303,468.61998286537664
2725186.9979748973,1270752.156530619,462.87776776297244
2725187.00444478,1270790.4677257896,468.61998286537664
2725187.0047667054,1270785.030145784,467.2099828653766
2725187.0201207413,1270767.5955677703,464.2877677629724
2725187.0423037023,1270746.2546748626,465.0
2725187.0592101812,1270812.54028477,476.0
2725187.0647392473,1270766.5321692699,464.2877677629725
2725187.0843693404,1270796.0296632808,468.6199828653766
2725187.1169944843,1270757.6931597448,462.8777677629724
2725187.121936712,1270781.5864927326,467.20998286537656
2725187.1300569256,1270758.7193596726,462.8777677629724
2725187.1300569256,1270758.7193596726,464.2877677629724
2725187.1372806616,1270739.0456846845,462.0
2725187.1523717414,1270788.2149882163,467.2099828653766
2725187.1523717414,1270788.2149882163,468.61998286537664
2725187.155842159,1270763.1053857193,464.28776776297246
2725187.156764757,1270806.902034063,475.0
2725187.201539348,1270792.58601023,468.6199828653766
2725187.201861274,1270787.148430224,467.20998286537656
2725187.207718867,1270748.2463912838,466.0
2725187.2080973955,1270754.266376194,462.8777677629723
2725187.2399931094,1270749.8431515745,462.8777677629724
2725187.2469450706,1270759.678602169,464.2877677629725
2725187.299200307,1270750.8395926438,462.8777677629723
2725187.3187093553,1270789.142357179,468.6199828653767
2725187.319031281,1270783.704777173,467.20998286537656
2725187.3238204606,1270779.2989579018,467.2099828653766
2725187.3426711364,1270773.7420192107,469.0
2725187.3659646576,1270765.2152312947,464.28776776297246
2725187.398633917,1270794.7042946701,468.6199828653766
2725187.4182198946,1270756.3762217697,462.8777677629723
2725187.436201288,1270780.2611241222,467.2099828653766
2725187.4570675693,1270761.7884477442,464.28776776297246
2725187.5093228063,1270752.9494382192,462.87776776297244
2725187.5158039234,1270791.260641619,468.61998286537664
2725187.5161258494,1270785.8230616134,467.2099828653766
2725187.524743459,1270744.5593445217,464.0
2725187.5415779967,1270812.037800901,476.0
2725187.5468323547,1270742.7904799378,463.0
2725187.6332958564,1270782.379408562,467.20998286537656
2725187.6474531507,1270806.3206275795,475.0
2725187.6671900675,1270763.8982933196,464.28776776297246
2725187.6990930624,1270801.69788564,474.0
2725187.712898492,1270793.378926059,468.6199828653765
2725187.719445304,1270755.0592837946,462.8777677629724
2725187.736706736,1270739.308761495,462.0
2725187.758292979,1270760.471509769,464.2877677629725
2725187.809702563,1270745.8091314952,465.0
2725187.8105482156,1270751.6325002438,462.8777677629724
2725187.8173380992,1270796.5916062975,468.61998286537664
2725187.8300684993,1270789.9352730087,468.61998286537664
2725187.8303904254,1270784.4976930027,467.2099828653767
2725187.8442302495,1270767.0640976808,464.2877677629724
2725187.877312566,1270766.008138895,464.28776776297246
2725187.9099930613,1270795.4972104998,468.6199828653766
2725187.929567803,1270757.1691293698,462.8777677629723
2725187.947560432,1270781.0540399514,467.20998286537656
2725187.9541664333,1270758.1878895832,462.87776776297244
2725187.9541664333,1270758.1878895832,464.2877677629724
2725187.9684154773,1270762.5813553445,464.28776776297246
2725187.9887868185,1270787.6755759835,468.61998286537664
2725187.9887868185,1270787.6755759837,467.2099828653767
2725188.0184167842,1270747.689076405,466.0
2725188.020670715,1270753.7423458192,462.8777677629723
2725188.027163068,1270792.0535574486,468.6199828653766
2725188.0274849935,1270786.6159774428,467.2099828653766
2725188.0595183894,1270759.1545717942,464.2877677629724
2725188.064102617,1270749.3116814853,462.8777677629724
2725188.0960938716,1270742.3485713166,463.0
2725188.099522605,1270811.6403782829,476.0
2725188.111773626,1270750.315562269,462.8777677629724
2725188.144333075,1270788.6099043977,468.61998286537664
2725188.1446550004,1270783.1723243918,467.20998286537656
2725188.147989125,1270744.1310411529,464.0
2725188.1602355377,1270778.7595456692,467.2099828653767
2725188.178537976,1270764.69120092,464.2877677629724
2725188.2242576363,1270794.1718418887,468.61998286537664
2725188.230793213,1270755.852191395,462.8777677629723
2725188.2618250074,1270779.7286713407,467.2099828653766
2725188.2696408876,1270761.2644173694,464.28776776297246
2725188.279395615,1270805.927265647,475.0
2725188.2975246413,1270768.0894824122,468.0
2725188.3218961246,1270752.4254078444,462.8777677629724
2725188.341427644,1270790.728188838,468.61998286537664
2725188.3417495694,1270785.2906088321,467.2099828653766
2725188.3524664287,1270739.5790290325,462.0
2725188.377608246,1270773.5141811722,469.0
2725188.3928078534,1270801.233985459,474.0
2725188.4281976353,1270811.0585729922,476.0
2725188.4589195764,1270781.846955781,467.2099828653767
2725188.479763386,1270763.3742629448,464.28776776297246
2725188.5320186233,1270754.5352534198,462.8777677629724
2725188.5385222114,1270792.846473278,468.6199828653766
2725188.5708662975,1270759.9474793943,464.28776776297246
2725188.6231215345,1270751.1084698692,462.8777677629723
2725188.629728685,1270741.8881175183,463.0
2725188.6378954854,1270745.4885091253,465.0
2725188.6537531763,1270796.052194065,468.61998286537664
2725188.655692219,1270789.4028202272,468.61998286537664
2725188.656014145,1270783.9652402215,467.2099828653766
2725188.6683397572,1270766.5326275912,464.28776776297235
2725188.6898858845,1270765.4841085202,464.2877677629724
2725188.735616781,1270794.9647577184,468.61998286537664
2725188.742141122,1270756.6450989952,462.8777677629723
2725188.7502336404,1270743.670033762,464.0
2725188.7731841514,1270780.5215871702,467.20998286537656
2725188.7782759415,1270757.6564194937,462.87776776297244
2725188.7782759415,1270757.6564194937,464.2877677629724
2725188.780988796,1270762.0573249694,464.2877677629724
2725188.825201895,1270787.1361637507,467.2099828653766
2725188.8252018956,1270787.136163751,468.61998286537664
2725188.8332440327,1270753.2183154444,462.8777677629723
2725188.8527867883,1270791.5211046676,468.61998286537664
2725188.8531087134,1270786.0835246616,467.2099828653766
2725188.863150436,1270747.167006016,466.0
2725188.872091708,1270758.6305414191,464.2877677629725
2725188.8842484723,1270810.5558905436,476.0
2725188.888212125,1270748.7802113956,462.87776776297244
2725188.915908234,1270800.577897936,474.0
2725188.9243469443,1270749.791531894,462.8777677629724
2725188.933444338,1270805.647078156,475.0
2725188.9699567948,1270788.0774516165,468.61998286537664
2725188.9702787204,1270782.6398716108,467.2099828653766
2725188.9911112944,1270764.1671705449,464.2877677629724
2725188.996650615,1270778.2201334366,467.2099828653766
2725189.037032283,1270739.563946464,462.0
2725189.0433665314,1270755.3281610198,462.8777677629723
2725189.0498813563,1270793.6393891077,468.61998286537664
2725189.0822142055,1270760.7403869943,464.28776776297246
2725189.0874487273,1270779.1962185595,467.2099828653766
2725189.134469443,1270751.9013774695,462.8777677629723
2725189.1590471216,1270772.8656547675,469.0
2725189.167051363,1270790.195736057,468.61998286537664
2725189.167373289,1270784.758156051,467.20998286537656
2725189.171047939,1270741.4371055525,463.0
2725189.2510108356,1270767.7091674784,468.0
2725189.2845432954,1270781.314503,467.20998286537656
2725189.292336704,1270762.8502325697,464.28776776297246
2725189.331849437,1270744.949064,465.0
2725189.344591941,1270754.011223045,462.8777677629724
2725189.3641459313,1270792.314020497,468.6199828653766
2725189.3834396163,1270759.4234490194,464.2877677629725
2725189.383484015,1270743.2530874484,464.0
2725189.407470258,1270810.1576352885,476.0
2725189.435694853,1270750.5844394942,462.87776776297244
2725189.4651322234,1270805.1014066255,475.0
2725189.4813159388,1270788.870367446,468.61998286537664
2725189.4816378653,1270783.4327874403,467.2099828653767
2725189.490168253,1270795.5127818324,468.61998286537664
2725189.492449265,1270766.001157502,464.2877677629724
2725189.502459203,1270764.9600781454,464.2877677629725
2725189.5547144404,1270756.1210686204,462.8777677629723
2725189.5547625152,1270720.6166580701,461.0
2725189.5612405003,1270794.4323049374,468.6199828653766
2725189.562461201,1270800.0124397883,474.0
2725189.5935621145,1270761.5332945948,464.2877677629724
2725189.598807871,1270779.989134389,467.20998286537656
2725189.602385449,1270757.1249494043,462.8777677629724
2725189.602385449,1270757.1249494043,464.2877677629724
2725189.6458173515,1270752.6942850696,462.8777677629723
2725189.649430792,1270746.5530394535,466.0
2725189.661616972,1270786.596751518,468.61998286537664
2725189.6616169726,1270786.596751518,467.2099828653767
2725189.6784105073,1270790.9886518863,468.61998286537664
2725189.6787324334,1270785.5510718804,467.2099828653766
2725189.6846650266,1270758.1065110443,464.28776776297246
2725189.685180028,1270809.5083859102,476.0
2725189.7123216325,1270748.2487413061,462.87776776297244
2725189.732739175,1270739.6166403499,462.0
2725189.736920263,1270749.267501519,462.8777677629724
2725189.743164165,1270741.025738886,463.0
2725189.795580514,1270787.5449988353,468.61998286537664
2725189.79590244,1270782.1074188296,467.20998286537656
2725189.803684613,1270763.64314017,464.2877677629724
2725189.8330656914,1270777.6807212038,467.2099828653767
2725189.8559398497,1270754.804130645,462.8777677629723
2725189.8755050753,1270793.1069363267,468.61998286537664
2725189.8947875244,1270760.2163566197,464.28776776297246
2725189.913072447,1270778.6637657783,467.20998286537656
2725189.941971817,1270721.195110295,461.0
2725189.9470427614,1270751.3773470947,462.8777677629724
2725189.9797826083,1270742.7835060358,464.0
2725189.9926750828,1270789.6632832754,468.6199828653767
2725189.992997009,1270784.2257032697,467.2099828653767
2725190.0551412813,1270744.4348247524,465.0
2725190.0770124923,1270772.499010054,469.0
2725190.1049100235,1270762.326202195,464.28776776297246
2725190.110167016,1270780.7820502187,467.20998286537656
2725190.118531274,1270804.6986512265,475.0
2725190.12890636,1270767.1763996948,468.0
2725190.15716526,1270753.4871926699,462.8777677629724
2725190.1897696517,1270791.781567716,468.6199828653766
2725190.1960129347,1270758.8994186446,464.28776776297246
2725190.2242083214,1270809.0704392046,476.0
2725190.2482681717,1270750.0604091194,462.8777677629724
2725190.292818922,1270721.799655144,461.0
2725190.3069396582,1270788.3379146648,468.61998286537664
2725190.3072615843,1270782.900334659,467.20998286537656
2725190.3150325217,1270764.4360477705,464.28776776297246
2725190.316558773,1270765.4696874125,464.2877677629724
2725190.3191319983,1270799.6185439266,474.0
2725190.323112797,1270740.6347172295,463.0
2725190.32658333,1270794.9733695998,468.61998286537664
2725190.3672877587,1270755.5970382453,462.8777677629723
2725190.38686422,1270793.8998521562,468.6199828653767
2725190.3994146986,1270739.4098369265,462.0
2725190.4061354334,1270761.0092642198,464.2877677629724
2725190.4244315904,1270779.4566816078,467.20998286537656
2725190.426494957,1270756.5934793148,462.8777677629724
2725190.426494957,1270756.5934793148,464.2877677629724
2725190.45839067,1270752.1702546948,462.8777677629723
2725190.4955274127,1270746.0294405923,466.0
2725190.497238345,1270757.5824806695,464.28776776297246
2725190.4980320493,1270786.0573392855,467.2099828653766
2725190.4980320493,1270786.0573392855,468.61998286537664
2725190.5040342268,1270790.4561991051,468.6199828653766
2725190.5043561533,1270785.0186190994,467.2099828653766
2725190.5364311407,1270747.7172712167,462.8777677629724
2725190.539690267,1270742.273702322,464.0
2725190.5494935815,1270748.7434711442,462.87776776297244
2725190.6162579316,1270763.1191097952,464.2877677629724
2725190.6212042337,1270787.012546054,468.61998286537664
2725190.62152616,1270781.5749660481,467.20998286537656
2725190.6243764795,1270722.4129719904,461.0
2725190.6685131686,1270754.2801002702,462.8777677629723
2725190.669480769,1270777.1413089712,467.2099828653766
2725190.6866923305,1270804.1872149433,475.0
2725190.7011287957,1270792.5744835455,468.6199828653766
2725190.707360843,1270759.6923262447,464.2877677629724
2725190.7386961663,1270778.131312997,467.20998286537656
2725190.7426168756,1270808.5898885843,476.0
2725190.7596160807,1270750.8533167196,462.87776776297244
2725190.7773711644,1270743.9181362542,465.0
2725190.8182988027,1270789.1308304945,468.61998286537664
2725190.8186207283,1270783.6932504885,467.20998286537656
2725190.8486355348,1270719.223677818,460.0
2725190.8547508935,1270740.172431639,463.0
2725190.8909295276,1270814.8859460356,477.0
2725190.9174833414,1270761.80217182,464.28776776297246
2725190.935790735,1270780.2495974374,467.20998286537656
2725190.958825928,1270766.5732201433,468.0
2725190.969738579,1270752.963162295,462.87776776297244
2725190.993135997,1270739.1069023353,462.0
2725191.0085862535,1270758.3753882698,464.2877677629725
2725191.0153933708,1270791.2491149348,468.61998286537664
2725191.0608414905,1270749.5363787445,462.8777677629724
2725191.077505146,1270741.7452694045,464.0
2725191.0798822283,1270772.257829715,469.0
2725191.0923713846,1270799.2400847361,474.0
2725191.12760584,1270763.9120173955,464.2877677629724
2725191.132563378,1270787.8054618838,468.61998286537664
2725191.132885304,1270782.3678818778,467.2099828653766
2725191.140668281,1270764.9382173228,464.2877677629724
2725191.162998407,1270794.433957367,468.61998286537664
2725191.179861077,1270755.0730078707,462.8777677629723
2725191.2124879397,1270793.367399375,468.61998286537664
2725191.2187087517,1270760.485233845,464.2877677629724
2725191.2500553103,1270778.9242288265,467.20998286537656
2725191.2506044647,1270756.0620092251,462.8777677629724
2725191.2506044647,1270756.0620092251,464.2877677629724
2725191.2521339143,1270722.6471514383,461.0
2725191.2624411336,1270745.3882740785,466.0
2725191.2709639887,1270751.64622432,462.8777677629723
2725191.3098116633,1270757.0584502947,464.2877677629724
2725191.311063036,1270803.7407974275,475.0
2725191.3296579467,1270789.9237463237,468.6199828653766
2725191.3299798723,1270784.486166318,467.20998286537656
2725191.3344471264,1270785.517927053,467.2099828653767
2725191.3344471264,1270785.517927053,468.61998286537664
2725191.3546064235,1270808.2353357056,476.0
2725191.3605406485,1270747.1858011272,462.87776776297244
2725191.3620669004,1270748.2194407694,462.87776776297244
2725191.368525779,1270739.690301559,463.0
2725191.399381281,1270719.1836090714,460.0
2725191.4288312504,1270762.5950794204,464.2877677629724
2725191.4299241332,1270814.4634116148,477.0
2725191.4346648804,1270743.3210895588,465.0
2725191.4468279537,1270786.4800932729,468.6199828653767
2725191.4471498793,1270781.042513267,467.20998286537656
2725191.4810864874,1270753.7560698953,462.8777677629723
2725191.5058958456,1270776.6018967386,467.2099828653766
2725191.5120320534,1270738.6374115003,462.0
2725191.5199341616,1270759.1682958696,464.2877677629724
2725191.5267525148,1270792.0420307643,468.6199828653765
2725191.5643198863,1270777.598860216,467.2099828653766
2725191.572189399,1270750.3292863448,462.87776776297244
2725191.643922522,1270788.5983777132,468.61998286537664
2725191.6442444483,1270783.1607977073,467.2099828653766
2725191.7300566602,1270761.2781414452,464.28776776297246
2725191.747990613,1270765.9203272185,468.0
2725191.749886356,1270741.3970234082,464.0
2725191.7614144543,1270779.717144656,467.20998286537656
2725191.7823118973,1270752.4391319205,462.87776776297244
2725191.821159572,1270757.8513578945,464.28776776297246
2725191.8410170902,1270790.7166621534,468.61998286537664
2725191.853004561,1270813.9252844783,477.0
2725191.873414809,1270749.0123483697,462.8777677629724
2725191.8800462293,1270798.893092543,474.0
2725191.8945935704,1270718.9596874814,460.0
2725191.9170834213,1270739.2482970892,463.0
2725191.926732142,1270722.8228332433,461.0
2725191.940179159,1270763.387987021,464.2877677629724
2725191.9581870977,1270787.2730091026,468.61998286537664
2725191.9585090233,1270781.8354290966,467.2099828653766
2725191.9647777886,1270764.4067472334,464.2877677629724
2725191.9802688835,1270807.9244608628,476.0
2725191.992434396,1270754.5489774956,462.8777677629723
2725191.9982785266,1270803.3955773998,475.0
2725191.9994134847,1270793.8945451344,468.6199828653767
2725192.03128207,1270759.9612034701,464.2877677629724
2725192.0322132744,1270771.773962515,469.0
2725192.038111659,1270792.8349465937,468.6199828653766
2725192.0675160456,1270738.2128617861,462.0
2725192.073757056,1270744.8181508884,466.0
2725192.074713973,1270755.5305391357,462.8777677629724
2725192.074713973,1270755.5305391357,464.2877677629724
2725192.07567903,1270778.3917760456,467.20998286537656
2725192.0835373076,1270751.122193945,462.8777677629723
2725192.122384982,1270756.5344199198,464.28776776297246
2725192.155281666,1270789.3912935427,468.6199828653766
2725192.1556035923,1270783.9537135367,467.20998286537656
2725192.170862203,1270784.97851482,467.2099828653766
2725192.1708622035,1270784.9785148203,468.61998286537664
2725192.1746402187,1270747.6954103946,462.87776776297244
2725192.1763781738,1270742.8357791994,465.0
2725192.1846501566,1270746.6543310375,462.8777677629724
2725192.241404569,1270762.0710490455,464.2877677629724
2725192.25182194,1270813.3680054666,477.0
2725192.272451673,1270785.9476404916,468.61998286537664
2725192.272773599,1270780.5100604857,467.20998286537656
2725192.293659806,1270753.2320395205,462.8777677629723
2725192.316325781,1270740.8953609883,464.0
2725192.33250748,1270758.644265495,464.2877677629724
2725192.342310922,1270776.0624845058,467.2099828653766
2725192.3523762343,1270791.5095779828,468.61998286537664
2725192.3847627174,1270749.80525597,462.8777677629724
2725192.3899436058,1270777.0664074346,467.2099828653766
2725192.448549886,1270718.977384129,460.0
2725192.4695462417,1270788.0659249322,468.61998286537664
2725192.4698681673,1270782.628344926,467.20998286537656
2725192.4881137153,1270738.8350519864,463.0
2725192.5426299786,1270760.7541110702,464.2877677629724
2725192.5774004753,1270802.9026937108,475.0
2725192.5870381743,1270779.184691875,467.20998286537656
2725192.594885216,1270751.9151015454,462.87776776297244
2725192.6096123178,1270765.361807172,468.0
2725192.614075847,1270798.444826601,474.0
2725192.6145598846,1270807.6285555724,476.0
2725192.6158222947,1270722.7966795634,461.0
2725192.6337328907,1270757.32732752,464.2877677629725
2725192.6666408097,1270790.1842093721,468.6199828653766
2725192.68368464,1270737.8908137996,462.0
2725192.6859881273,1270748.4883179949,462.8777677629724
2725192.735699749,1270718.4906756259,460.0
2725192.7527524773,1270762.8639566458,464.28776776297246
2725192.7838108176,1270786.7405563213,468.6199828653767
2725192.7841327433,1270781.3029763154,467.2099828653766
2725192.788887297,1270763.875277144,464.2877677629724
2725192.805007715,1270754.0249471208,462.8777677629723
2725192.8079496697,1270744.146131368,466.0
2725192.8358285613,1270793.3551329016,468.61998286537664
2725192.8438553885,1270759.437173095,464.2877677629724
2725192.8637353797,1270792.3024938125,468.61998286537664
2725192.8812115015,1270742.2959002133,465.0
2725192.8839703645,1270813.1003050385,477.0
2725192.896110626,1270750.5981635703,462.8777677629723
2725192.8988234806,1270754.9990690462,462.8777677629724
2725192.898823481,1270754.9990690462,464.2877677629724
2725192.9013027498,1270777.8593232643,467.20998286537656
2725192.9228433445,1270794.5501601535,473.0
2725192.9289486697,1270740.4556090843,464.0
2725192.934958301,1270756.010389545,464.2877677629724
2725192.9809053857,1270788.8588407615,468.61998286537664
2725192.9812273122,1270783.4212607555,467.2099828653766
2725192.987213537,1270747.1713800197,462.8777677629724
2725192.9926659605,1270771.2952827872,469.0
2725193.00727728,1270784.4391025875,467.2099828653766
2725193.00727728,1270784.4391025875,468.61998286537664
2725193.008759664,1270746.122860948,462.8777677629724
2725193.0359469536,1270738.395001746,463.0
2725193.053977887,1270761.5470186707,464.2877677629724
2725193.0980753927,1270785.4151877104,468.61998286537664
2725193.0983973187,1270779.9776077045,467.2099828653766
2725193.106233124,1270752.7080091457,462.8777677629723
2725193.132667011,1270737.3617329088,462.0
2725193.145080799,1270758.1202351202,464.2877677629724
2725193.16586505,1270722.3887413442,461.0
2725193.177999954,1270790.9771252016,468.6199828653766
2725193.178726,1270775.523072273,467.2099828653767
2725193.197336036,1270749.2812255952,462.8777677629723
2725193.1983231395,1270718.135205727,460.0
2725193.202399103,1270734.6243096266,462.0
2725193.2155673257,1270776.5339546537,467.2099828653766
2725193.2190636606,1270802.4920631782,475.0
2725193.241428597,1270735.3069886027,462.0
2725193.2515436797,1270807.3230223088,476.0
2725193.2951699616,1270787.533472151,468.6199828653767
2725193.2954918873,1270782.0958921448,467.20998286537656
2725193.311262788,1270733.9332413203,462.0
2725193.3112949426,1270736.7022718352,462.0
2725193.3229723456,1270736.0018718718,462.0
2725193.355203297,1270760.2300806954,464.2877677629724
2725193.390677494,1270764.7002394442,468.0
2725193.4074585345,1270751.3910711706,462.8777677629724
2725193.410197172,1270812.6799986204,477.0
2725193.412661894,1270778.6522390938,467.20998286537656
2725193.4351646546,1270798.2188782375,474.0
2725193.43871394,1270733.2444379653,462.0
2725193.4463062086,1270756.803297145,464.2877677629724
2725193.481465921,1270717.0303592253,460.0
2725193.49226453,1270789.6517565912,468.6199828653767
2725193.4956890577,1270717.642039564,460.0
2725193.498561446,1270747.9642876203,462.87776776297244
2725193.5182623863,1270739.9856331465,464.0
2725193.554376943,1270737.9212590577,463.0
2725193.556073677,1270741.71945231,465.0
2725193.5653257957,1270762.339926271,464.2877677629724
2725193.6094345367,1270786.2081035401,468.61998286537664
2725193.609756463,1270780.7705235344,467.2099828653766
2725193.6129968045,1270763.3438070542,464.2877677629724
2725193.615254716,1270743.5679615,466.0
2725193.617581033,1270753.500916746,462.87776776297244
2725193.6417240514,1270801.855497556,475.0
2725193.6564287078,1270758.9131427205,464.2877677629724
2725193.672243638,1270792.815720669,468.61998286537664
2725193.6893590987,1270791.7700410315,468.61998286537664
2725193.7002974395,1270794.0594428643,473.0
2725193.7086839443,1270750.0741331954,462.8777677629723
2725193.722932989,1270754.4675989568,462.87776776297244
2725193.722932989,1270754.4675989568,464.2877677629724
2725193.7269264692,1270777.326870483,467.20998286537656
2725193.7419428406,1270732.659238762,462.0
2725193.747531619,1270755.4863591702,464.28776776297246
2725193.7498194133,1270722.0062522336,461.0
2725193.799786856,1270746.647349645,462.8777677629724
2725193.806529105,1270788.3263879805,468.61998286537664
2725193.8068510313,1270782.8888079743,467.20998286537656
2725193.832869172,1270745.5913908586,462.8777677629724
2725193.8436923577,1270783.8996903547,467.2099828653767
2725193.8436923577,1270783.8996903547,468.61998286537664
2725193.8665512055,1270761.0229882956,464.2877677629724
2725193.8796544475,1270807.0088078687,476.0
2725193.8803781983,1270770.6919691118,469.0
2725193.883965776,1270812.1981645168,477.0
2725193.918806443,1270752.1839787709,462.8777677629723
2725193.9236991126,1270784.8827349294,468.61998286537664
2725193.924021038,1270779.4451549235,467.20998286537656
2725193.9576541176,1270757.5962047454,464.2877677629724
2725194.003623674,1270790.4446724209,468.61998286537664
2725194.0099093546,1270748.7571952203,462.8777677629724
2725194.0151410764,1270774.9836600404,467.2099828653766
2725194.041191045,1270776.0015018724,467.20998286537656
2725194.0930752642,1270739.4980959608,464.0
2725194.120793681,1270787.0010193696,468.61998286537664
2725194.121115607,1270781.5634393636,467.2099828653766
2725194.1276792693,1270722.342732831,461.0
2725194.1351573127,1270737.52302493,463.0
2725194.1428876156,1270797.750228565,474.0
2725194.167776616,1270759.7060503205,464.2877677629724
2725194.2094434127,1270741.1178673832,465.0
2725194.220031853,1270750.8670407957,462.8777677629724
2725194.2382856137,1270778.1197863128,467.20998286537656
2725194.2473903354,1270732.1757197527,462.0
2725194.2588795274,1270756.27926677,464.2877677629724
2725194.311134765,1270747.4402572452,462.87776776297244
2725194.3178882496,1270789.11930381,468.6199828653766
2725194.3276656424,1270721.650527832,461.0
2725194.354966995,1270801.608823847,475.0
2725194.377899114,1270761.815895896,464.2877677629724
2725194.4301543515,1270752.9768863712,462.8777677629724
2725194.4319792665,1270735.5453255516,463.0
2725194.435058257,1270785.675650759,468.6199828653767
2725194.4353801827,1270780.238070753,467.2099828653766
2725194.4371063123,1270762.812336965,464.2877677629724
2725194.4397818698,1270806.5870344047,476.0
2725194.451321681,1270722.848458653,461.0
2725194.452759912,1270721.7506999727,461.0
2725194.469002026,1270758.3891123454,464.2877677629724
2725194.480627884,1270743.0661034836,466.0
2725194.4939065254,1270811.8806522689,477.0
2725194.5005348143,1270736.9385348728,463.0
2725194.508658715,1270792.2763084364,468.6199828653766
2725194.514982818,1270791.23758825,468.61998286537664
2725194.521257263,1270749.5501028206,462.8777677629723
2725194.5228957785,1270793.6525736894,473.0
2725194.5368098468,1270736.2416535616,463.0
2725194.5470424965,1270753.9361288673,462.8777677629724
2725194.5470424965,1270753.9361288673,464.2877677629724
2725194.552550189,1270776.794417702,467.20998286537656
2725194.5601049378,1270754.962328795,464.28776776297246
2725194.612360175,1270746.12331927,462.87776776297244
2725194.613516981,1270738.9458630092,464.0
2725194.632152825,1270787.793935199,468.61998286537664
2725194.632474751,1270782.3563551933,467.20998286537656
2725194.6336394036,1270769.9210484773,469.0
2725194.6569786803,1270745.0599207692,462.87776776297244
2725194.678592138,1270740.3712090557,465.0
2725194.6791245244,1270760.498957921,464.2877677629724
2725194.6801074343,1270783.3602781221,467.2099828653766
2725194.6801074343,1270783.3602781221,468.61998286537664
2725194.70104014,1270734.9464659984,463.0
2725194.731379762,1270751.6599483958,462.8777677629723
2725194.7493228326,1270784.3502821482,468.61998286537664
2725194.749644758,1270778.9127021423,467.20998286537656
2725194.770227436,1270757.0721743705,464.2877677629724
2725194.7832919583,1270721.2555142231,461.0
2725194.8224826735,1270748.2331648455,462.87776776297244
2725194.823061811,1270731.778991592,462.0
2725194.8292473936,1270789.9122196394,468.61998286537664
2725194.8430001824,1270797.2518541003,474.0
2725194.8515561535,1270774.4442478078,467.2099828653766
2725194.866814765,1270775.469049091,467.2099828653766
2725194.946417401,1270786.4685665886,468.61998286537664
2725194.9467393267,1270781.0309865826,467.2099828653766
2725194.949846955,1270734.3095503743,463.0
2725194.980349934,1270759.1820199457,464.2877677629724
2725195.032605172,1270750.3430104211,462.87776776297244
2725195.0339343334,1270806.2091160582,476.0
2725195.036347513,1270801.2550571884,475.0
2725195.063909333,1270777.5873335311,467.20998286537656
2725195.0714528463,1270755.7552363954,464.2877677629724
2725195.097213096,1270715.609961581,460.0
2725195.1178260203,1270742.326126498,466.0
2725195.1237080833,1270746.9162268704,462.8777677629724
2725195.1259483085,1270811.6109328673,477.0
2725195.1435119696,1270788.5868510285,468.6199828653765
2725195.1442399975,1270722.8554157496,461.0
2725195.161405209,1270738.422556947,464.0
2725195.1904724333,1270761.291865521,464.28776776297246
2725195.24272767,1270752.4528559963,462.8777677629724
2725195.2606819766,1270785.1431979777,468.61998286537664
2725195.261003902,1270779.705617972,467.2099828653767
2725195.26121582,1270762.2808668753,464.2877677629724
2725195.2815753445,1270757.8650819706,464.2877677629724
2725195.3087834883,1270793.1801273564,473.0
2725195.322431399,1270731.2885225941,462.0
2725195.333830582,1270749.0260724458,462.8777677629723
2725195.340606538,1270790.705135469,468.61998286537664
2725195.3411599863,1270715.2072238992,460.0
2725195.345073792,1270791.7368962038,468.61998286537664
2725195.371152004,1270753.4046587779,462.87776776297244
2725195.371152004,1270753.4046587779,464.2877677629724
2725195.3726782566,1270754.4382984203,464.2877677629725
2725195.3769778647,1270769.1509093437,469.0
2725195.378173909,1270776.2619649207,467.20998286537656
2725195.424933493,1270745.5992888953,462.87776776297244
2725195.4577765446,1270787.261482418,468.61998286537664
2725195.458098471,1270781.823902412,467.2099828653766
2725195.4599655545,1270739.9641698715,465.0
2725195.4810881875,1270744.5284506795,462.8777677629723
2725195.491697843,1270759.974927546,464.2877677629724
2725195.5165225114,1270782.8208658895,467.2099828653766
2725195.5165225114,1270782.8208658895,468.61998286537664
2725195.5346370474,1270733.921515685,463.0
2725195.5439530807,1270751.1359180212,462.8777677629724
2725195.551155513,1270796.774076486,474.0
2725195.574946552,1270783.817829367,468.61998286537664
2725195.5752684777,1270778.3802493608,467.20998286537656
2725195.582800755,1270756.5481439955,464.2877677629724
2725195.604833103,1270805.7912870357,476.0
2725195.635055992,1270747.7091344707,462.8777677629724
2725195.654871113,1270789.3797668582,468.6199828653765
2725195.65772182,1270800.8078779755,475.0
2725195.6879712306,1270773.9048355753,467.2099828653767
2725195.6924384846,1270774.93659631,467.2099828653766
2725195.7240248034,1270737.9131448267,464.0
2725195.7308555827,1270741.5351971865,466.0
2725195.7720411206,1270785.9361138074,468.61998286537664
2725195.7723630466,1270780.4985338014,467.2099828653766
2725195.7817077013,1270811.405910425,477.0
2725195.790422009,1270730.7770372746,462.0
2725195.792923253,1270758.6579895709,464.2877677629724
2725195.82201492,1270722.6933428298,461.0
2725195.8451784905,1270749.818980046,462.87776776297244
2725195.8840261647,1270755.2312060203,464.28776776297246
2725195.889533053,1270777.0548807501,467.20998286537656
2725195.9362814017,1270746.3921964956,462.87776776297244
2725195.9691356895,1270788.0543982475,468.61998286537664
2725195.9837286123,1270733.39602514,463.0
2725195.9858266385,1270792.5576844416,473.0
2725196.0030457517,1270760.7678351463,464.2877677629724
2725196.0553009887,1270751.9288256215,462.8777677629724
2725196.085325328,1270761.749396786,464.2877677629724
2725196.086305696,1270784.6107451967,468.61998286537664
2725196.086627622,1270779.1731651905,467.20998286537656
2725196.094148663,1270757.3410515958,464.2877677629724
2725196.0947262505,1270737.2524836871,464.0
2725196.1464039003,1270748.502042071,462.8777677629723
2725196.1662302576,1270790.1726826879,468.6199828653766
2725196.1791991647,1270739.4474708452,465.0
2725196.181488869,1270791.1974839708,468.61998286537664
2725196.185251575,1270753.9142680452,464.2877677629725
2725196.195261512,1270752.8731886882,462.8777677629724
2725196.195261512,1270752.8731886882,464.2877677629724
2725196.2037976286,1270775.7295121395,467.20998286537656
2725196.2375068115,1270745.0752585204,462.87776776297244
2725196.2505572615,1270805.5181720315,476.0
2725196.2649824508,1270768.5433314103,469.0
2725196.2834002646,1270786.7290296368,468.6199828653767
2725196.283722191,1270781.2914496309,467.2099828653766
2725196.3042711616,1270759.4508971712,464.2877677629724
2725196.3051976957,1270743.99698059,462.87776776297244
2725196.3272525845,1270800.4342075672,475.0
2725196.339739199,1270796.4288639505,474.0
2725196.3529375885,1270782.281453657,467.2099828653766
2725196.3529375885,1270782.281453657,468.61998286537664
2725196.3565263986,1270750.6118876464,462.8777677629724
2725196.367391999,1270811.0590227381,477.0
2725196.3931181817,1270730.4515491882,462.0
2725196.3953740736,1270756.0241136206,464.2877677629724
2725196.400570272,1270783.2853765858,468.61998286537664
2725196.4008921976,1270777.8477965798,467.20998286537656
2725196.4476293107,1270747.1851040958,462.87776776297244
2725196.4710356453,1270722.6377254839,461.0
2725196.4804948336,1270788.847314077,468.6199828653766
2725196.5180622046,1270774.404143529,467.2099828653766
2725196.524386307,1270773.3654233424,467.2099828653766
2725196.5489281006,1270736.6527823415,464.0
2725196.5659650727,1270741.034420793,466.0
2725196.5976648405,1270785.4036610262,468.61998286537664
2725196.597986766,1270779.96608102,467.2099828653766
2725196.6054965714,1270758.133959196,464.2877677629724
2725196.6133561097,1270733.1168569648,463.0
2725196.657751809,1270749.2949496713,462.8777677629724
2725196.696599483,1270754.7071756457,464.28776776297246
2725196.7151567726,1270776.522427969,467.2099828653765
2725196.7488547205,1270745.8681661207,462.87776776297244
2725196.7947594086,1270787.5219454663,468.61998286537664
2725196.81561907,1270760.2438047715,464.2877677629725
2725196.8678743076,1270751.4047952467,462.8777677629724
2725196.873677087,1270738.896028967,465.0
2725196.8810895816,1270729.9494199823,462.0
2725196.8901237305,1270805.243618129,476.0
2725196.9067219817,1270756.817021221,464.2877677629724
2725196.908663382,1270810.640369269,477.0
2725196.9094348364,1270761.2179266964,464.2877677629724
2725196.911929416,1270784.0782924155,468.61998286537664
2725196.912251342,1270778.6407124095,467.2099828653766
2725196.9492367916,1270767.7256853487,469.0
2725196.9589772187,1270747.9780116961,462.8777677629724
2725196.991853978,1270789.6402299067,468.6199828653767
2725196.9920036793,1270800.056866699,475.0
2725196.9978248943,1270753.3902376706,464.2877677629725
2725197.0179039463,1270790.6580717384,468.61998286537664
2725197.0193710197,1270752.3417185987,464.28776776297235
2725197.01937102,1270752.3417185987,462.8777677629724
2725197.029421348,1270775.1970593582,467.20998286537656
2725197.05008013,1270744.5512281454,462.8777677629724
2725197.0515945577,1270795.9515138469,474.0
2725197.1090239845,1270786.1965768556,468.61998286537664
2725197.1093459106,1270780.7589968496,467.2099828653766
2725197.1168444804,1270758.9268667963,464.2877677629724
2725197.1293072035,1270743.4655105006,462.8777677629724
2725197.133195362,1270722.8549237072,461.0
2725197.1439582976,1270736.1969617922,464.0
2725197.1690997174,1270750.0878572713,462.8777677629723
2725197.189352665,1270781.7420414244,467.2099828653767
2725197.189352665,1270781.7420414244,468.61998286537664
2725197.207947392,1270755.5000832458,464.2877677629724
2725197.2261939915,1270782.7529238046,468.61998286537664
2725197.2265159166,1270777.3153437984,467.2099828653765
2725197.251353303,1270732.828456526,463.0
2725197.260202629,1270746.661073721,462.8777677629724
2725197.306118553,1270788.3148612957,468.6199828653766
2725197.343685924,1270773.8716907476,467.20998286537656
2725197.3459007717,1270804.7194952848,476.0
2725197.3500925614,1270713.4912621523,460.0
2725197.360801385,1270772.8260111099,467.2099828653767
2725197.4180698902,1270757.6099288212,464.2877677629724
2725197.42328856,1270784.871208245,468.61998286537664
2725197.423610486,1270779.433628239,467.2099828653766
2725197.452228206,1270740.7272931212,466.0
2725197.4703251277,1270748.7709192964,462.87776776297244
2725197.4761453355,1270729.616382587,462.0
2725197.488881898,1270810.27353126,477.0
2725197.509172802,1270754.183145271,464.28776776297246
2725197.540780493,1270775.989975188,467.2099828653766
2725197.5614280393,1270745.344135746,462.87776776297244
2725197.620383128,1270786.989492685,468.6199828653765
2725197.6281923885,1270759.7197743966,464.2877677629724
2725197.6472507976,1270738.5661295867,465.0
2725197.680447626,1270750.8807648716,462.8777677629724
2725197.701589418,1270799.7613377913,475.0
2725197.7192953,1270756.292990846,464.28776776297246
2725197.7335443436,1270760.686456607,464.2877677629724
2725197.7375531355,1270783.5458396343,468.61998286537664
2725197.737875061,1270778.1082596283,467.20998286537656
2725197.7510314756,1270804.1442234777,476.0
2725197.771550537,1270747.453981321,462.8777677629723
2725197.7816319666,1270722.6462886396,461.0
2725197.7901995494,1270767.0533060504,469.0
2725197.8044287073,1270795.5358799326,474.0
2725197.8103982126,1270752.8662072958,464.2877677629726
2725197.817477697,1270789.1077771257,468.6199828653766
2725197.8434805283,1270751.8102485093,462.8777677629724
2725197.8434805283,1270751.8102485093,464.2877677629724
2725197.854319023,1270790.1186595056,468.61998286537664
2725197.8550450676,1270774.6646065768,467.20998286537656
2725197.862245033,1270736.1291672874,464.0
2725197.862653449,1270744.0271977705,462.8777677629724
2725197.9116284293,1270713.257918597,460.0
2725197.9294177988,1270758.4028364215,464.2877677629724
2725197.934647704,1270785.6641240744,468.6199828653766
2725197.93496963,1270780.2265440684,467.2099828653766
2725197.9534167117,1270742.9340404111,462.8777677629724
2725197.955693391,1270732.8356314437,463.0
2725197.981673036,1270749.5638268967,462.8777677629723
2725198.0205207104,1270754.976052871,464.28776776297246
2725198.0257677427,1270781.2026291916,467.2099828653766
2725198.0257677427,1270781.2026291916,468.61998286537664
2725198.0518177105,1270782.2204710233,468.61998286537664
2725198.0521396366,1270776.7828910174,467.20998286537656
2725198.072775948,1270746.1370433462,462.87776776297244
2725198.1212222464,1270810.0071631623,477.0
2725198.1317422725,1270787.7824085145,468.6199828653766
2725198.1693096436,1270773.3392379663,467.2099828653766
2725198.1718715834,1270729.5584865976,462.0
2725198.1972164614,1270772.286598877,467.2099828653766
2725198.230643209,1270757.0858984464,464.2877677629724
2725198.2489122795,1270784.3387554637,468.61998286537664
2725198.249234206,1270778.9011754578,467.2099828653766
2725198.282898446,1270748.2468889216,462.8777677629724
2725198.296854565,1270799.2804503895,475.0
2725198.321746121,1270753.659114896,464.28776776297246
2725198.353230029,1270803.7750857964,476.0
2725198.366404212,1270775.4575224062,467.20998286537645
2725198.3740013577,1270744.820105371,462.87776776297244
2725198.431355071,1270740.8103534388,466.0
2725198.4407657078,1270759.1957440218,464.2877677629725
2725198.442322381,1270722.4884361224,461.0
2725198.446006848,1270786.4570399038,468.61998286537664
2725198.4930209448,1270750.356734497,462.87776776297244
2725198.5276144696,1270738.6638650233,465.0
2725198.531868619,1270755.768960471,464.28776776297246
2725198.541435919,1270795.0951539972,474.0
2725198.557653852,1270760.1549865175,464.2877677629724
2725198.5631768545,1270783.0133868528,468.61998286537664
2725198.563498781,1270777.575806847,467.2099828653766
2725198.5841238564,1270746.9299509465,462.8777677629724
2725198.590510181,1270736.3424117148,464.0
2725198.593118189,1270733.0484844376,463.0
2725198.593816343,1270766.3446317432,469.0
2725198.622971531,1270752.342176921,464.2877677629725
2725198.643101417,1270788.5753243444,468.61998286537664
2725198.6675900356,1270751.2787784198,462.87776776297244
2725198.6675900356,1270751.2787784198,464.2877677629724
2725198.6752267675,1270743.5031673957,462.8777677629724
2725198.6806687876,1270774.1321537958,467.2099828653765
2725198.6907341,1270789.579247273,468.61998286537664
2725198.7419911176,1270757.8788060467,464.2877677629724
2725198.7602714235,1270785.1316712932,468.6199828653766
2725198.7605933496,1270779.6940912872,467.20998286537656
2725198.7775262194,1270742.4025703217,462.8777677629724
2725198.778719431,1270809.8117445116,477.0
2725198.7925393395,1270729.8655664036,462.0
2725198.7942463546,1270749.0397965217,462.8777677629724
2725198.8330940288,1270754.4520224961,464.28776776297246
2725198.8621828193,1270780.6632169588,467.2099828653767
2725198.8621828193,1270780.6632169588,468.61998286537664
2725198.8774414305,1270781.688018242,468.6199828653766
2725198.8777633565,1270776.2504382362,467.20998286537656
2725198.885349266,1270745.6130129711,462.87776776297244
2725198.931581842,1270733.6373012508,463.0
2725198.9550141045,1270803.4748967895,476.0
2725198.9573659925,1270787.2499557335,468.6199828653766
2725198.982752125,1270798.9346615623,475.0
2725198.9949333635,1270772.8067851854,467.20998286537656
2725199.007816892,1270736.9351584287,464.0
2725199.033631539,1270771.7471866445,467.2099828653767
2725199.0432165274,1270756.5618680716,464.28776776297246
2725199.0745359994,1270783.8063026825,468.61998286537664
2725199.074857925,1270778.3687226763,467.2099828653766
2725199.095471765,1270747.7228585468,462.8777677629724
2725199.132234689,1270734.3131804783,463.0
2725199.1343194395,1270753.1350845213,464.28776776297246
2725199.1345279706,1270722.5857935227,461.0
2725199.1779704294,1270739.212054417,465.0
2725199.186574676,1270744.296074996,462.87776776297244
2725199.1920279316,1270774.9250696253,467.20998286537656
2725199.2533390257,1270758.671713647,464.28776776297246
2725199.2716305675,1270785.9245871226,468.6199828653766
2725199.278852639,1270743.179927528,462.8777677629724
2725199.305594263,1270749.8327041222,462.8777677629724
2725199.3114520563,1270794.7175678355,474.0
2725199.321013086,1270730.3256107355,462.0
2725199.3444419377,1270755.2449300962,464.28776776297246
2725199.3538518157,1270809.4400651567,477.0
2725199.3772027735,1270741.0800990413,466.0
2725199.3817633595,1270759.623516428,464.2877677629724
2725199.384011003,1270765.6210379351,469.0
2725199.388800575,1270782.4809340718,468.61998286537664
2725199.389122501,1270777.0433540659,467.20998286537656
2725199.3966971748,1270746.4059205714,462.8777677629724
2725199.435544849,1270751.8181465457,464.2877677629724
2725199.468725137,1270788.042871563,468.61998286537664
2725199.4915852295,1270730.9934263723,462.0
2725199.491699544,1270750.7473083301,462.8777677629724
2725199.491699544,1270750.7473083301,464.2877677629724
2725199.506292507,1270773.5997010146,467.20998286537656
2725199.527149177,1270789.0398350405,468.61998286537664
2725199.544988234,1270737.4193105497,464.0
2725199.5545644355,1270757.3547756718,464.2877677629724
2725199.585895143,1270784.599218512,468.6199828653765
2725199.5862170695,1270779.161638506,467.2099828653766
2725199.5918573784,1270803.2479295838,476.0
2725199.606819673,1270748.515766147,462.8777677629724
2725199.6456673476,1270753.9279921213,464.2877677629725
2725199.6712591336,1270731.6452532895,462.0
2725199.68013798,1270739.9443977037,465.0
2725199.6951009994,1270798.659498789,475.0
2725199.6979225846,1270745.0889825965,462.87776776297244
2725199.6985978964,1270780.1238047262,467.2099828653766
2725199.6985978964,1270780.1238047262,468.61998286537664
2725199.7030651495,1270781.155565461,468.6199828653766
2725199.703387076,1270775.717985455,467.20998286537656
2725199.7208297285,1270734.6519777447,463.0
2725199.7331511164,1270808.8713155342,477.0
2725199.780179058,1270743.9572847344,462.8777677629724
2725199.782989712,1270786.717502952,468.6199828653766
2725199.820557083,1270772.274332404,467.20998286537656
2725199.830748443,1270722.5599926843,461.0
2725199.8557898463,1270756.0378376967,464.28776776297246
2725199.8700466156,1270771.207774412,467.2099828653766
2725199.900159719,1270783.2738499013,468.61998286537664
2725199.900481645,1270777.8362698953,467.20998286537656
2725199.9080450833,1270747.1988281717,462.87776776297244
2725199.9468927574,1270752.6110541462,464.28776776297235
2725200.004272666,1270794.2090298787,474.0
2725200.017651652,1270774.3926168443,467.20998286537656
2725200.04109466,1270764.7719410176,469.0
2725200.0659123445,1270758.147683272,464.2877677629724
2725200.0762789915,1270741.7462566479,466.0
2725200.0948135005,1270736.7532522134,464.0
2725200.0972542875,1270785.3921343414,468.6199828653766
2725200.1181675815,1270749.308673747,462.8777677629723
2725200.157015256,1270754.7208997214,464.2877677629724
2725200.197299553,1270802.8872363365,476.0
2725200.2058728673,1270759.0920463386,464.2877677629724
2725200.209270493,1270745.8818901966,462.8777677629724
2725200.2144242944,1270781.9484812906,468.61998286537664
2725200.21474622,1270776.5109012844,467.2099828653766
2725200.2481181677,1270751.294116171,464.2877677629725
2725200.2574115237,1270737.4059970928,464.0
2725200.2815054776,1270744.7346419408,462.87776776297244
2725200.287595172,1270731.8418616983,462.0
2725200.2889264855,1270798.1814394542,475.0
2725200.2943406263,1270734.4913107934,463.0
2725200.2943488564,1270787.510418782,468.6199828653766
2725200.3049148973,1270808.4937345511,477.0
2725200.3158090515,1270750.215838241,462.87776776297244
2725200.3158090515,1270750.215838241,464.2877677629724
2725200.331916227,1270773.0672482334,467.20998286537656
2725200.3469416085,1270739.8012531833,465.0
2725200.3635642543,1270788.5004228076,468.61998286537664
2725200.3671377543,1270756.830745297,464.28776776297246
2725200.378007911,1270736.0666793485,464.0
2725200.381545392,1270733.7946939315,463.0
2725200.3979939613,1270738.9148047094,465.0
2725200.411518863,1270784.0667657307,468.61998286537664
2725200.411840789,1270778.6291857248,467.2099828653765
2725200.4193929913,1270747.9917357718,462.8777677629723
2725200.4582406655,1270753.4039617463,464.28776776297235
2725200.521537684,1270735.3214624566,464.0
2725200.522499821,1270722.5003454108,461.0
2725200.5286888694,1270780.6231126797,468.61998286537664
2725200.5290107965,1270775.1855326737,467.20998286537656
2725200.5350129735,1270779.5843924936,467.2099828653767
2725200.5350129735,1270779.5843924936,468.6199828653766
2725200.5396190286,1270742.4398776065,466.0
2725200.5419972045,1270733.1297430503,463.0
2725200.5761097097,1270738.0455614924,465.0
2725200.6086134315,1270786.1850501709,468.6199828653766
2725200.6461808025,1270771.7418796227,467.20998286537656
2725200.6683631646,1270755.5138073217,464.28776776297246
2725200.7064616927,1270770.6683621793,467.2099828653766
2725200.7206184017,1270746.6747977969,462.87776776297244
2725200.7257834384,1270782.74139712,468.61998286537664
2725200.7261053645,1270777.3038171143,467.2099828653766
2725200.729420775,1270793.7544092569,474.0
2725200.755768444,1270763.9694449687,469.0
2725200.7594660767,1270752.0870237714,464.2877677629725
2725200.779080589,1270731.3898304673,462.0
2725200.782831897,1270745.511999147,462.8777677629724
2725200.791173023,1270734.6312705239,464.0
2725200.8175234366,1270730.692480974,462.0
2725200.8180076187,1270802.548781083,476.0
2725200.8432753715,1270773.8601640628,467.20998286537656
2725200.866737683,1270797.6785339261,475.0
2725200.878485663,1270757.6236528973,464.28776776297246
2725200.8881584434,1270737.2301182314,465.0
2725200.922878007,1270784.8596815602,468.61998286537664
2725200.923856756,1270732.537931471,463.0
2725200.9307409003,1270748.7846433723,462.8777677629724
2725200.932356217,1270808.2204053313,477.0
2725200.969588574,1270754.1968693465,464.2877677629724
2725201.0299823754,1270758.560576249,464.2877677629724
2725201.0400480144,1270781.4160285094,468.61998286537664
2725201.04036994,1270775.9784485034,467.20998286537656
2725201.060691486,1270750.7700857965,464.28776776297246
2725201.087926892,1270730.0667659193,462.0
2725201.1199725755,1270786.9779660006,468.61998286537664
2725201.129187619,1270741.4319037588,466.0
2725201.139918559,1270749.6843681515,462.8777677629724
2725201.139918559,1270749.6843681515,464.2877677629724
2725201.1563168303,1270740.4555186366,466.0
2725201.157539947,1270772.5347954524,467.20998286537656
2725201.1631285665,1270722.6706515134,461.0
2725201.1797110736,1270756.3067149222,464.28776776297246
2725201.1999793313,1270787.961010575,468.61998286537664
2725201.203487973,1270743.5819613372,467.0
2725201.220114745,1270731.901239577,463.0
2725201.23196631,1270747.4677053972,462.8777677629724
2725201.2371425824,1270783.5343129495,468.6199828653766
2725201.237464509,1270778.0967329438,467.20998286537656
2725201.270813985,1270752.8799313717,464.28776776297246
2725201.284158317,1270746.2893563532,462.87776776297244
2725201.320841171,1270734.1416306077,464.0
2725201.3543125903,1270780.0906598987,468.61998286537664
2725201.354634516,1270774.6530798927,467.20998286537656
2725201.37142805,1270779.044980261,467.2099828653766
2725201.3714280506,1270779.044980261,468.61998286537664
2725201.3739033546,1270763.090089957,469.0
2725201.382381276,1270736.4994116677,465.0
2725201.403743681,1270802.1551707678,476.0
2725201.434237151,1270785.6525973899,468.6199828653765
2725201.443314407,1270742.3494463798,466.0
2725201.465874361,1270733.4019535151,464.0
2725201.4718045224,1270771.2094268415,467.20998286537656
2725201.474310653,1270793.3232953488,474.0
2725201.4809364825,1270754.9897769468,464.28776776297235
2725201.481975089,1270729.4877104214,462.0
2725201.4821234876,1270730.5564970523,463.0
2725201.4859366305,1270731.2604878189,463.0
2725201.489922602,1270797.233562476,475.0
2725201.4997449084,1270807.8343488069,477.0
2725201.54287677,1270770.1289499465,467.2099828653766
2725201.5453026537,1270739.5733486903,466.0
2725201.5514071584,1270782.2089443388,468.61998286537664
2725201.5517290845,1270776.771364333,467.20998286537656
2725201.572039395,1270751.5629933963,464.2877677629725
2725201.6688990914,1270773.3277112818,467.2099828653766
2725201.6910589817,1270757.0996225225,464.2877677629725
2725201.7433142187,1270748.2606129977,462.8777677629724
2725201.7485017264,1270784.327228779,468.6199828653766
2725201.7821618933,1270753.672838972,464.28776776297246
2725201.785484736,1270747.0667135597,462.8777677629724
2725201.799582949,1270735.7356193713,465.0
2725201.813512681,1270738.6486399942,466.0
2725201.8174000927,1270722.5295807023,461.0
2725201.854091883,1270758.0291061595,464.2877677629724
2725201.8558415514,1270730.0086546277,463.0
2725201.8656717343,1270780.8835757282,468.61998286537664
2725201.8659936604,1270775.4459957222,467.20998286537656
2725201.8732648054,1270750.2460554214,464.2877677629725
2725201.8893390624,1270732.780095985,464.0
2725201.938024661,1270737.7106190484,466.0
2725201.9455962954,1270786.4455132193,468.6199828653766
2725201.964028067,1270749.1528980618,464.2877677629724
2725201.9640280674,1270749.152898062,462.8777677629724
2725201.9831636664,1270772.0023426712,467.20998286537656
2725201.990591125,1270762.21200857,469.0
2725201.992284391,1270755.7826845471,464.2877677629724
2725202.0152291823,1270801.848337919,476.0
2725202.0224108687,1270745.4041826644,468.0
2725202.036394408,1270787.4215983422,468.61998286537664
2725202.0578714083,1270729.198129275,462.0
2725202.0627663024,1270783.0018601683,468.6199828653766
2725202.0630882285,1270777.5642801626,467.20998286537656
2725202.083387303,1270752.3559009968,464.28776776297246
2725202.14063006,1270743.9462996616,467.0
2725202.153412102,1270796.8446982512,475.0
2725202.1682111165,1270792.8141535087,474.0
2725202.1799363093,1270779.5582071175,468.61998286537664
2725202.1802582354,1270774.1206271115,467.20998286537656
2725202.207843127,1270778.5055680282,467.2099828653767
2725202.207843127,1270778.5055680282,468.61998286537664
2725202.259860871,1270785.1201446087,468.6199828653766
2725202.2868111557,1270747.8440707661,462.8777677629724
2725202.293509802,1270754.4657465722,464.2877677629725
2725202.297428242,1270770.6769740602,467.20998286537656
2725202.3770308783,1270781.6764915579,468.61998286537664
2725202.377352804,1270776.238911552,467.20998286537656
2725202.379291847,1270769.589537714,467.2099828653766
2725202.383851173,1270732.2070753311,464.0
2725202.3846127135,1270751.0389630217,464.2877677629725
2725202.405905598,1270735.0954079037,465.0
2725202.465103654,1270722.431459649,461.0
2725202.471153151,1270729.8586647217,463.0
2725202.494522811,1270772.7952585006,467.20998286537656
2725202.5036322996,1270756.5755921472,464.28776776297235
2725202.5741254464,1270783.7947759978,468.6199828653766
2725202.5836645057,1270801.4863951397,476.0
2725202.5947352117,1270753.1488085974,464.28776776297246
2725202.5964883603,1270739.4632299775,467.0
2725202.6144654714,1270736.9744218588,466.0
2725202.619363323,1270761.3446434669,469.0
2725202.627473438,1270738.4487558303,467.0
2725202.646687974,1270740.4652254204,467.0
2725202.6782013914,1270757.49763607,464.2877677629724
2725202.685838124,1270749.7220250464,464.2877677629725
2725202.6912954533,1270780.351122947,468.61998286537664
2725202.6916173794,1270774.9135429412,467.20998286537656
2725202.709797674,1270796.317597752,475.0
2725202.7485438194,1270742.308092846,467.0
2725202.750028485,1270729.2753576515,462.0
2725202.771220015,1270785.9130604384,468.61998286537664
2725202.7734983983,1270746.6136526028,468.0
2725202.788137575,1270748.6214279723,462.8777677629724
2725202.788137575,1270748.6214279723,464.2877677629724
2725202.8048577104,1270755.2586541723,464.28776776297246
2725202.806521649,1270731.5807026476,464.0
2725202.8087873864,1270771.4698898897,467.20998286537656
2725202.856650304,1270792.298318153,474.0
2725202.8591127326,1270738.1174194058,467.0
2725202.872809485,1270786.8821861097,468.61998286537664
2725202.888119844,1270730.1765529653,463.0
2725202.8883900223,1270782.4694073873,468.6199828653766
2725202.8887119484,1270777.031827381,467.2099828653765
2725202.895960622,1270751.8318706218,464.2877677629724
2725202.9265885754,1270741.3175279647,467.0
2725203.005560029,1270779.0257543363,468.6199828653766
2725203.0058819554,1270773.5881743303,467.2099828653765
2725203.0324382177,1270745.395398973,468.0
2725203.034454787,1270744.4123442066,467.0
2725203.0349518303,1270722.0302482848,461.0
2725203.0359886014,1270760.3520973055,469.0
2725203.0442582043,1270777.9661557956,467.2099828653766
2725203.0442582043,1270777.9661557958,468.6199828653767
2725203.084423415,1270730.9324488065,464.0
2725203.0854845904,1270784.5876918272,468.6199828653766
2725203.0855411906,1270743.2317126894,467.0
2725203.10608312,1270753.9417161974,464.28776776297246
2725203.123051962,1270770.144521279,467.20998286537656
2725203.147931247,1270734.6415994063,465.0
2725203.172581596,1270801.1033717575,476.0
2725203.176141031,1270739.068021281,467.0
2725203.1971860323,1270750.5149326469,464.2877677629725
2725203.2026545973,1270781.1440387766,468.61998286537664
2725203.202976524,1270775.7064587704,467.20998286537656
2725203.2157069235,1270769.050125481,467.2099828653766
2725203.2894639946,1270749.3987851785,464.2877677629724
2725203.3162056194,1270756.0515617728,464.2877677629725
2725203.32014653,1270772.2628057194,467.20998286537656
2725203.375408627,1270795.9347418058,475.0
2725203.3800799153,1270736.3461355965,466.0
2725203.396859249,1270729.4934710967,462.0
2725203.3997491663,1270783.262323217,468.61998286537664
2725203.4073085305,1270752.624778222,464.28776776297246
2725203.4219777207,1270730.269385836,464.0
2725203.468589307,1270729.7915340704,463.0
2725203.4937270554,1270791.7195418705,474.0
2725203.502310899,1270756.9661659806,464.2877677629724
2725203.5169191733,1270779.8186701657,468.61998286537664
2725203.517241099,1270774.3810901598,467.2099828653765
2725203.5754397535,1270722.2210557056,461.0
2725203.596843735,1270785.380607657,468.61998286537664
2725203.617431029,1270754.7346237977,464.28776776297246
2725203.6344111054,1270770.9374371085,467.20998286537656
2725203.7085339404,1270751.307840247,464.2877677629724
2725203.709224562,1270786.342773877,468.61998286537664
2725203.714013742,1270781.9369546059,468.6199828653766
2725203.714335668,1270776.4993746001,467.20998286537656
2725203.7372783762,1270743.9545536581,467.0
2725203.7886825968,1270759.625070152,469.0
2725203.790790414,1270750.1761423848,464.2877677629724
2725203.79551323,1270734.047231006,465.0
2725203.8278803267,1270800.8415436635,476.0
2725203.8311837483,1270778.493301555,468.61998286537664
2725203.831505675,1270773.0557215489,467.20998286537656
2725203.852959894,1270767.2514292477,470.0
2725203.8806732814,1270777.4267435628,467.20998286537656
2725203.8806732814,1270777.4267435628,468.61998286537664
2725203.893128139,1270738.6100575582,467.0
2725203.911108311,1270784.0552390462,468.61998286537664
2725203.916911023,1270730.798298113,465.0
2725203.9186564386,1270753.4176858221,464.28776776297246
2725203.948675682,1270769.6120684978,467.20998286537656
2725203.964647307,1270730.076355631,465.0
2725203.9647339764,1270795.4573097038,475.0
2725203.981272349,1270729.7613424212,464.0
2725204.0274045873,1270729.2601245968,462.0
2725204.0282783173,1270780.6115859952,468.61998286537664
2725204.0286002434,1270775.1740059895,467.20998286537656
2725204.0505456235,1270745.3335602842,468.0
2725204.0521220006,1270768.5107132485,467.2099828653766
2725204.093050777,1270729.472917835,463.0
2725204.125115332,1270735.6809910373,466.0
2725204.1287789377,1270755.527531398,464.2877677629725
2725204.1457702504,1270771.7303529382,467.20998286537656
2725204.157265912,1270791.1712257327,474.0
2725204.1931110565,1270722.2823513187,461.0
2725204.219881849,1270752.1007478472,464.2877677629724
2725204.2253728863,1270782.7298704353,468.61998286537664
2725204.225721361,1270731.6257746585,465.0
2725204.228980538,1270722.8663411727,461.0
2725204.2831428037,1270733.3101428307,465.0
2725204.2921168334,1270750.953499591,464.2877677629724
2725204.326420407,1270756.4346958909,464.2877677629724
2725204.337274488,1270732.4801477198,465.0
2725204.342542893,1270779.2862173845,468.6199828653766
2725204.3428648184,1270773.8486373785,467.2099828653766
2725204.422467455,1270784.8481548761,468.6199828653766
2725204.4300043476,1270754.2105934224,464.28776776297246
2725204.460034826,1270770.4049843275,467.2099828653765
2725204.465222905,1270800.5438191327,476.0
2725204.4930803706,1270728.743164957,462.0
2725204.5301273637,1270758.8809094916,469.0
2725204.5356393764,1270728.9394061016,463.0
2725204.5396374613,1270781.4045018246,468.6199828653766
2725204.5399593874,1270775.966921819,467.2099828653766
2725204.5401797136,1270729.2603469857,464.0
2725204.5456396393,1270785.8033616443,468.61998286537664
2725204.553450334,1270769.2880843922,467.2099828653766
2725204.5872865855,1270766.5470203978,470.0
2725204.595718679,1270729.4544619035,465.0
2725204.6123392084,1270737.9126305887,467.0
2725204.6187581164,1270795.230547118,475.0
2725204.6568074683,1270777.9608487738,468.61998286537664
2725204.6571293944,1270772.5232687679,467.20998286537656
2725204.7050207313,1270742.8388005036,468.0
2725204.7170883585,1270776.8873313302,467.2099828653766
2725204.7170883585,1270776.8873313305,468.61998286537664
2725204.7312297574,1270752.8936554475,464.28776776297246
2725204.73673203,1270783.522786265,468.61998286537664
2725204.776538525,1270734.9241156345,466.0
2725204.793443253,1270751.7308567974,464.2877677629724
2725204.8539020373,1270780.079133214,468.61998286537664
2725204.854223963,1270774.6415532082,467.20998286537656
2725204.8663306874,1270790.6856864362,474.0
2725204.941352256,1270755.0035010232,464.28776776297246
2725204.9547118465,1270728.3761073353,463.0
2725204.955980674,1270728.2202035189,462.0
2725204.9593798677,1270728.6336354078,464.0
2725204.9713939694,1270771.197900157,467.2099828653765
2725204.996920352,1270800.1307507195,476.0
2725205.0274795215,1270743.7605231209,468.0
2725205.0509966053,1270782.1974176543,468.61998286537664
2725205.052586426,1270745.1114515483,468.0
2725205.054778667,1270770.0654555364,467.2099828653766
2725205.071428437,1270741.000018442,468.0
2725205.150529915,1270755.9032258014,464.2877677629724
2725205.1681666123,1270778.7537646033,468.61998286537664
2725205.168488539,1270773.3161845976,467.20998286537656
2725205.1991318273,1270728.817340453,465.0
2725205.2076508906,1270765.7470532549,470.0
2725205.2214379674,1270741.9514411194,468.0
2725205.2399417297,1270758.0754252374,469.0
2725205.242577666,1270753.6865630478,464.2877677629724
2725205.248030484,1270737.123252871,467.0
2725205.2480911743,1270784.3157020947,468.6199828653767
2725205.294769672,1270752.5082140036,464.2877677629724
2725205.2958818665,1270794.9144875184,475.0
2725205.3652611813,1270780.8720490437,468.61998286537664
2725205.3655831073,1270775.4344690377,467.2099828653765
2725205.3756437087,1270734.1309634685,466.0
2725205.381912618,1270757.0269134224,469.0
2725205.3820547163,1270785.2639494117,468.61998286537664
2725205.442724385,1270728.0679488569,464.0
2725205.447829298,1270727.7233665185,462.0
2725205.469036448,1270727.8995511797,463.0
2725205.482431188,1270777.4283959926,468.61998286537664
2725205.482753114,1270771.9908159866,467.20998286537656
2725205.553503435,1270776.3479190976,467.20998286537656
2725205.553503435,1270776.3479190976,468.61998286537664
2725205.5561070004,1270770.8428266803,467.2099828653766
2725205.5623557493,1270782.990333484,468.6199828653765
2725205.5799624124,1270799.855971904,476.0
2725205.583773475,1270790.2270783037,474.0
2725205.6795257567,1270779.5466804327,468.61998286537664
2725205.679847683,1270774.109100427,467.20998286537656
2725205.702199708,1270740.2379514752,468.0
2725205.7510666857,1270728.6932999333,465.0
2725205.7539255745,1270754.479470648,464.2877677629725
2725205.7960960916,1270753.28557121,464.2877677629724
2725205.867533547,1270731.3745697578,466.0
2725205.8702294035,1270764.9882053947,470.0
2725205.8766203253,1270781.664964873,468.6199828653765
2725205.879264949,1270727.184595191,462.0
2725205.8829446724,1270736.3320892935,467.0
2725205.927014773,1270744.1971463084,468.0
2725205.942060502,1270733.3328852567,466.0
2725205.9432905037,1270794.5030658902,475.0
2725205.9746394227,1270755.371755712,464.2877677629724
2725205.9796302486,1270732.3654496835,466.0
2725205.983360746,1270727.4189152461,463.0
2725205.993790332,1270778.2213118223,468.61998286537664
2725205.9941122583,1270772.783731816,467.2099828653765
2725206.0384461153,1270739.2962027253,468.0
2725206.0519537767,1270744.91448132,468.0
2725206.0574353337,1270771.6201978242,467.2099828653766
2725206.073714894,1270783.7832493132,468.6199828653766
2725206.0837795883,1270730.412314403,466.0
2725206.0864969813,1270728.0396648296,464.0
2725206.1563106645,1270789.5844228263,474.0
2725206.1721630623,1270799.5186404097,476.0
2725206.1908849007,1270780.3395962622,468.61998286537664
2725206.1912068278,1270774.9020162565,467.20998286537656
2725206.218469793,1270784.724537179,468.61998286537664
2725206.2630584007,1270726.6160324523,462.0
2725206.2671936178,1270738.3216694223,468.0
2725206.297422511,1270754.0629284163,464.2877677629724
2725206.3080549077,1270776.8959432114,468.61998286537664
2725206.357009419,1270726.8290849812,463.0
2725206.375906983,1270735.4463554895,467.0
2725206.3879794693,1270782.4578807026,468.6199828653765
2725206.3899185127,1270775.808506865,467.2099828653766
2725206.3899185127,1270775.808506865,468.61998286537664
2725206.397379104,1270764.11785782,470.0
2725206.4149194844,1270728.1239958776,465.0
2725206.44258312,1270727.641805498,464.0
2725206.4489825596,1270793.9675074532,475.0
2725206.505149476,1270779.0142276515,468.61998286537664
2725206.5054714023,1270773.5766476458,467.20998286537656
2725206.511208577,1270726.9107382938,464.0
2725206.558763667,1270772.3975689681,467.2099828653766
2725206.685818397,1270799.0361061604,476.0
2725206.688345382,1270751.834214637,469.0
2725206.6943778456,1270729.6348786785,466.0
2725206.7022440447,1270781.1325120921,468.61998286537664
2725206.7470447565,1270770.7241816204,471.0
2725206.7559130806,1270788.9689025152,474.0
2725206.7987489305,1270754.8402856225,464.2877677629724
2725206.814643341,1270726.2694523488,462.0
2725206.8194140517,1270777.6888590408,468.61998286537664
2725206.874917314,1270726.6347562247,463.0
2725206.8993386133,1270783.2507965323,468.61998286537664
2725206.9105399977,1270734.584492147,467.0
2725206.9167239526,1270793.3790866593,475.0
2725206.938205391,1270727.4375139775,465.0
2725206.9683826105,1270737.611191974,468.0
2725206.991781214,1270750.8000785331,469.0
2725207.01650862,1270779.8071434812,468.61998286537664
2725207.016830547,1270774.3695634753,467.2099828653766
2725207.039436261,1270726.970374193,464.0
2725207.05488487,1270784.1851249463,468.61998286537664
2725207.060092,1270773.1749401118,467.2099828653766
2725207.133678627,1270776.3634904302,468.61998286537664
2725207.2136031887,1270781.9254279216,468.61998286537664
2725207.219252593,1270763.5885063852,470.0
2725207.2263335893,1270775.2690946322,467.20998286537656
2725207.2263335893,1270775.2690946322,468.61998286537664
2725207.2457998185,1270749.7527437555,469.0
2725207.2653276646,1270726.5397818617,462.0
2725207.272192244,1270788.2846038295,474.0
2725207.2751873136,1270733.6426723911,467.0
2725207.3307731957,1270778.4817748705,468.61998286537664
2725207.3518580617,1270798.8795242968,476.0
2725207.3575212853,1270728.8921250396,466.0
2725207.3702576,1270726.846966422,463.0
2725207.4143900857,1270736.6985642412,468.0
2725207.4496837817,1270792.839183734,475.0
2725207.4902514527,1270770.1193658162,471.0
2725207.4942308087,1270746.99376219,469.0
2725207.5278677642,1270780.6000593107,468.61998286537664
2725207.5385044524,1270748.7225487963,469.0
2725207.561420333,1270773.952311256,467.2099828653766
2725207.605284684,1270732.6859871934,467.0
2725207.645037771,1270777.1564062596,468.61998286537664
2725207.724962333,1270782.7183437508,468.6199828653766
2725207.809716193,1270731.7094288669,467.0
2725207.8286356116,1270735.7850282118,468.0
2725207.84213234,1270779.2746907,468.61998286537664
2725207.8431136915,1270798.4014547972,476.0
2725207.891299947,1270783.6457127137,468.61998286537664
2725207.9035701538,1270746.5280252672,469.0
2725207.918918561,1270787.72018942,474.0
2725207.9300173223,1270728.0763032867,466.0
2725207.959302347,1270775.831037649,468.6199828653767
2725207.9720312064,1270762.9070428887,470.0
2725207.97472407,1270747.7403428138,469.0
2725208.0392269087,1270781.3929751404,468.61998286537664
2725208.0460091084,1270730.7701730002,467.0
2725208.0627486664,1270774.7296823997,467.2099828653766
2725208.0627486664,1270774.7296823997,468.61998286537664
2725208.0685673105,1270792.4055466687,475.0
2725208.1563969157,1270777.949322089,468.61998286537664
2725208.181032404,1270734.8273916945,468.0
2725208.2411263403,1270769.527295657,471.0
2725208.3274195064,1270797.8935890063,476.0
2725208.353491484,1270780.0676065292,468.6199828653765
2725208.470661492,1270776.6239534786,468.61998286537676
2725208.5194768496,1270791.8138676498,475.0
2725208.5505860527,1270782.1858909698,468.6199828653766
2725208.5640769997,1270775.5070535436,468.61998286537664
2725208.6487189587,1270787.2646796477,474.0
2725208.6677560597,1270778.7422379188,468.61998286537664
2725208.7041186993,1270730.0577555655,467.0
2725208.7277150243,1270783.106300481,468.61998286537664
2725208.776255666,1270762.2989198163,470.0
2725208.857676439,1270797.4270215095,476.0
2725208.864850628,1270780.860522359,468.6199828653765
2725208.896320042,1270734.1978885252,468.0
2725208.969393397,1270746.4092058656,469.0
2725208.9758493598,1270768.9025464596,471.0
2725208.982020636,1270777.4168693083,468.6199828653767
2725209.0654053325,1270776.2844246873,468.61998286537664
2725209.104443831,1270791.3183177656,475.0
2725209.1791152037,1270779.5351537482,468.61998286537664
2725209.2721188054,1270796.8588639467,476.0
2725209.3082946963,1270786.714803042,474.0
2725209.3182117776,1270733.32326286,468.0
2725209.3762097727,1270781.6534381886,468.61998286537664
2725209.399895781,1270732.312424817,468.0
2725209.49337978,1270778.2097851378,468.61998286537664
2725209.5431506243,1270761.6277170358,470.0
2725209.5641301014,1270782.5668882483,468.61998286537664
2725209.566733666,1270777.0617958312,468.61998286537664
2725209.5769334137,1270731.32067463,468.0
2725209.586556767,1270768.1583331584,471.0
2725209.690474348,1270780.3280695777,468.6199828653765
2725209.763033857,1270774.3089738558,472.0
2725209.7660195543,1270790.9464944154,475.0
2725209.7738912357,1270796.3605209626,476.0
2725209.946645381,1270786.1405971018,474.0
2725209.9761566413,1270746.4397691889,469.0
2725210.0047389236,1270779.0027009672,468.6199828653767
2725210.068061999,1270777.839166975,468.61998286537664
2725210.1717833616,1270760.8343777081,470.0
2725210.2018334926,1270781.1209854071,468.6199828653765
2725210.2217222,1270790.3301658737,475.0
2725210.287621687,1270795.8745852243,476.0
2725210.3159034844,1270767.532045857,471.0
2725210.400545178,1270782.0274760157,468.61998286537664
2725210.516098068,1270779.7956167967,468.61998286537664
2725210.5367519557,1270773.76666844,472.0
2725210.5693903323,1270778.6165381188,468.61998286537664
2725210.5903854934,1270795.2595229084,476.0
2725210.591907395,1270785.575526754,474.0
2725210.6715322165,1270745.630573602,469.0
2725210.776592679,1270760.0230233707,470.0
2725210.9093618193,1270790.0110514984,475.0
2725210.938372757,1270744.5939981865,469.0
2725211.0138961812,1270766.8684533741,471.0
2725211.0274572126,1270780.5885326266,468.6199828653767
2725211.0707186656,1270779.3939092627,468.61998286537664
2725211.2071240684,1270794.9195504854,476.0
2725211.216198151,1270743.5643938065,469.0
2725211.2339991727,1270759.1179053746,470.0
2725211.236960255,1270781.4880637832,468.61998286537664
2725211.259258519,1270785.0370454094,474.0
2725211.35538374,1270773.3036051006,472.0
2725211.3983531725,1270758.1498485152,470.0
2725211.4887845386,1270789.6122731152,475.0
2725211.572046999,1270780.1712804064,468.61998286537664
2725211.617855888,1270753.1269125561,470.0
2725211.6202403763,1270757.179388464,470.0
2725211.6342073698,1270742.6545327774,469.0
2725211.6751665333,1270754.1425502086,470.0
2725211.7346726013,1270755.1598745366,470.0
2725211.7414065055,1270752.1285352088,470.0
2725211.74555212,1270794.479383671,476.0
2725211.757224088,1270766.2535960802,471.0
2725211.765904866,1270756.177517122,470.0
2725211.904444823,1270784.4700471167,474.0
2725212.006186043,1270789.0545082064,475.0
2725212.043407254,1270772.6616151026,472.0
2725212.065280627,1270740.831062539,469.0
2725212.0712958705,1270751.1741212094,470.0
2725212.073375332,1270780.9486515503,468.61998286537664
2725212.233713264,1270741.813321587,469.0
2725212.325447761,1270794.1142008961,476.0
2725212.4356873017,1270765.5680107833,471.0
2725212.4527540226,1270778.1956817897,473.0
2725212.6052084025,1270750.3124512804,470.0
2725212.61641627,1270783.9862213773,474.0
2725212.6827736413,1270788.7475625824,475.0
2725212.7326918743,1270740.0231305035,469.0
2725212.7396585755,1270772.026443689,472.0
2725212.922680922,1270749.3842376624,470.0
2725212.958488291,1270764.7636853973,471.0
2725212.9798185267,1270793.8545580783,476.0
2725213.1760459677,1270777.6273989647,473.0
2725213.2074633013,1270788.199618124,475.0
2725213.3271635594,1270783.5060993433,474.0
2725213.369264554,1270793.2733937239,476.0
2725213.386449003,1270739.3646083106,469.0
2725213.421011275,1270771.3712090044,472.0
2725213.483222612,1270763.954746179,471.0
2725213.6002040687,1270748.6486580796,470.0
2725213.79746887,1270787.708268526,475.0
2725213.846123105,1270776.9980818098,473.0
2725213.920170528,1270792.8486300474,476.0
2725213.983519438,1270782.950432252,474.0
2725213.9924633703,1270763.1357985898,471.0
2725213.9927027696,1270738.4830833066,469.0
2725214.088561398,1270770.7055062552,472.0
2725214.228997194,1270747.8566386043,470.0
2725214.3921447173,1270787.2249100988,475.0
2725214.5344191394,1270776.3901642044,473.0
2725214.5347934845,1270762.3381739007,471.0
2725214.570396907,1270792.5715817208,476.0
2725214.6238071895,1270782.376363665,474.0
2725214.6335635935,1270737.6279296973,469.0
2725214.6942495895,1270769.9937012643,472.0
2725215.0193354627,1270792.0623341426,476.0
2725215.044879141,1270786.8272437244,475.0
2725215.1253972487,1270769.157135664,472.0
2725215.154645134,1270748.1708008023,470.0
2725215.176740391,1270781.7175204738,474.0
2725215.209236876,1270761.6482960319,471.0
2725215.248906852,1270775.8110733028,473.0
2725215.5150048444,1270786.2469697562,475.0
2725215.5891513824,1270791.6932535216,476.0
2725215.6533509567,1270768.3729739105,472.0
2725215.6697540674,1270781.0125951336,474.0
2725215.9066536697,1270775.1688574716,473.0
2725216.009593888,1270761.1299077156,471.0
2725216.021551862,1270748.6734570204,470.0
2725216.103488829,1270785.761001924,475.0
2725216.1035930347,1270767.5427597691,472.0
2725216.111274269,1270791.2412523981,476.0
2725216.2619488835,1270780.3923122617,474.0
2725216.41684257,1270774.4321393853,473.0
2725216.5647643013,1270790.709183081,476.0
2725216.604739124,1270766.7436114135,472.0
2725216.6189971305,1270785.1994501122,475.0
2725216.762575187,1270748.192296079,470.0
2725216.781546615,1270779.7072434952,474.0
2725216.9405280296,1270760.9475384215,471.0
2725216.94281686,1270784.5030078026,475.0
2725217.0860163686,1270773.8223880227,473.0
2725217.1315260585,1270765.9592514262,472.0
2725217.199849212,1270790.4172661847,476.0
2725217.3053435697,1270783.8270293244,475.0
2725217.4047963815,1270747.4139190232,470.0
2725217.405609164,1270779.1149465926,474.0
2725217.4446320985,1270765.0768475619,472.0
2725217.6039255755,1270760.2931451737,471.0
2725217.654045354,1270783.2068785047,475.0
2725217.6829982256,1270773.1249752005,473.0
2725217.719948396,1270789.9534235403,476.0
2725217.8445454403,1270782.5754351586,475.0
2725217.914257154,1270764.2601876212,472.0
2725217.962251678,1270746.5835172224,470.0
2725218.0092789233,1270778.5015057386,474.0
2725218.229078388,1270772.386308975,473.0
2725218.253192273,1270781.932052843,475.0
2725218.312126412,1270789.584853462,476.0
2725218.5160093177,1270760.0236828378,471.0
2725218.5183217963,1270763.5339264844,472.0
2725218.631048137,1270777.9066207798,474.0
2725218.637705314,1270771.564552435,473.0
2725218.740947872,1270745.9485844378,470.0
2725218.851085115,1270781.4496264767,475.0
2725218.8609538074,1270789.150339707,476.0
2725219.042363989,1270787.1977844771,476.0
2725219.0918256375,1270770.7649194945,473.0
2725219.1382703884,1270795.2814139668,477.0
2725219.167904916,1270777.238498101,474.0
2725219.184767209,1270788.5362998918,476.0
2725219.2035987335,1270786.5148375824,476.0
2725219.2142126155,1270762.9101753712,472.0
2725219.2208468257,1270787.8384003947,476.0
2725219.4228353524,1270785.849008805,476.0
2725219.434737674,1270759.7772076586,471.0
2725219.481281042,1270781.0175581856,475.0
2725219.5523318322,1270785.187383854,476.0
2725219.5685938103,1270769.9788495908,473.0
2725219.630086931,1270745.4515379788,470.0
2725219.7131347493,1270794.9041403737,477.0
2725219.743476977,1270776.631565159,474.0
2725219.7631416325,1270784.5559451273,476.0
2725219.783382312,1270783.8501623778,476.0
2725219.822440719,1270783.1526219375,476.0
2725220.045527703,1270769.1934115544,473.0
2725220.0497032804,1270780.5009339754,475.0
2725220.0715040136,1270762.574990078,472.0
2725220.183867544,1270782.5648013286,476.0
2725220.3242137074,1270794.6338550765,477.0
2725220.3812641953,1270759.899913489,471.0
2725220.4415140944,1270776.133445289,474.0
2725220.500692933,1270768.3977781136,473.0
2725220.574925481,1270781.982786024,476.0
2725220.720093236,1270780.1388815616,475.0
2725220.7782653617,1270783.0493208128,477.0
2725220.7858758713,1270783.6848276905,477.0
2725220.836787991,1270794.2038058843,477.0
2725220.906557514,1270782.375262734,477.0
2725220.916017144,1270762.1702792784,472.0
2725220.9315005443,1270767.6188171294,473.0
2725220.968180338,1270775.4648110508,474.0
2725221.0328030614,1270760.4403269,471.0
2725221.0735339327,1270781.4835251255,476.0
2725221.0946641914,1270784.2948273616,477.0
2725221.2180917445,1270779.5675806445,475.0
2725221.2979284446,1270774.6787317826,474.0
2725221.3746400885,1270784.9220192656,477.0
2725221.4182262025,1270781.927382979,477.0
2725221.4528408404,1270766.889180689,473.0
2725221.5478264093,1270773.1363851214,474.0
2725221.557102789,1270773.9275605239,474.0
2725221.6637544185,1270781.1010234354,476.0
2725221.672490311,1270785.5407904794,477.0
2725221.712117279,1270761.091055574,471.0
2725221.7805601205,1270761.8328333003,472.0
2725221.786793307,1270779.0751768358,475.0
2725221.8655515304,1270786.1995206322,477.0
2725221.8755372716,1270793.4307000418,477.0
2725221.902468095,1270781.4393409456,477.0
2725222.0517728566,1270792.7677596952,477.0
2725222.118857725,1270780.5790236075,476.0
2725222.142400861,1270766.3219235744,473.0
2725222.1739786863,1270786.8103124052,477.0
2725222.227943742,1270773.0402917508,474.0
2725222.2463784097,1270778.4681095663,475.0
2725222.2791660037,1270792.1187150578,477.0
2725222.281102014,1270779.9046053311,476.0
2725222.422305383,1270787.450825771,477.0
2725222.43901941,1270781.010123252,477.0
2725222.5115450793,1270791.4714180196,477.0
2725222.5207585166,1270765.4855078077,473.0
2725222.557331351,1270779.2637615153,476.0
2725222.60917121,1270788.1069051242,477.0
2725222.62280646,1270789.475268458,477.0
2725222.659630011,1270788.7925528907,477.0
2725222.664315554,1270790.1575020978,477.0
2725222.6669299616,1270761.1236721978,471.0
2725222.7043963633,1270761.8834738338,472.0
2725222.7508984194,1270790.8338091236,477.0
2725222.7888571927,1270778.6381099813,476.0
2725222.798395929,1270783.435321601,478.0
2725222.8091709977,1270777.956912768,475.0
2725222.827205074,1270784.111628602,478.0
2725222.8612114945,1270780.4931419066,477.0
2725222.905814895,1270779.8583891462,477.0
2725222.991967839,1270772.6884619975,474.0
2725223.080917947,1270764.7681956051,473.0
2725223.106319043,1270784.6712039637,478.0
2725223.188839323,1270779.2322831464,477.0
2725223.216200271,1270785.294674759,478.0
2725223.2527367263,1270782.9850921987,478.0
2725223.357997297,1270778.2468163883,476.0
2725223.4657291905,1270777.5690132175,475.0
2725223.490071934,1270785.895517522,478.0
2725223.5751839997,1270772.062608708,474.0
2725223.6109242514,1270760.9537202292,471.0
2725223.6309782485,1270761.9193520364,472.0
2725223.683842755,1270782.4735894164,478.0
2725223.760947704,1270778.9617764445,477.0
2725223.8125141533,1270764.211386992,473.0
2725223.9616339165,1270786.3739465103,478.0
2725224.0364428083,1270777.1098398142,475.0
2725224.036934157,1270771.3385837828,474.0
2725224.0549794496,1270778.130447938,476.0
2725224.1251371144,1270781.9596596863,478.0
2725224.280547801,1270770.5158097297,474.0
2725224.3924545287,1270760.423989871,471.0
2725224.399128145,1270778.7188577105,477.0
2725224.433886547,1270763.5405808133,473.0
2725224.445089902,1270786.8441906695,478.0
2725224.5017664954,1270761.5618245234,472.0
2725224.5304078558,1270776.5394198438,475.0
2725224.545675887,1270775.9222666787,475.0
2725224.6133234613,1270769.7339943754,474.0
2725224.6256191633,1270789.3990189296,478.0
2725224.6393164033,1270781.5197839383,478.0
2725224.647855085,1270777.779067121,476.0
2725224.691907769,1270787.470365511,478.0
2725224.7462959043,1270788.7459847874,478.0
2725224.775911579,1270790.0176847186,478.0
2725224.7882311856,1270775.2351905124,475.0
2725224.8330990323,1270788.1254258337,478.0
2725225.0500896852,1270778.4998046774,477.0
2725225.1624798123,1270777.3019149443,476.0
2725225.163160481,1270763.026002722,473.0
2725225.179353683,1270769.0887151267,474.0
2725225.1948691057,1270781.1624271546,478.0
2725225.20900476,1270790.541673702,478.0
2725225.219122786,1270759.9299575172,471.0
2725225.322559988,1270761.1038109788,472.0
2725225.3745187456,1270774.7449559884,475.0
2725225.467960256,1270791.1583681642,478.0
2725225.619306077,1270776.7617495714,476.0
2725225.651777062,1270778.1714812566,477.0
2725225.701045991,1270768.4040700044,474.0
2725225.843560756,1270781.0617226844,478.0
2725225.949785034,1270759.3076893175,471.0
2725225.957181532,1270762.5790668717,473.0
2725226.0466846656,1270777.6219448939,477.0
2725226.051060877,1270774.3797113106,475.0
2725226.0610591015,1270760.5141720157,472.0
2725226.137586347,1270776.2856524368,476.0
2725226.2779515083,1270767.7745806256,474.0
2725226.4180562953,1270781.3691339893,478.0
2725226.4998908266,1270777.106584079,477.0
2725226.6316442657,1270775.7835208462,476.0
2725226.648628208,1270773.9053629884,475.0
2725226.6692465665,1270758.6823715107,471.0
2725226.7718049204,1270762.2031400127,473.0
2725226.897369278,1270760.0920973688,472.0
2725226.924298837,1270767.2135863523,474.0
2725227.052844297,1270776.713595546,477.0
2725227.0610015593,1270781.3677993277,478.0
2725227.2652381095,1270775.5444717207,476.0
2725227.302862109,1270773.5058351909,475.0
2725227.4985150117,1270758.2738831686,471.0
2725227.507037574,1270766.583706202,474.0
2725227.523828337,1270759.4581312542,472.0
2725227.5614595506,1270761.7394634648,473.0
2725227.611060595,1270780.9740201174,478.0
2725227.707331877,1270776.5151612095,477.0
2725227.899062407,1270780.3811929922,478.0
2725227.9203488417,1270773.0739204497,475.0
2725227.963033531,1270775.596959853,476.0
2725228.069494421,1270779.7237038133,478.0
2725228.1393745337,1270765.9994290627,474.0
2725228.2094787396,1270758.821749741,472.0
2725228.2365690707,1270757.6588981086,471.0
2725228.242769041,1270779.0698565142,478.0
2725228.2978766495,1270761.1901754842,473.0
2725228.3132374333,1270776.2406332118,477.0
2725228.4204238965,1270775.298651308,476.0
2725228.474374525,1270772.5436324738,475.0
2725228.5570324427,1270778.469812298,478.0
2725228.624610102,1270775.6424688422,477.0
2725228.6919033984,1270765.347511522,474.0
2725228.739175199,1270777.8174363093,478.0
2725228.8768935874,1270764.5073971492,474.0
2725228.897193687,1270774.8768633164,476.0
2725228.9819779545,1270760.5773856025,473.0
2725229.0136839496,1270775.3916776276,477.0
2725229.0716152936,1270758.463094029,472.0
2725229.1043599537,1270777.2803170024,478.0
2725229.1166552873,1270772.125220934,475.0
2725229.4146437175,1270763.8692204026,474.0
2725229.5507523622,1270774.7372213178,476.0
2725229.6231740923,1270776.849390435,478.0
2725229.6654759794,1270775.5653372742,477.0
2725229.689988675,1270759.9901863064,473.0
2725229.7336776108,1270771.6701212209,475.0
2725229.7338069403,1270763.0956767735,474.0
2725229.9669022462,1270762.278605538,474.0
2725230.0134056746,1270774.2267370215,476.0
2725230.043592981,1270775.0863262378,477.0
2725230.0621090154,1270761.4236238012,474.0
2725230.0969941746,1270776.3690320337,478.0
2725230.208023713,1270774.4198503017,477.0
2725230.350718415,1270771.2138378532,475.0
2725230.551202611,1270773.7691227165,476.0
2725230.606276539,1270760.844759042,474.0
2725230.7230896996,1270776.1062192018,478.0
2725230.78101863,1270774.077288701,477.0
2725230.9204168753,1270770.6972544456,475.0
2725231.094463441,1270773.3177804574,476.0
2725231.248218361,1270775.6813332587,478.0
2725231.334514212,1270773.669616159,477.0
2725231.522880884,1270770.222530188,475.0
2725231.690265902,1270772.9498986956,476.0
2725231.716540509,1270775.2018827638,478.0
2725231.890327018,1270773.2660545635,477.0
2725232.1501104627,1270769.7788625844,475.0
2725232.172205557,1270774.7025051145,478.0
2725232.231474679,1270772.4980126894,476.0
2725232.4766438156,1270772.9066163867,477.0
2725232.5518995826,1270769.1562028131,475.0
2725232.5881162486,1270774.1734640803,478.0
2725232.8480676766,1270768.4694934627,475.0
2725232.9054613635,1270772.3105553172,476.0
2725233.032923919,1270773.6935315789,478.0
2725233.1096463753,1270772.6420154492,477.0
2725233.3596727857,1270767.917839917,475.0
2725233.5022878842,1270771.9337949501,476.0
2725233.679007307,1270773.5721238232,478.0
2725233.6855455786,1270772.2735513928,477.0
2725233.778437662,1270767.2776458291,475.0
2725234.075077748,1270771.5222631977,476.0
2725234.249163153,1270771.8798128301,477.0
2725234.290746752,1270773.3084021253,478.0
2725234.299920734,1270766.7395114773,475.0
2725234.6016000668,1270771.050493042,476.0
2725234.7106493562,1270771.3700112093,477.0
2725234.8641328095,1270772.9433386554,478.0
2725235.125839228,1270770.5753912118,476.0
2725235.219853271,1270770.9078467875,477.0
2725235.36324882,1270772.5346890267,478.0
2725235.662205217,1270770.1157769095,476.0
2725235.78421362,1270770.5178717999,477.0
2725235.96453496,1270772.3119578008,478.0
2725236.210731008,1270769.673462092,476.0
2725236.303161624,1270771.7594088856,478.0
2725236.321707339,1270770.0897222257,477.0
2725236.3316797065,1270771.1156687606,478.0
2725236.665523475,1270770.526156461,478.0
2725236.887372313,1270769.7071157342,477.0
2725237.1469064318,1270770.0583949564,478.0
2725238.5679330206,1270782.8267915447,479.0
2725238.8458382464,1270782.3825299728,479.0
2725239.116556532,1270781.9337990922,479.0
2725239.3814039766,1270781.4816190796,479.0
2725239.6816272326,1270781.0530596205,479.0
2725240.058695623,1270780.691193019,479.0
2725240.441310237,1270780.3332850637,479.0
2725240.81757948,1270779.9684984812,479.0
2725241.1938487226,1270779.603711899,479.0
2725241.5701179653,1270779.2389253164,479.0
2725242.028419627,1270779.0879932134,479.0
2725242.5292461743,1270779.2142427228,479.0
2725243.017438936,1270779.4046493024,479.0
2725243.5033281087,1270779.6009860546,479.0
