x,y,z
2725145.6836687694,1270753.919434318,463.0
2725146.1729963226,1270754.4253473063,463.0
2725146.7265040046,1270754.8602241315,463.0
2725147.418134495,1270754.7334488586,463.0
2725148.1153528346,1270754.6303678965,463.0
2725148.813641046,1270754.536313679,463.0
2725149.486024871,1270754.3349496368,463.0
2725150.0369413337,1270763.374597809,464.0
2725150.1584695866,1270754.1516492453,463.0
2725150.4324017107,1270750.3074345633,462.0
2725150.7758386713,1270763.2088781795,464.0
2725150.8448739443,1270753.997920932,463.0
2725150.960169751,1270750.7659210325,462.0
2725151.377852428,1270765.081053678,465.0
2725151.4908868265,1270751.2156544174,462.0
2725151.501948855,1270753.7422055546,463.0
2725151.519427697,1270763.3281503366,464.0
2725152.1094559245,1270764.650014224,465.0
2725152.1474860287,1270751.3991346573,462.0
2725152.166231158,1270753.506350934,463.0
2725152.2570041483,1270763.3571090815,464.0
2725152.7652102187,1270753.139329549,463.0
2725152.8021365884,1270751.1769450137,462.0
2725152.836774335,1270762.9035550356,464.0
2725152.8926537996,1270764.5369946347,465.0
2725153.3204707545,1270770.0211365563,466.0
2725153.3992049256,1270752.835468146,463.0
2725153.431275733,1270750.8851403734,462.0
2725153.5050313203,1270762.6593279815,464.0
2725153.7501312518,1270764.3070595548,465.0
2725153.9734463776,1270752.4264020133,463.0
2725154.048962844,1270762.13045697,464.0
2725154.086042927,1270750.651264655,462.0
2725154.238089959,1270769.6447979363,466.0
2725154.576496439,1270763.9859692398,465.0
2725154.6153645837,1270752.1417480137,463.0
2725154.725739111,1270750.3655527427,462.0
2725154.7352224137,1270761.9339753157,464.0
2725155.147425298,1270769.2310677895,466.0
2725155.2434801017,1270751.8239076221,463.0
2725155.316955479,1270761.4584875957,464.0
2725155.353527202,1270750.0552887511,462.0
2725155.3822020614,1270763.6173442157,465.0
2725155.8614570946,1270751.48607312,463.0
2725155.9902478345,1270761.1314529562,464.0
2725156.0012305835,1270749.7883280755,462.0
2725156.098506396,1270768.920779926,466.0
2725156.1941475915,1270763.2622485505,465.0
2725156.461514016,1270751.1163797122,463.0
2725156.6238774676,1270760.7186197727,464.0
2725156.6373087335,1270749.494343538,462.0
2725156.6921704058,1270775.1772736118,467.0
2725157.0083398456,1270762.9105372974,465.0
2725157.0660839444,1270768.7080068267,466.0
2725157.075555396,1270750.7699283562,463.0
2725157.2044745497,1270760.2304234828,464.0
2725157.2291223793,1270749.1212602493,462.0
2725157.2677713134,1270745.5747313602,461.0
2725157.570122938,1270774.6803228997,467.0
2725157.673999285,1270750.3979181312,463.0
2725157.8381777317,1270748.7751650503,462.0
2725157.8486895952,1270762.6370538138,465.0
2725157.8591772337,1270759.869518594,464.0
2725157.869455708,1270745.9112875871,461.0
2725158.0203753137,1270768.4124388746,466.0
2725158.3073016335,1270750.089477503,463.0
2725158.4413495716,1270759.3833397366,464.0
2725158.468041518,1270748.4712800584,462.0
2725158.529715122,1270774.3513727076,467.0
2725158.542017795,1270746.0900371766,461.0
2725158.6731541455,1270762.307876197,465.0
2725158.93382576,1270749.7664174791,463.0
2725158.997081588,1270758.8673564189,464.0
2725159.009509121,1270768.2948460698,466.0
2725159.076356276,1270748.1338909303,462.0
2725159.1237887675,1270781.1557939227,468.0
2725159.2105817157,1270746.0354403465,461.0
2725159.506540171,1270762.0619799662,465.0
2725159.5209178478,1270774.3057704135,467.0
2725159.56193747,1270749.4461762388,463.0
2725159.6461459463,1270747.7262037175,462.0
2725159.668372888,1270758.660100105,464.0
2725159.8349864585,1270745.7258776473,461.0
2725159.9644507905,1270768.0335771758,466.0
2725160.0003251247,1270780.650507793,468.0
2725160.160880746,1270749.0763377608,463.0
2725160.2304115794,1270758.1827239415,464.0
2725160.2573815384,1270747.3863389073,462.0
2725160.2971578618,1270761.660313642,465.0
2725160.416810084,1270745.3396299696,461.0
2725160.5136113735,1270774.2841460228,467.0
2725160.795680182,1270748.772424978,463.0
2725160.844081116,1270747.0039349757,462.0
2725160.8892931314,1270757.8147172194,464.0
2725160.9315665876,1270767.8103418164,466.0
2725160.959114135,1270780.304448031,468.0
2725160.9799219267,1270744.9328832359,461.0
2725161.0803468293,1270761.2546520329,465.0
2725161.422691687,1270748.4502088316,463.0
2725161.423155103,1270746.6138145619,462.0
2725161.5059118085,1270774.095851109,467.0
2725161.565989732,1270744.5554135763,461.0
2725161.5972836455,1270757.5454543163,464.0
2725161.863755834,1270767.4619789603,466.0
2725161.864794426,1270760.8405879189,465.0
2725161.9244339317,1270779.9875701675,468.0
2725161.9852655367,1270746.1992742126,462.0
2725162.0357745285,1270748.867868961,463.0
2725162.095816617,1270748.3436772483,463.0
2725162.1323006894,1270744.1462224,461.0
2725162.244059442,1270786.1953741685,469.0
2725162.246167877,1270757.15987952,464.0
2725162.4647638523,1270773.7663212032,467.0
2725162.5795352003,1270745.8283520672,462.0
2725162.6607487337,1270749.1886287706,463.0
2725162.7184581645,1270760.6071980775,465.0
2725162.7262056028,1270743.7779746747,461.0
2725162.830800264,1270767.2041505042,466.0
2725162.9355450696,1270779.8214100935,468.0
2725162.938242647,1270759.8037257362,465.0
2725162.972644915,1270757.3167636134,464.0
2725163.17733417,1270785.6638538039,469.0
2725163.1885786364,1270745.4818033176,462.0
2725163.301014476,1270743.3808459209,461.0
2725163.3345800634,1270749.383185558,463.0
2725163.4209068194,1270773.4286034931,467.0
2725163.6074739005,1270759.2297095796,465.0
2725163.6665492356,1270757.6123486776,464.0
2725163.7971676067,1270745.1362751063,462.0
2725163.8108858136,1270767.0081803538,466.0
2725163.9181871507,1270779.5260754307,468.0
2725163.9310854236,1270743.082165659,461.0
2725163.970970354,1270749.6864256756,463.0
2725164.1863355497,1270785.2933467682,469.0
2725164.3824917423,1270744.7511201347,462.0
2725164.3955360632,1270757.79423891,464.0
2725164.404912684,1270773.1878617825,467.0
2725164.4109745016,1270790.9723154213,470.0
2725164.4332074146,1270758.9321873782,465.0
2725164.572126357,1270750.044282576,463.0
2725164.587965587,1270742.843397305,461.0
2725164.7836959166,1270766.7858421898,466.0
2725164.907744147,1270779.2682793534,468.0
2725164.974813757,1270744.3767072859,462.0
2725165.115373847,1270757.9830284892,464.0
2725165.179482506,1270750.4006694115,463.0
2725165.2026446383,1270742.5151811703,461.0
2725165.219917543,1270785.1513994928,469.0
2725165.227286787,1270790.3796372917,470.0
2725165.311075312,1270758.804761763,465.0
2725165.3951972104,1270772.9654618027,467.0
2725165.577525044,1270744.0202935878,462.0
2725165.60609153,1270766.2414873468,466.0
2725165.7740654107,1270758.3303352564,464.0
2725165.830919626,1270750.6371414114,463.0
2725165.8588770307,1270742.2794260522,461.0
2725165.875906096,1270778.9336520587,468.0
2725166.0905061625,1270759.102462885,465.0
2725166.1588206748,1270789.9665734835,470.0
2725166.1990716225,1270743.6972596592,462.0
2725166.292576907,1270785.0628261913,469.0
2725166.3508449094,1270758.8203674788,464.0
2725166.3644626364,1270772.68186061,467.0
2725166.364944085,1270750.8701168336,463.0
2725166.4818761246,1270741.9642262098,461.0
2725166.534918122,1270765.9937254735,466.0
2725166.8187412885,1270743.3701480352,462.0
2725166.835437902,1270751.3724257788,463.0
2725166.853627298,1270778.6901504928,468.0
2725166.9304699674,1270759.246521188,465.0
2725167.0538092046,1270759.0184157514,464.0
2725167.112075191,1270741.665763337,461.0
2725167.1213716855,1270789.6630145253,470.0
2725167.1801190176,1270795.7726292098,471.0
2725167.355808203,1270784.905618855,469.0
2725167.36985603,1270772.5489622299,467.0
2725167.453056596,1270743.0736446383,462.0
2725167.453947466,1270765.8115310716,466.0
2725167.531936184,1270751.445286985,463.0
2725167.6566922246,1270741.2444087255,461.0
2725167.805590513,1270759.3360507807,465.0
2725167.810649269,1270759.0609581827,464.0
2725167.8107943223,1270778.368767293,468.0
2725168.0223217,1270795.301830783,471.0
2725168.0340478094,1270742.6870258432,462.0
2725168.1398315947,1270789.6543328855,470.0
2725168.195558443,1270784.2608322024,469.0
2725168.2133293655,1270751.2869667474,463.0
2725168.275728435,1270740.9281951492,461.0
2725168.361028073,1270772.3768629362,467.0
2725168.3907739157,1270764.3790170506,463.18017865090854
2725168.5452887253,1270758.990763636,464.0
2725168.5531577687,1270742.2181372922,462.0
2725168.584214855,1270759.2331546918,465.0
2725168.726816695,1270740.3946195254,461.0
2725168.8009863338,1270778.2049059595,468.0
2725168.8921005176,1270765.1563755858,463.18017865090854
2725168.897191955,1270741.641529488,462.0
2725168.9011312556,1270751.1654138812,463.0
2725168.9184343023,1270794.951591819,471.0
2725169.0813854327,1270783.665207919,469.0
2725169.1541113677,1270789.6347575628,470.0
2725169.1553917336,1270758.5551076178,464.0
2725169.170818826,1270755.163455767,464.0
2725169.177418682,1270737.5075484822,460.0
2725169.2116947714,1270763.8495999319,463.18017865090854
2725169.260186002,1270758.6637946288,465.0
2725169.2637072327,1270741.1144042974,462.0
2725169.2639092524,1270771.915097158,467.0
2725169.336634757,1270755.834038138,464.0
2725169.3539956706,1270740.155071044,461.0
2725169.3934271196,1270765.9337341213,463.18017865090854
2725169.4693942424,1270754.484403938,464.0
2725169.50788565,1270756.5646879212,464.0
2725169.5709295813,1270751.0346308495,463.0
2725169.5828270493,1270757.958452366,464.0
2725169.6913388083,1270739.5739720317,461.0
2725169.713019183,1270764.6269598806,463.1801786509086
2725169.7300556046,1270756.4990100993,465.0
2725169.771991397,1270755.6723620682,465.0
2725169.7742610876,1270737.602396355,460.0
2725169.7859315593,1270794.5377101,471.0
2725169.7986655254,1270753.833131249,464.0
2725169.809320732,1270757.2591411602,464.0
2725169.816660643,1270778.0756220638,468.0
2725169.8844602536,1270740.7928381297,462.0
2725169.8902842915,1270758.057026771,465.0
2725169.8947537215,1270766.7110926565,463.1801786509085
2725169.9676932106,1270761.8808138014,466.0
2725169.9787396085,1270800.9076524486,472.0
2725170.032615628,1270763.3201828124,463.1801786509085
2725170.0793896364,1270783.310918954,469.0
2725170.106491678,1270789.3714780398,470.0
2725170.128925158,1270771.384059787,467.0
2725170.1554546384,1270757.2425527866,465.0
2725170.211469263,1270739.3238453295,461.0
2725170.2143435925,1270765.404319829,463.1801786509085
2725170.2576044,1270750.9205096192,463.0
2725170.337361217,1270737.3589095562,460.0
2725170.3960803235,1270767.4884511917,463.18017865090854
2725170.4985312466,1270740.4669648837,462.0
2725170.5339400386,1270764.0975427616,463.18017865090854
2725170.5389122805,1270753.6656853089,464.0
2725170.6456157947,1270755.513320295,465.0
2725170.715668003,1270766.1816797778,463.1801786509085
2725170.7416222766,1270794.4471366182,471.0
2725170.7604759224,1270800.3842765475,472.0
2725170.7709615207,1270777.6974402699,468.0
2725170.7717678435,1270738.9127823082,461.0
2725170.8535364848,1270762.7907656936,463.18017865090854
2725170.897406926,1270768.2658097271,463.1801786509085
2725170.897656943,1270750.7264346727,463.0
2725170.9187013754,1270737.1723925795,460.0
2725170.9706459683,1270788.8312008576,470.0
2725171.0352644487,1270764.8749027099,463.1801786509085
2725171.0527061163,1270770.9742154705,467.0
2725171.094230968,1270740.1003701205,462.0
2725171.147300807,1270783.1676449738,469.0
2725171.20753913,1270752.0463599213,464.0
2725171.2169924136,1270766.9590397263,463.18017865090854
2725171.260200032,1270753.4358483134,464.0
2725171.347091876,1270754.991693263,465.0
2725171.354860895,1270763.5681256426,463.1801786509086
2725171.3856664826,1270738.5858913786,461.0
2725171.3987335274,1270769.0431682623,463.18017865090854
2725171.4173679836,1270750.2520062856,463.0
2725171.4483692124,1270751.4925472487,464.0
2725171.4518686705,1270752.757094806,464.0
2725171.452596443,1270799.7604589139,472.0
2725171.478802809,1270736.9226016595,460.0
2725171.4837544374,1270735.605055416,459.0
2725171.5365888597,1270765.6522626586,463.1801786509085
2725171.6239562538,1270777.1308654968,468.0
2725171.674457341,1270762.2613485747,463.18017865090854
2725171.6933719344,1270794.2874242612,471.0
2725171.706785097,1270739.7602161483,462.0
2725171.7183168246,1270767.7363996753,463.1801786509085
2725171.796834268,1270788.243677728,470.0
2725171.816406167,1270754.2682786149,465.0
2725171.856185306,1270764.3454855909,463.18017865090854
2725171.90006013,1270769.8205267978,463.18017865090854
2725171.9530617665,1270735.3836230303,459.0
2725171.9615976196,1270749.8055319756,463.0
2725172.021580057,1270751.002221435,464.0
2725172.036402948,1270738.3340341696,461.0
2725172.0379132703,1270766.4296226073,463.1801786509085
2725172.0581866163,1270736.720582123,460.0
2725172.0673096757,1270734.9157293586,459.0
2725172.1757817524,1270763.0387085234,463.1801786509086
2725172.2076013954,1270782.9726268465,469.0
2725172.2196412347,1270768.5137596237,463.1801786509085
2725172.340954489,1270739.464295623,462.0
2725172.346344951,1270799.462994341,472.0
2725172.3575097164,1270765.1228455398,463.1801786509085
2725172.375736127,1270805.8658976068,473.0
2725172.401386732,1270770.597885333,463.18017865090854
2725172.401386732,1270770.597885333,464.59017865090857
2725172.449956489,1270776.5265419004,468.0
2725172.4953781976,1270761.7319314554,463.1801786509085
2725172.5176292127,1270749.3770332835,463.0
2725172.539237681,1270767.206982556,463.1801786509085
2725172.5690788752,1270750.4770176313,464.0
2725172.5735639688,1270793.919332343,471.0
2725172.618859532,1270753.887800345,465.0
2725172.6234537987,1270736.481232054,460.0
2725172.6344524054,1270737.9721912027,461.0
2725172.6771061625,1270763.8160684719,463.18017865090854
2725172.7209656457,1270769.2911195727,463.1801786509086
2725172.770680832,1270787.947962907,470.0
2725172.858834127,1270765.9002054883,463.18017865090854
2725172.902713334,1270771.3752438682,464.59017865090857
2725172.9346536538,1270739.1066149361,462.0
2725172.9967026087,1270762.5092914044,463.18017865090854
2725173.0405620914,1270767.9843425045,463.1801786509085
2725173.0615169983,1270748.9290100397,463.0
2725173.078058536,1270782.3487560719,469.0
2725173.1481518648,1270805.378948894,473.0
2725173.178430573,1270764.5934284206,463.1801786509085
2725173.1997623574,1270736.2700520302,460.0
2725173.2133384645,1270737.5810342466,461.0
2725173.2222900563,1270770.068479521,463.18017865090854
2725173.2223075875,1270770.0684682138,464.59017865090857
2725173.2337373877,1270799.1451350842,472.0
2725173.2354952157,1270775.8760882528,468.0
2725173.270420425,1270750.2561760778,464.0
2725173.3162990543,1270761.2025143364,463.1801786509085
2725173.357651867,1270793.3629504135,471.0
2725173.3601585375,1270766.6775654368,463.1801786509085
2725173.4040399357,1270772.1526024037,464.59017865090857
2725173.4310765574,1270753.5605652456,465.0
2725173.4980270187,1270763.286651353,463.1801786509085
2725173.518245262,1270738.734274027,462.0
2725173.541886502,1270768.7617024533,463.18017865090854
2725173.598742954,1270751.931293112,465.0
2725173.628599035,1270752.8088618456,465.0
2725173.6797549836,1270765.3707883693,463.1801786509086
2725173.687990549,1270748.6247683957,463.0
2725173.7236319985,1270770.8458281623,464.59017865090857
2725173.756760389,1270737.142889935,461.0
2725173.768975247,1270787.7412561083,470.0
2725173.798468069,1270736.1365233662,460.0
2725173.8176234653,1270761.9798742856,463.1801786509086
2725173.861482948,1270767.4549253858,463.1801786509085
2725173.905366538,1270772.929960939,464.59017865090857
2725173.9235667353,1270804.8855356297,473.0
2725173.9410477346,1270781.7065836166,469.0
2725173.9814283857,1270749.9993730718,464.0
2725173.999351429,1270764.0640113014,463.1801786509085
2725174.0432109125,1270769.539062402,463.1801786509085
2725174.0432284437,1270769.5390510946,464.5901786509085
2725174.113713663,1270798.8008351575,472.0
2725174.134101897,1270738.4037775025,462.0
2725174.1372199105,1270760.6730972175,463.1801786509085
2725174.175124308,1270775.462522585,468.0
2725174.181079394,1270766.148148318,463.1801786509085
2725174.197083007,1270792.8872407756,471.0
2725174.2249564086,1270771.623188111,464.5901786509085
2725174.288879855,1270736.6919622924,461.0
2725174.318947875,1270762.757234234,463.1801786509086
2725174.3484789063,1270748.409009784,463.0
2725174.362807359,1270768.2322853343,463.1801786509086
2725174.3746927762,1270735.989554265,460.0
2725174.3954059514,1270751.6742454648,465.0
2725174.40669314,1270773.7073194743,464.59017865090857
2725174.50067584,1270764.84137125,463.1801786509085
2725174.5445528547,1270770.3164110435,464.59017865090857
2725174.599987132,1270749.604789369,464.0
2725174.638544321,1270761.4504571662,463.18017865090854
2725174.6824038047,1270766.9255082668,463.18017865090854
2725174.725676387,1270738.0284247277,462.0
2725174.726280819,1270772.4005480597,464.5901786509085
2725174.7379813707,1270804.45949875,473.0
2725174.765060778,1270787.525655716,470.0
2725174.816410679,1270736.243543936,461.0
2725174.820272286,1270763.5345941824,463.18017865090854
2725174.8216175037,1270735.5716471605,460.0
2725174.864131769,1270769.009645283,463.18017865090854
2725174.8641493004,1270769.0096339753,464.59017865090846
2725174.8804368023,1270781.177592113,469.0
2725174.887690286,1270747.9585838753,463.0
2725174.8921677126,1270810.0071857069,474.0
2725174.908019742,1270774.4846780095,464.59017865090857
2725174.9125970243,1270798.3108497483,472.0
2725174.958140767,1270760.1436800985,463.18017865090854
2725175.0020002504,1270765.6187311988,463.1801786509085
2725175.045877265,1270771.0937709918,464.59017865090846
2725175.1048545865,1270792.5620288092,471.0
2725175.1398687316,1270762.227817115,463.1801786509085
2725175.1837282153,1270767.7028682155,463.1801786509086
2725175.1882863007,1270751.331568894,465.0
2725175.2276052297,1270773.1779080082,464.59017865090857
2725175.230479124,1270749.1861867574,464.0
2725175.247296201,1270737.5620052998,462.0
2725175.2970428145,1270735.1926425644,460.0
2725175.3215966965,1270764.3119541311,463.1801786509085
2725175.365473712,1270769.7869939245,464.59017865090857
2725175.409346344,1270775.262036545,464.59017865090857
2725175.4339559777,1270747.5156448954,463.0
2725175.441681116,1270735.9315872332,461.0
2725175.459465178,1270760.9210400472,463.1801786509086
2725175.503324661,1270766.3960911473,463.1801786509085
2725175.5134384953,1270803.9708129826,473.0
2725175.547201676,1270771.8711309407,464.5901786509085
2725175.610636127,1270809.540840454,474.0
2725175.641193142,1270763.0051770634,463.1801786509085
2725175.6588402754,1270787.053603189,470.0
2725175.685052626,1270768.4802281638,463.18017865090854
2725175.685070157,1270768.4802168566,464.5901786509085
2725175.7013651873,1270797.7934124551,472.0
2725175.7289296403,1270773.9552679567,464.59017865090857
2725175.779061624,1270759.6142629795,463.1801786509086
2725175.822921107,1270765.0893140798,463.18017865090854
2725175.828738635,1270780.6670161951,469.0
2725175.8541013775,1270737.2120965752,462.0
2725175.8667981215,1270770.564353873,464.59017865090846
2725175.876094589,1270735.001048157,460.0
2725175.910672946,1270776.0393950804,464.59017865090857
2725175.939753527,1270748.9406923598,464.0
2725175.9607895883,1270761.6983999957,463.18017865090854
2725176.0028569633,1270735.5465009995,461.0
2725176.0040507866,1270747.1137913147,463.0
2725176.004649072,1270767.1734510963,463.1801786509085
2725176.0485260864,1270772.648490889,464.5901786509085
2725176.0494384104,1270792.38746679,471.0
2725176.05092546,1270751.311998637,465.0
2725176.1425175527,1270763.7825370121,463.1801786509085
2725176.186394568,1270769.2575768053,464.59017865090857
2725176.230254051,1270774.7326279057,464.59017865090846
2725176.238437389,1270803.4046792237,473.0
2725176.2803860344,1270760.3916229284,463.1801786509086
2725176.3242455176,1270765.8666740286,463.18017865090854
2725176.339366972,1270734.6128108276,460.0
2725176.346973648,1270809.1060964162,474.0
2725176.3681225325,1270771.3417138213,464.59017865090846
2725176.411999548,1270776.8167536156,464.59017865090857
2725176.460943371,1270797.2384413905,472.0
2725176.462113999,1270762.4757599444,463.1801786509086
2725176.469695868,1270786.4384698253,470.0
2725176.4745786544,1270736.8868298922,462.0
2725176.478076476,1270813.961353514,475.0
2725176.505973482,1270767.9508110448,463.1801786509085
2725176.5059910137,1270767.9507997374,464.59017865090857
2725176.5303256176,1270748.4787173998,464.0
2725176.549850497,1270773.4258508377,464.5901786509085
2725176.5507302345,1270735.1194103514,461.0
2725176.5958966836,1270746.7365467502,463.0
2725176.59998248,1270759.0848458603,463.1801786509085
2725176.6438419633,1270764.5598969609,463.1801786509085
2725176.687718978,1270770.0349367538,464.5901786509085
2725176.731578462,1270775.5099878544,464.5901786509086
2725176.78076393,1270780.173172665,469.0
2725176.781563893,1270734.1871508933,460.0
2725176.7817104454,1270761.168982877,463.1801786509086
2725176.8255699286,1270766.6440339773,463.18017865090854
2725176.869446943,1270772.1190737702,464.59017865090846
2725176.8821288943,1270751.006953508,465.0
2725176.9513977766,1270802.8278711806,473.0
2725176.9634384094,1270763.2531198931,463.1801786509085
2725177.005398052,1270792.2605131627,471.0
2725177.007156064,1270736.4480628218,462.0
2725177.0073154247,1270768.7281596863,464.59017865090857
2725177.051174907,1270774.2032107865,464.59017865090846
2725177.101306891,1270759.862205809,463.1801786509085
2725177.103285716,1270734.692736697,461.0
2725177.140889638,1270813.597404101,475.0
2725177.145166374,1270765.3372569093,463.1801786509085
2725177.1585108954,1270808.8238381818,474.0
2725177.1851219023,1270746.3503702362,463.0
2725177.1890433887,1270770.8122967028,464.59017865090857
2725177.2237872058,1270748.532035771,464.0
2725177.232902872,1270776.287347803,464.59017865090857
2725177.2497098725,1270733.7922493278,460.0
2725177.2830348555,1270761.9463428254,463.1801786509086
2725177.302441697,1270785.8554118215,470.0
2725177.3268943387,1270767.4213939258,463.1801786509085
2725177.32691187,1270767.4213826184,464.5901786509085
2725177.3280312787,1270796.8680091782,472.0
2725177.370771353,1270772.896433719,464.59017865090846
2725177.4209033367,1270758.5554287413,463.18017865090854
2725177.46476282,1270764.0304798419,463.18017865090854
2725177.508639835,1270769.5055196348,464.5901786509086
2725177.552499318,1270774.9805707354,464.5901786509086
2725177.558955997,1270736.0220664712,462.0
2725177.564033608,1270750.457619457,465.0
2725177.6026313016,1270760.6395657575,463.1801786509085
2725177.6153098857,1270734.2212218954,461.0
2725177.634874724,1270802.2258560793,473.0
2725177.646490785,1270766.1146168583,463.18017865090854
2725177.6678907583,1270733.3429872466,460.0
2725177.6903677993,1270771.5896566513,464.59017865090857
2725177.7610082063,1270779.7340002358,469.0
2725177.784359266,1270762.7237027742,463.1801786509086
2725177.812773192,1270746.0356342816,463.0
2725177.828236281,1270768.1987425673,464.59017865090857
2725177.8343126224,1270813.273796162,475.0
2725177.8720957637,1270773.6737936675,464.59017865090846
2725177.876954466,1270748.1571630077,464.0
2725177.886280047,1270730.821362499,460.0
2725177.901122789,1270808.3891988117,474.0
2725177.9222277473,1270759.3327886898,463.18017865090854
2725177.9338226914,1270792.0095732964,471.0
2725177.966087231,1270764.8078397904,463.18017865090854
2725177.9826267213,1270732.816431483,460.0
2725178.0099642454,1270770.2828795835,464.59017865090857
2725178.0538237286,1270775.7579306837,464.5901786509085
2725178.1039557117,1270761.4169257064,463.1801786509085
2725178.133011734,1270785.265953978,470.0
2725178.147815195,1270766.8919768068,463.1801786509085
2725178.1478327266,1270766.8919654994,464.59017865090857
2725178.1582258223,1270733.7814413896,461.0
2725178.1640748684,1270735.6702920222,462.0
2725178.1916922103,1270772.3670165997,464.5901786509086
2725178.2418241934,1270758.026011622,463.1801786509085
2725178.2520905933,1270796.6682328684,472.0
2725178.2636038815,1270731.3046447546,460.0
2725178.2856836766,1270763.5010627229,463.1801786509086
2725178.3295606915,1270768.9761025156,464.5901786509085
2725178.340772935,1270750.060484457,465.0
2725178.3414338743,1270801.646365114,473.0
2725178.3734201747,1270774.4511536162,464.59017865090857
2725178.3954291423,1270745.6469734474,463.0
2725178.423138654,1270732.4011823563,460.0
2725178.423552158,1270760.110148639,463.1801786509086
2725178.462416782,1270812.83393483,475.0
2725178.4674116415,1270765.5851997393,463.1801786509086
2725178.511288656,1270771.0602395323,464.59017865090857
2725178.5305572907,1270747.772628793,464.0
2725178.5623116363,1270807.8401379022,474.0
2725178.5652203383,1270731.8383509521,460.0
2725178.6052801223,1270762.194285655,463.1801786509085
2725178.649157137,1270767.669325448,464.59017865090857
2725178.693016621,1270773.1443765487,464.59017865090857
2725178.7272832803,1270736.9522247599,462.0
2725178.731025909,1270779.306997562,469.0
2725178.734453233,1270736.281630967,462.0
2725178.743148604,1270758.803371571,463.1801786509086
2725178.743839072,1270733.4032864338,461.0
2725178.7511026296,1270817.7440859268,476.0
2725178.787008087,1270764.2784226714,463.1801786509086
2725178.809804722,1270791.6125596473,471.0
2725178.829497144,1270735.7319028103,462.0
2725178.8308851016,1270769.7534624643,464.5901786509085
2725178.8747445852,1270775.228513565,464.59017865090846
2725178.924876569,1270760.8875085872,463.18017865090854
2725178.930243715,1270745.1890059647,463.0
2725178.9596696906,1270784.6930802285,467.2088710591499
2725178.968736052,1270766.3625596878,463.18017865090854
2725178.9687535833,1270766.3625483804,464.5901786509085
2725179.012613067,1270771.837599481,464.59017865090857
2725179.06274505,1270757.4965945033,463.18017865090854
2725179.106168555,1270749.610437598,465.0
2725179.1066045333,1270762.9716456034,463.1801786509085
2725179.14115046,1270807.2069565798,474.0
2725179.150481548,1270768.4466853968,464.59017865090857
2725179.1653129053,1270801.2380050668,473.0
2725179.178770484,1270796.490417578,472.0
2725179.180506663,1270732.85842986,461.0
2725179.188625887,1270812.5860307098,475.0
2725179.1943410314,1270773.9217364974,464.59017865090857
2725179.2055352936,1270747.4255489542,464.0
2725179.244473015,1270759.5807315195,463.1801786509085
2725179.2883324977,1270765.0557826203,463.1801786509086
2725179.332209512,1270770.530822413,464.59017865090846
2725179.3665577513,1270737.2166814264,462.0
2725179.3720617974,1270817.4142223245,476.0
2725179.426200979,1270761.664868536,463.18017865090854
2725179.460998024,1270785.4704513724,467.2088710591499
2725179.4700779943,1270767.1399083291,464.59017865090857
2725179.513937477,1270772.6149594295,464.5901786509086
2725179.5258653797,1270790.9669158722,471.0
2725179.539335977,1270744.8483643723,463.0
2725179.564069461,1270758.2739544522,463.1801786509086
2725179.6079289434,1270763.7490055521,463.1801786509085
2725179.644666077,1270778.7558080931,469.0
2725179.6518059582,1270769.224045345,464.5901786509085
2725179.6956654415,1270774.699096446,464.5901786509085
2725179.745797425,1270760.358091468,463.1801786509085
2725179.773889771,1270806.6287459694,474.0
2725179.7896569083,1270765.8331425688,463.1801786509086
2725179.7896744395,1270765.8331312612,464.5901786509085
2725179.7991662086,1270784.1516807447,467.2088710591499
2725179.8042658805,1270732.5466657758,461.0
2725179.8281287714,1270812.171595775,475.0
2725179.8335339227,1270771.3081823618,464.5901786509085
2725179.8836659067,1270756.967177384,463.18017865090854
2725179.903719646,1270747.129496355,464.0
2725179.9081890155,1270816.9537151712,476.0
2725179.9099679007,1270749.2464085603,465.0
2725179.92752539,1270762.4422284847,463.1801786509085
2725179.959390682,1270800.7887323508,473.0
2725179.962326357,1270786.2478225161,467.2088710591499
2725179.9714024044,1270767.9172682778,464.5901786509085
2725180.0077050584,1270785.0518337185,467.2088710591499
2725180.0152618876,1270773.3923193784,464.59017865090857
2725180.0399130597,1270737.3898971877,462.0
2725180.065393871,1270759.0513144005,463.18017865090854
2725180.1047723806,1270796.3011539162,472.0
2725180.1092533544,1270764.5263655009,463.1801786509085
2725180.1531303693,1270770.001405294,464.59017865090857
2725180.155305994,1270745.0827267193,463.0
2725180.2471218356,1270761.135451417,463.1801786509085
2725180.29099885,1270766.6104912101,464.59017865090857
2725180.3144010594,1270790.4162182515,471.0
2725180.334858333,1270772.0855423103,464.5901786509085
2725180.3849903173,1270757.744537333,463.1801786509086
2725180.386630416,1270806.0240193694,474.0
2725180.4131202037,1270811.6846495944,475.0
2725180.423519645,1270732.234851645,461.0
2725180.4288498,1270763.2195884334,463.18017865090854
2725180.4636546904,1270787.02519366,467.2088710591499
2725180.472726815,1270768.6946282263,464.59017865090857
2725180.516586298,1270774.1696793267,464.59017865090857
2725180.5190642024,1270785.844749548,467.2088710591498
2725180.523358129,1270746.7082060121,464.0
2725180.545530579,1270816.659859288,476.0
2725180.5667182817,1270759.8286743492,463.1801786509086
2725180.6105777645,1270765.3037254496,463.1801786509085
2725180.610595296,1270765.3037141422,464.5901786509085
2725180.622759793,1270748.7321463674,465.0
2725180.638662726,1270783.6102812607,467.2088710591499
2725180.650467687,1270778.371730953,469.0
2725180.6544547793,1270770.7787652428,464.5901786509085
2725180.704586763,1270756.437760265,463.18017865090854
2725180.728256436,1270737.4972435655,462.0
2725180.7468891577,1270744.8124791316,463.0
2725180.748446246,1270761.9128113654,463.1801786509085
2725180.7923232606,1270767.3878511586,464.59017865090846
2725180.8361827442,1270772.8629022592,464.59017865090857
2725180.836370458,1270784.5174193282,467.2088710591498
2725180.858853109,1270800.608255119,473.0
2725180.8863147283,1270758.5218972815,463.18017865090854
2725180.930174211,1270763.996948382,463.18017865090854
2725180.9649830237,1270787.802564804,467.2088710591499
2725180.9704119475,1270795.9507555754,472.0
2725180.974051226,1270769.471988175,464.5901786509085
2725181.0304233464,1270786.6376653775,467.2088710591498
2725181.042329574,1270731.9675645763,461.0
2725181.0425136667,1270805.4671640738,474.0
2725181.0680426923,1270760.606034298,463.18017865090854
2725181.0848411936,1270811.3122181664,475.0
2725181.111919707,1270766.0810740911,464.59017865090857
2725181.154212431,1270789.9453473059,471.0
2725181.15577919,1270771.5561251913,464.59017865090857
2725181.158460481,1270744.2485946277,463.0
2725181.1850706236,1270746.3490380053,464.0
2725181.200251205,1270816.3933678947,476.0
2725181.205911174,1270757.2151202138,463.1801786509086
2725181.2497706567,1270762.6901713142,463.1801786509085
2725181.293647671,1270768.165211107,464.5901786509085
2725181.294474754,1270737.8819427579,462.0
2725181.337507155,1270773.6402622077,464.5901786509085
2725181.3477296024,1270785.3103351574,467.2088710591498
2725181.376386992,1270748.2839757574,465.0
2725181.387639138,1270759.2992572302,463.1801786509085
2725181.3920912547,1270754.741510326,466.0
2725181.431498621,1270764.7743083306,463.18017865090854
2725181.431516153,1270764.7742970232,464.59017865090857
2725181.466311357,1270788.5799359477,467.2088710591499
2725181.475375636,1270770.2493481238,464.5901786509085
2725181.478159244,1270783.0688817769,467.2088710591499
2725181.5255076196,1270755.908343146,463.18017865090854
2725181.541782491,1270787.430581207,467.2088710591498
2725181.569367103,1270761.3833942465,463.18017865090854
2725181.584106009,1270732.3116866157,461.0
2725181.5912021454,1270777.8478437543,469.0
2725181.6132441172,1270766.8584340396,464.5901786509085
2725181.6571036004,1270772.3334851402,464.59017865090857
2725181.665035858,1270783.9830049376,467.2088710591499
2725181.7072355845,1270757.9924801625,463.18017865090854
2725181.74328091,1270810.9152109064,475.0
2725181.749893486,1270804.9794091072,474.0
2725181.7510950677,1270763.467531263,463.18017865090854
2725181.7644799436,1270800.4543184726,473.0
2725181.764626515,1270795.4390214602,472.0
2725181.782803004,1270815.9936750121,476.0
2725181.7949720817,1270768.942571056,464.5901786509085
2725181.8183232676,1270744.039692093,463.0
2725181.8424802218,1270745.9734175596,464.0
2725181.859088747,1270786.103250987,467.2088710591498
2725181.888963549,1270760.076617179,463.18017865090854
2725181.9328405634,1270765.551656972,464.59017865090857
2725181.96763969,1270789.3573070916,467.2088710591499
2725181.9767000466,1270771.0267080725,464.5901786509085
2725181.977434097,1270737.9125693138,462.0
2725182.02683203,1270756.685703095,463.1801786509086
2725182.053141635,1270788.2234970366,467.2088710591499
2725182.0706915134,1270762.1607541952,463.1801786509085
2725182.0795629304,1270732.0146119152,461.0
2725182.1145685283,1270767.6357939884,464.5901786509085
2725182.158428011,1270773.1108450887,464.59017865090857
2725182.164970339,1270747.9865093029,465.0
2725182.172294431,1270754.1193963203,466.0
2725182.176395002,1270784.775920767,467.2088710591498
2725182.2085599946,1270758.7698401113,463.1801786509085
2725182.252419478,1270764.2448912114,463.1801786509085
2725182.252437009,1270764.2448799042,464.5901786509085
2725182.2880247273,1270820.236991999,477.0
2725182.296296492,1270769.7199310048,464.5901786509085
2725182.3176557617,1270782.527482293,467.2088710591499
2725182.346428476,1270755.3789260269,463.1801786509085
2725182.3506967993,1270810.4463910898,475.0
2725182.370447891,1270786.8961668168,467.2088710591498
2725182.3902879595,1270760.8539771275,463.1801786509085
2725182.393310018,1270815.6381186421,476.0
2725182.434164974,1270766.3290169206,464.59017865090857
2725182.45108982,1270743.8022452488,463.0
2725182.468968023,1270790.1346782353,467.2088710591499
2725182.4780244576,1270771.804068021,464.59017865090857
2725182.493043544,1270745.5924077062,464.0
2725182.493701258,1270783.448590547,467.2088710591498
2725182.5079310136,1270804.5787107702,474.0
2725182.5281564407,1270757.4630630433,463.18017865090854
2725182.56450078,1270789.0164128663,467.2088710591499
2725182.5720159244,1270762.938114144,463.1801786509086
2725182.5850674855,1270794.9694988201,472.0
2725182.5856430847,1270777.4474015543,469.0
2725182.6120342147,1270731.5716371438,461.0
2725182.6158929383,1270768.413153937,464.5901786509085
2725182.620478532,1270738.18999086,462.0
2725182.635385383,1270800.2217298157,473.0
2725182.6877541463,1270785.5688365966,467.2088710591497
2725182.709884405,1270759.5472000598,463.1801786509086
2725182.75376142,1270765.022239853,464.59017865090857
2725182.797620903,1270770.4972909533,464.59017865090846
2725182.847752887,1270756.1562859758,463.1801786509086
2725182.881807035,1270787.6890826463,467.2088710591499
2725182.8859832864,1270747.5051187512,465.0
2725182.8916123696,1270761.6313370762,463.18017865090854
2725182.918099374,1270753.4608809801,466.0
2725182.9354893845,1270767.1063768694,464.59017865090857
2725182.950919401,1270809.96835569,475.0
2725182.961976665,1270815.2200073677,476.0
2725182.9702963564,1270790.9120493792,467.2088710591499
2725182.9702963564,1270790.9120493792,468.6188710591499
2725182.9793488677,1270772.5814279697,464.5901786509085
2725183.005060402,1270784.2415063768,467.2088710591498
2725183.0294808513,1270758.240422992,463.1801786509086
2725183.073340334,1270763.7154740926,463.18017865090854
2725183.0733578657,1270763.7154627852,464.5901786509085
2725183.075859924,1270789.8093286958,467.2088710591499
2725183.117217349,1270769.1905138856,464.5901786509085
2725183.1457983665,1270743.9127068191,463.0
2725183.1571522793,1270781.9860828093,467.2088710591498
2725183.1673493325,1270754.8495089079,463.18017865090854
2725183.1763607347,1270745.30703047,464.0
2725183.1991132908,1270786.3617524263,467.2088710591498
2725183.2112088157,1270760.3245600085,463.1801786509085
2725183.2499819216,1270731.3229332548,461.0
2725183.25508583,1270765.7995998014,464.59017865090846
2725183.2706288616,1270752.5388740585,466.0
2725183.298945314,1270771.274650902,464.59017865090857
2725183.300426501,1270738.3137165827,462.0
2725183.305803632,1270804.3028905897,474.0
2725183.3223666577,1270782.9141761567,467.2088710591498
2725183.349077297,1270756.9336459243,463.1801786509085
2725183.3929367806,1270762.408697025,463.1801786509086
2725183.3931661793,1270788.4819984757,467.2088710591498
2725183.431069889,1270794.5531140743,472.0
2725183.436813795,1270767.8837368179,464.59017865090857
2725183.4716246896,1270791.6894205231,468.6188710591499
2725183.4965322623,1270799.9080586436,473.0
2725183.511300138,1270776.906741141,469.0
2725183.5164195467,1270785.0344222062,467.2088710591498
2725183.530805262,1270759.0177829408,463.18017865090854
2725183.5746822767,1270764.4928227342,464.5901786509086
2725183.579328023,1270814.8922157215,476.0
2725183.6045522336,1270730.7234022494,461.0
2725183.6072254167,1270809.570600395,475.0
2725183.6185417594,1270769.9678738343,464.5901786509085
2725183.629826228,1270747.02818781,465.0
2725183.668673743,1270755.6268688568,463.18017865090854
2725183.710472435,1270787.1546682557,467.2088710591498
2725183.7125332262,1270761.1019199572,463.18017865090854
2725183.75641024,1270766.5769597501,464.59017865090846
2725183.800269724,1270772.0520108505,464.5901786509085
2725183.809792874,1270790.3706498954,467.2088710591499
2725183.809792874,1270790.3706498954,468.6188710591499
2725183.831379207,1270744.077044159,463.0
2725183.833725802,1270783.7070919862,467.2088710591497
2725183.8504017075,1270757.711005873,463.1801786509085
2725183.8942611907,1270763.1860569736,463.18017865090854
2725183.894278722,1270763.1860456662,464.5901786509085
2725183.9045253233,1270789.2749143054,467.2088710591498
2725183.9312667805,1270751.7883265598,466.0
2725183.933179766,1270745.3322875493,464.0
2725183.9381382056,1270768.6610967666,464.59017865090857
2725183.9709666893,1270738.5097236643,462.0
2725183.9729530225,1270792.466791667,468.6188710591499
2725183.9882701887,1270754.320091789,463.1801786509085
2725183.9966487973,1270781.4446833255,467.2088710591499
2725184.018331724,1270791.2708028702,468.6188710591499
2725184.0277786907,1270785.8273380357,467.2088710591498
2725184.0321296724,1270759.7951428895,463.1801786509086
2725184.061735726,1270730.1961797473,461.0
2725184.0759292273,1270814.408578284,476.0
2725184.076006687,1270765.2701826824,464.5901786509085
2725184.0917092087,1270803.9513784796,474.0
2725184.1198661705,1270770.745233783,464.59017865090857
2725184.151032058,1270782.3797617662,467.2088710591499
2725184.1699981536,1270756.404228805,463.1801786509086
2725184.2119275755,1270776.0902263145,469.0
2725184.2138576373,1270761.879279906,463.1801786509086
2725184.2142541287,1270799.349517846,473.0
2725184.221831579,1270787.9475840854,467.2088710591499
2725184.257734651,1270767.3543196986,464.5901786509085
2725184.319494516,1270809.2868167518,475.0
2725184.345084946,1270784.5000078157,467.2088710591497
2725184.3517261175,1270758.4883658215,463.1801786509085
2725184.395603133,1270763.9634056147,464.59017865090857
2725184.4394626166,1270769.4384567156,464.59017865090857
2725184.474281356,1270793.244162811,468.6188710591499
2725184.4895945997,1270755.0974517376,463.18017865090854
2725184.502241857,1270746.9469576795,465.0
2725184.5104652774,1270729.6677347273,461.0
2725184.5206432175,1270744.2251337562,463.0
2725184.529690868,1270792.0637186996,468.61887105914985
2725184.533454083,1270760.572502838,463.1801786509085
2725184.5391378347,1270786.6202538654,467.2088710591498
2725184.5441259183,1270750.9972482831,466.0
2725184.5773310973,1270766.0475426312,464.5901786509085
2725184.6207200065,1270728.3409350615,461.0
2725184.6211905805,1270771.5225937315,464.5901786509085
2725184.6233942565,1270725.556070084,461.0
2725184.632769591,1270813.976582826,476.0
2725184.6461206777,1270724.8576253434,461.0
2725184.649289392,1270789.8292504114,467.2088710591499
2725184.649289392,1270789.8292504114,468.6188710591499
2725184.659000059,1270738.5622957714,462.0
2725184.6623912025,1270783.1726775959,467.2088710591499
2725184.671322564,1270757.181588754,463.18017865090854
2725184.678810617,1270745.4470531,464.0
2725184.6829553004,1270726.2506140023,461.0
2725184.6863093683,1270729.0365452971,461.0
2725184.687967937,1270727.6451989496,461.0
2725184.704815532,1270726.948330356,461.0
2725184.7151820473,1270762.6566398544,463.18017865090854
2725184.7151995786,1270762.6566285472,464.5901786509085
2725184.7331907237,1270788.740499915,467.2088710591499
2725184.7590590618,1270768.1316796474,464.59017865090846
2725184.8091910454,1270753.79067467,463.18017865090854
2725184.8361453153,1270780.9032838417,467.2088710591499
2725184.845475138,1270803.5465252341,474.0
2725184.8469971237,1270790.7363884796,468.6188710591499
2725184.8530505286,1270759.2657257703,463.1801786509085
2725184.8564440906,1270785.292923645,467.2088710591498
2725184.896927543,1270764.7407655634,464.5901786509085
2725184.9355278565,1270808.8423751693,475.0
2725184.9407870267,1270770.215816664,464.5901786509086
2725184.9715625867,1270750.108457738,466.0
2725184.975609689,1270794.021533955,468.6188710591499
2725184.9796974575,1270781.845347376,467.2088710591499
2725184.99091901,1270755.874811686,463.1801786509085
2725185.034778494,1270761.349862787,463.1801786509086
2725185.041050012,1270792.856634529,468.6188710591499
2725185.050496979,1270787.4131696948,467.2088710591499
2725185.063620179,1270799.0012879195,473.0
2725185.0786555083,1270766.82490258,464.5901786509085
2725185.172646975,1270757.9589487026,463.1801786509086
2725185.1737503465,1270783.9655934256,467.2088710591498
2725185.1763861845,1270775.6258614815,469.0
2725185.2165239896,1270763.4339884957,464.59017865090857
2725185.2191989706,1270744.3009800094,463.0
2725185.2336094077,1270813.6035355204,476.0
2725185.2603834723,1270768.909039596,464.59017865090846
2725185.310515457,1270754.5680346186,463.18017865090854
2725185.344421196,1270738.4374637753,462.0
2725185.354374939,1270760.0430857188,463.1801786509085
2725185.358356268,1270791.5293043093,468.61887105914997
2725185.3678032346,1270786.085839475,467.2088710591498
2725185.381436525,1270746.8594473447,465.0
2725185.3982519535,1270765.5181255122,464.5901786509085
2725185.4337377734,1270745.428597398,464.0
2725185.442111437,1270770.9931766125,464.59017865090857
2725185.460574697,1270808.3270023065,475.0
2725185.4769380223,1270794.7989050988,468.6188710591499
2725185.48878591,1270789.2878509278,467.2088710591499
2725185.48878591,1270789.2878509278,468.6188710591499
2725185.4910566024,1270782.6382632055,467.2088710591498
2725185.4922434203,1270756.6521716348,463.1801786509085
2725185.536102904,1270762.1272227354,463.18017865090854
2725185.536120435,1270762.127211428,464.5901786509085
2725185.552409156,1270793.6495503588,468.61887105914985
2725185.5539900777,1270803.0657195554,474.0
2725185.5618561236,1270788.2060855245,467.2088710591498
2725185.579979919,1270767.6022625286,464.5901786509085
2725185.630111902,1270753.261257551,463.18017865090854
2725185.673971385,1270758.7363086513,463.18017865090854
2725185.675641833,1270780.3618843579,467.2088710591499
2725185.675662524,1270790.201974089,468.61887105914997
2725185.6851094905,1270784.758509255,467.20887105914994
2725185.7117795916,1270749.4832169623,466.0
2725185.7178483997,1270764.2113484445,464.59017865090846
2725185.7617078833,1270769.6863995448,464.59017865090857
2725185.8083628584,1270781.3109329857,467.2088710591499
2725185.811839867,1270755.3453945671,463.18017865090854
2725185.848877248,1270798.5358923827,473.0
2725185.8527530776,1270813.2613295177,476.0
2725185.85569935,1270760.8204456677,463.1801786509086
2725185.8697154126,1270792.3222201387,468.6188710591499
2725185.8703021947,1270744.0655432362,463.0
2725185.879162379,1270786.8787553045,467.2088710591498
2725185.899576364,1270766.295485461,464.5901786509085
2725185.9782663556,1270795.5762762425,468.6188710591499
2725185.9935678313,1270757.4295315836,463.1801786509085
2725186.0024157465,1270783.431179035,467.2088710591498
2725186.016867806,1270738.3531042538,462.0
2725186.032596535,1270775.2093463624,469.0
2725186.0374448462,1270762.904571377,464.5901786509086
2725186.0637683,1270794.4424661882,468.61887105914985
2725186.081304329,1270768.379622477,464.5901786509085
2725186.1134495544,1270807.952627807,475.0
2725186.1314363135,1270754.0386174996,463.1801786509086
2725186.147053754,1270745.1920128274,464.0
2725186.1752957962,1270759.5136686,463.1801786509086
2725186.187021668,1270790.9948899187,468.61887105914985
2725186.196468635,1270785.5514250847,467.2088710591499
2725186.21917281,1270764.9887083932,464.5901786509085
2725186.2348823147,1270746.6157621795,465.0
2725186.2630322934,1270770.4637594935,464.5901786509085
2725186.312991697,1270802.6880837195,474.0
2725186.313164277,1270756.1227545158,463.1801786509085
2725186.3197220024,1270782.103848815,467.2088710591498
2725186.3282824275,1270788.746451444,467.20887105914994
2725186.3282824275,1270788.746451444,468.6188710591499
2725186.35702376,1270761.5978056162,463.1801786509085
2725186.357041292,1270761.597794309,464.59017865090857
2725186.3810745566,1270793.1151359684,468.6188710591499
2725186.390521523,1270787.671671134,467.20887105914977
2725186.4009007746,1270767.0728454094,464.5901786509085
2725186.411681419,1270743.6144091794,463.0
2725186.4444594583,1270774.3237332627,469.0
2725186.4510327587,1270752.7318404317,463.1801786509085
2725186.479594689,1270796.3536473864,468.6188710591499
2725186.485483476,1270812.9449278505,476.0
2725186.4948922414,1270758.2068915323,463.1801786509085
2725186.504327924,1270789.6675596987,468.6188710591499
2725186.5135956914,1270807.3138814068,475.0
2725186.5137748905,1270784.2240948647,467.20887105914994
2725186.5151383504,1270779.8204848738,467.2088710591498
2725186.5387692563,1270763.6819313255,464.5901786509085
2725186.569570522,1270748.9809178263,466.0
2725186.5751274447,1270795.2353820177,468.61887105914985
2725186.5826287405,1270769.156982426,464.5901786509086
2725186.6327607236,1270754.8159774484,463.18017865090854
2725186.637028258,1270780.7765185954,467.20887105914994
2725186.676620207,1270760.2910285487,463.1801786509085
2725186.682458976,1270738.534336175,462.0
2725186.6983808125,1270791.7878057484,468.6188710591499
2725186.7078277795,1270786.3443409142,467.2088710591499
2725186.7204972208,1270765.766068342,464.59017865090857
2725186.8144886876,1270756.9001144646,463.18017865090854
2725186.8310811464,1270782.8967646447,467.2088710591498
2725186.8479055576,1270744.9027102075,464.0
2725186.858365703,1270762.3751542578,464.59017865090857
2725186.8924337006,1270793.908051798,468.6188710591499
2725186.902225185,1270767.8502053581,464.59017865090846
2725186.9523571692,1270753.5092003804,463.1801786509086
2725186.9685290516,1270743.1892491155,463.0
2725186.9731219253,1270802.1457429074,474.0
2725186.980923022,1270797.1310185303,468.6188710591499
2725186.996216652,1270758.984251481,463.1801786509085
2725187.015687068,1270790.4604755284,468.61887105914997
2725187.025134035,1270785.0170106944,467.20887105914994
2725187.040093667,1270764.4592912742,464.59017865090857
2725187.0423037023,1270746.2546748626,465.0
2725187.0592101812,1270812.54028477,476.0
2725187.0839531505,1270769.9343423746,464.5901786509085
2725187.0864865887,1270796.0282978476,468.6188710591499
2725187.1340851337,1270755.5933373969,463.1801786509086
2725187.1372806616,1270739.0456846845,462.0
2725187.1483874023,1270781.5694344246,467.2088710591499
2725187.156764757,1270806.902034063,475.0
2725187.167778945,1270788.20505196,468.6188710591499
2725187.1677789455,1270788.2050519602,467.2088710591499
2725187.177944617,1270761.0683884975,463.18017865090854
2725187.1779621486,1270761.06837719,464.59017865090857
2725187.207718867,1270748.2463912838,466.0
2725187.2097399565,1270792.5807215779,468.6188710591499
2725187.2191869235,1270787.1372567439,467.2088710591499
2725187.2218216313,1270766.5434282902,464.5901786509085
2725187.2719536154,1270752.2024233127,463.18017865090854
2725187.3158130986,1270757.6774744133,463.18017865090854
2725187.3329933234,1270789.1331453084,468.6188710591499
2725187.3424402904,1270783.689680474,467.2088710591498
2725187.3426711364,1270773.7420192107,469.0
2725187.3546348684,1270779.27908539,467.2088710591499
2725187.359690113,1270763.1525142062,464.59017865090857
2725187.403549596,1270768.6275653068,464.59017865090857
2725187.4037928446,1270794.7009676276,468.6188710591499
2725187.45368158,1270754.2865603291,463.1801786509085
2725187.4656936578,1270780.2421042046,467.2088710591499
2725187.497541063,1270759.7616114297,463.18017865090854
2725187.524743459,1270744.5593445217,464.0
2725187.527046212,1270791.2533913578,468.6188710591499
2725187.5364931794,1270785.8099265238,467.2088710591499
2725187.5414180774,1270765.236651223,464.59017865090846
2725187.5415779967,1270812.037800901,476.0
2725187.5468323547,1270742.7904799378,463.0
2725187.635409544,1270756.3706973454,463.18017865090854
2725187.6474531507,1270806.3206275795,475.0
2725187.6597465463,1270782.3623502543,467.2088710591498
2725187.679286559,1270761.8457371388,464.59017865090857
2725187.6990930624,1270801.69788564,474.0
2725187.7210991005,1270793.3736374073,468.6188710591499
2725187.723146042,1270767.3207882391,464.5901786509085
2725187.736706736,1270739.308761495,462.0
2725187.7732780264,1270752.9797832617,463.1801786509086
2725187.809702563,1270745.8091314952,465.0
2725187.8171375087,1270758.4548343618,463.18017865090854
2725187.82041954,1270796.5896190465,468.6188710591499
2725187.844352468,1270789.926061138,468.6188710591499
2725187.853799435,1270784.4825963038,467.20887105914994
2725187.8610145235,1270763.9298741552,464.5901786509085
2725187.9048740063,1270769.4049252556,464.5901786509085
2725187.915151989,1270795.493883457,468.6188710591499
2725187.9550059903,1270755.0639202776,463.1801786509085
2725187.977052802,1270781.035020034,467.2088710591498
2725187.998865473,1270760.538971378,463.1801786509085
2725187.9988830048,1270760.538960071,464.59017865090857
2725188.007275463,1270787.6636524762,468.6188710591499
2725188.007275463,1270787.6636524764,467.2088710591499
2725188.0184167842,1270747.689076405,466.0
2725188.0384053565,1270792.0463071875,468.6188710591499
2725188.042742488,1270766.0140111716,464.59017865090857
2725188.0478523234,1270786.6028423533,467.2088710591499
2725188.0928744716,1270751.6730061937,463.1801786509085
2725188.0960938716,1270742.3485713166,463.0
2725188.099522605,1270811.6403782829,476.0
2725188.1367339552,1270757.1480572943,463.18017865090854
2725188.147989125,1270744.1310411529,464.0
2725188.161658724,1270788.5987309178,468.6188710591499
2725188.1711056908,1270783.1552660838,467.20887105914994
2725188.1806109697,1270762.6230970873,464.59017865090857
2725188.194131386,1270778.7376859062,467.20887105914994
2725188.224470453,1270768.0981481876,464.59017865090857
2725188.2324582445,1270794.166553237,468.61887105914985
2725188.2746024365,1270753.7571432102,463.18017865090854
2725188.279395615,1270805.927265647,475.0
2725188.2943590577,1270779.7076898143,467.2088710591498
2725188.3184619197,1270759.2321943105,463.18017865090854
2725188.3524664287,1270739.5790290325,462.0
2725188.355711612,1270790.7189769673,468.6188710591499
2725188.362338934,1270764.7072341037,464.59017865090857
2725188.365158579,1270785.2755121333,467.2088710591499
2725188.377608246,1270773.5141811722,469.0
2725188.3928078534,1270801.233985459,474.0
2725188.4281976353,1270811.0585729922,476.0
2725188.456330401,1270755.8412802264,463.1801786509085
2725188.488411946,1270781.8279358638,467.2088710591498
2725188.500207416,1270761.3163200198,464.59017865090857
2725188.5440668985,1270766.7913711201,464.5901786509085
2725188.5497645005,1270792.8392230172,468.6188710591499
2725188.594198882,1270752.4503661422,463.18017865090854
2725188.629728685,1270741.8881175183,463.0
2725188.6378954854,1270745.4885091253,465.0
2725188.638058366,1270757.925417243,463.18017865090854
2725188.6599160577,1270796.0482195625,468.6188710591499
2725188.6730178674,1270789.3916467475,468.61887105914985
2725188.68193538,1270763.400457036,464.59017865090857
2725188.6824648352,1270783.9481819135,467.2088710591499
2725188.725794863,1270768.8755081366,464.5901786509085
2725188.7438173885,1270794.9594690667,468.61887105914997
2725188.7502336404,1270743.670033762,464.0
2725188.775926847,1270754.5345031589,463.1801786509085
2725188.805718202,1270780.5006056437,467.20887105914977
2725188.81978633,1270760.0095542592,463.18017865090854
2725188.819803861,1270760.0095429518,464.5901786509085
2725188.8467719806,1270787.1222529924,467.2088710591498
2725188.8467719806,1270787.1222529924,468.6188710591499
2725188.863150436,1270747.167006016,466.0
2725188.8636633446,1270765.4845940524,464.5901786509085
2725188.867070756,1270791.5118927972,468.6188710591499
2725188.8765177233,1270786.0684279627,467.2088710591498
2725188.8842484723,1270810.5558905436,476.0
2725188.9137953282,1270751.1435890747,463.18017865090854
2725188.915908234,1270800.577897936,474.0
2725188.933444338,1270805.647078156,475.0
2725188.957654811,1270756.618640175,463.1801786509085
2725188.9903241233,1270788.0643165275,468.6188710591499
2725188.9997710907,1270782.6208516934,467.2088710591498
2725189.001531826,1270762.0936799683,464.59017865090857
2725189.033627904,1270778.1962864224,467.2088710591498
2725189.037032283,1270739.563946464,462.0
2725189.04539131,1270767.5687310689,464.5901786509086
2725189.0611236445,1270793.6321388467,468.6188710591499
2725189.0955232927,1270753.227726091,463.1801786509085
2725189.1230244576,1270779.173275424,467.2088710591498
2725189.1393827763,1270758.7027771915,463.1801786509086
2725189.1590471216,1270772.8656547675,469.0
2725189.171047939,1270741.4371055525,463.0
2725189.1832597908,1270764.1778169847,464.59017865090857
2725189.184377012,1270790.1845625772,468.6188710591499
2725189.1938239792,1270784.741097743,467.20887105914994
2725189.2772512576,1270755.3118631074,463.18017865090854
2725189.3170773457,1270781.2935214732,467.2088710591498
2725189.321128272,1270760.7869029008,464.59017865090857
2725189.331849437,1270744.949064,465.0
2725189.364987755,1270766.2619540012,464.59017865090857
2725189.3784299,1270792.3048086264,468.6188710591499
2725189.383484015,1270743.2530874484,464.0
2725189.407470258,1270810.1576352885,476.0
2725189.415119739,1270751.9209490234,463.1801786509086
2725189.458979222,1270757.3960001238,463.1801786509085
2725189.4651322234,1270805.1014066255,475.0
2725189.4994125753,1270795.506820079,468.6188710591499
2725189.5016832673,1270788.857232357,468.6188710591499
2725189.502856236,1270762.871039917,464.5901786509085
2725189.511130235,1270783.4137675231,467.2088710591499
2725189.5467157196,1270768.3460910176,464.5901786509085
2725189.5547625152,1270720.6166580701,461.0
2725189.562461201,1270800.0124397883,474.0
2725189.572482789,1270794.4250546761,468.6188710591499
2725189.596847703,1270754.0050860397,463.1801786509085
2725189.6343836016,1270779.9661912534,467.2088710591498
2725189.6407071864,1270759.4801371403,463.18017865090854
2725189.6407247176,1270759.4801258328,464.59017865090857
2725189.649430792,1270746.5530394535,466.0
2725189.6845842013,1270764.9551769332,464.59017865090857
2725189.685180028,1270809.5083859102,476.0
2725189.6862684987,1270786.5808535086,467.20887105914994
2725189.6862684987,1270786.5808535086,468.6188710591499
2725189.695736156,1270790.9774784066,468.6188710591499
2725189.7051831232,1270785.5340135724,467.2088710591499
2725189.732739175,1270739.6166403499,462.0
2725189.734716185,1270750.6141719557,463.1801786509085
2725189.743164165,1270741.025738886,463.0
2725189.778575668,1270756.089223056,463.1801786509085
2725189.8189895237,1270787.529902137,468.6188710591499
2725189.822452682,1270761.5642628493,464.5901786509085
2725189.82843649,1270782.0864373029,467.2088710591498
2725189.8663121657,1270767.0393139499,464.59017865090857
2725189.8731244216,1270777.6548869386,467.2088710591499
2725189.8897890444,1270793.0977244559,468.6188710591499
2725189.91644415,1270752.698308972,463.18017865090854
2725189.941971817,1270721.195110295,461.0
2725189.9516898575,1270778.6388610336,467.2088710591499
2725189.9603036325,1270758.1733600725,463.1801786509086
2725189.9797826083,1270742.7835060358,464.0
2725190.004180647,1270763.6483998657,464.59017865090857
2725190.0130424118,1270789.6501481866,468.6188710591499
2725190.022489379,1270784.2066833526,467.2088710591499
2725190.0551412813,1270744.4348247524,465.0
2725190.0770124923,1270772.499010054,469.0
2725190.0981721133,1270754.7824459884,463.1801786509085
2725190.118531274,1270804.6986512265,475.0
2725190.142049129,1270760.2574857818,464.5901786509086
2725190.1457427456,1270780.759107083,467.2088710591498
2725190.185908612,1270765.7325368822,464.59017865090857
2725190.2070953003,1270791.7703942363,468.6188710591499
2725190.2242083214,1270809.0704392046,476.0
2725190.2360405955,1270751.3915319045,463.1801786509086
2725190.2799000787,1270756.8665830048,463.18017865090854
2725190.292818922,1270721.799655144,461.0
2725190.3191319983,1270799.6185439266,474.0
2725190.323112797,1270740.6347172295,463.0
2725190.3237770926,1270762.3416227978,464.59017865090846
2725190.3303486677,1270788.3228179668,468.6188710591499
2725190.3389090933,1270794.9654205951,468.61887105914997
2725190.339795634,1270782.8793531326,467.2088710591498
2725190.3676365763,1270767.8166738984,464.59017865090857
2725190.3994146986,1270739.4098369265,462.0
2725190.4011481884,1270793.8906402858,468.61887105914985
2725190.41776856,1270753.4756689207,463.1801786509085
2725190.461628043,1270758.950720021,463.1801786509085
2725190.4616455743,1270758.9507087138,464.59017865090857
2725190.463049002,1270779.431776863,467.2088710591499
2725190.4955274127,1270746.0294405923,466.0
2725190.5055050575,1270764.4257598144,464.59017865090857
2725190.5244015562,1270790.443064016,468.6188710591499
2725190.525765016,1270786.0394540248,467.2088710591498
2725190.525765016,1270786.0394540248,468.6188710591499
2725190.533848523,1270784.999599182,467.2088710591498
2725190.539690267,1270742.273702322,464.0
2725190.555637041,1270750.0847548365,463.1801786509085
2725190.5994965243,1270755.5598059369,463.1801786509085
2725190.6243764795,1270722.4129719904,461.0
2725190.6433735387,1270761.0348457303,464.59017865090857
2725190.6476549236,1270786.9954877468,468.61887105914997
2725190.6571018905,1270781.5520229125,467.2088710591498
2725190.6866923305,1270804.1872149433,475.0
2725190.687233022,1270766.509896831,464.5901786509086
2725190.712620939,1270777.1134874546,467.2088710591499
2725190.7184544443,1270792.5633100658,468.6188710591498
2725190.737365006,1270752.168891853,463.18017865090854
2725190.7426168756,1270808.5898885843,476.0
2725190.7773711644,1270743.9181362542,465.0
2725190.7803552574,1270778.1044466433,467.2088710591499
2725190.781224489,1270757.6439429536,463.1801786509086
2725190.825101503,1270763.1189827465,464.59017865090857
2725190.841707812,1270789.1157337963,468.6188710591499
2725190.8486355348,1270719.223677818,460.0
2725190.8511547786,1270783.672268962,467.2088710591498
2725190.8547508935,1270740.172431639,463.0
2725190.8909295276,1270814.8859460356,477.0
2725190.9190929704,1270754.2530288694,463.18017865090854
2725190.962969985,1270759.7280686626,464.59017865090857
2725190.974408146,1270780.2246926925,467.2088710591498
2725190.993135997,1270739.1069023353,462.0
2725191.006829468,1270765.2031197632,464.59017865090857
2725191.0357607,1270791.2359798455,468.6188710591499
2725191.056961452,1270750.8621147855,463.18017865090854
2725191.077505146,1270741.7452694045,464.0
2725191.0798822283,1270772.257829715,469.0
2725191.0923713846,1270799.2400847361,474.0
2725191.1008209344,1270756.3371658858,463.1801786509085
2725191.1446979498,1270761.8122056788,464.59017865090857
2725191.1590140676,1270787.7884035762,468.6188710591499
2725191.1684610345,1270782.344938742,467.2088710591498
2725191.1784056113,1270794.424021111,468.6188710591499
2725191.188557433,1270767.2872567794,464.59017865090857
2725191.229813588,1270793.3562258957,468.6188710591498
2725191.238689416,1270752.9462518014,463.1801786509085
2725191.2521339143,1270722.6471514383,461.0
2725191.2624411336,1270745.3882740785,466.0
2725191.2825488998,1270758.421302902,463.18017865090854
2725191.2825664305,1270758.4212915946,464.5901786509085
2725191.291714402,1270778.8973624725,467.2088710591498
2725191.311063036,1270803.7407974275,475.0
2725191.3264259137,1270763.8963426952,464.59017865090857
2725191.3530669557,1270789.9086496257,468.6188710591499
2725191.3546064235,1270808.2353357056,476.0
2725191.362513923,1270784.4651847915,467.2088710591498
2725191.365261534,1270785.4980545407,468.6188710591499
2725191.365261534,1270785.498054541,467.20887105914994
2725191.368525779,1270739.690301559,463.0
2725191.376557898,1270749.5553377175,463.1801786509085
2725191.399381281,1270719.1836090714,460.0
2725191.4204173805,1270755.0303888181,463.1801786509085
2725191.4299241332,1270814.4634116148,477.0
2725191.4346648804,1270743.3210895588,465.0
2725191.4642943954,1270760.5054286113,464.5901786509085
2725191.4763203235,1270786.4610733562,468.6188710591499
2725191.48576729,1270781.017608522,467.2088710591498
2725191.5081538786,1270765.9804797117,464.59017865090857
2725191.5120320534,1270738.6374115003,462.0
2725191.5471198442,1270792.0288956752,468.61887105914985
2725191.552117457,1270776.572087971,467.2088710591499
2725191.558285862,1270751.6394747337,463.1801786509085
2725191.602145346,1270757.1145258343,463.18017865090854
2725191.609020658,1270777.5700322527,467.2088710591499
2725191.6460223603,1270762.5895656277,464.59017865090857
2725191.6703732116,1270788.581319406,468.6188710591499
2725191.679820179,1270783.1378545717,467.2088710591499
2725191.740013827,1270753.7236117504,463.1801786509085
2725191.749886356,1270741.3970234082,464.0
2725191.7838908415,1270759.1986515434,464.59017865090857
2725191.803073546,1270779.690278302,467.2088710591498
2725191.8277503247,1270764.6737026437,464.59017865090846
2725191.853004561,1270813.9252844783,477.0
2725191.8644260997,1270790.7015654552,468.61887105914985
2725191.877882309,1270750.332697666,463.18017865090854
2725191.8800462293,1270798.893092543,474.0
2725191.8945935704,1270718.9596874814,460.0
2725191.9170834213,1270739.2482970892,463.0
2725191.921741792,1270755.8077487668,463.18017865090854
2725191.926732142,1270722.8228332433,461.0
2725191.965618806,1270761.2827885598,464.5901786509085
2725191.9802688835,1270807.9244608628,476.0
2725191.9876794675,1270787.2539891857,468.6188710591499
2725191.997126435,1270781.810524352,467.20887105914994
2725191.9982785266,1270803.3955773998,475.0
2725192.009478289,1270766.7578396604,464.59017865090857
2725192.0179021293,1270793.8826216273,468.61887105914997
2725192.0322132744,1270771.773962515,469.0
2725192.0584789887,1270792.821811505,468.6188710591499
2725192.0596102728,1270752.4168346827,463.1801786509085
2725192.0675160456,1270738.2128617861,462.0
2725192.073757056,1270744.8181508884,466.0
2725192.103469756,1270757.891885783,463.1801786509085
2725192.1034872876,1270757.8918744759,464.59017865090857
2725192.1203798014,1270778.3629480822,467.2088710591498
2725192.147346771,1270763.3669255762,464.59017865090857
2725192.1763781738,1270742.8357791994,465.0
2725192.1817323565,1270789.3742352354,468.61887105914997
2725192.191179323,1270783.9307704011,467.2088710591498
2725192.1974612223,1270749.025931905,463.18017865090854
2725192.204758052,1270784.9566550571,467.2088710591499
2725192.204758052,1270784.9566550571,468.6188710591499
2725192.2413382377,1270754.500971699,463.1801786509085
2725192.25182194,1270813.3680054666,477.0
2725192.2852152516,1270759.9760114918,464.5901786509085
2725192.3049857235,1270785.9266589656,468.6188710591499
2725192.3144326904,1270780.4831941316,467.2088710591498
2725192.316325781,1270740.8953609883,464.0
2725192.3290747353,1270765.451062593,464.59017865090857
2725192.375785244,1270791.4944812849,468.6188710591499
2725192.379206719,1270751.1100576147,463.1801786509085
2725192.391613975,1270776.030688487,467.2088710591499
2725192.4230662026,1270756.5851087156,463.1801786509086
2725192.437686058,1270777.0356178624,467.2088710591499
2725192.448549886,1270718.977384129,460.0
2725192.4669432165,1270762.0601485085,464.59017865090857
2725192.4881137153,1270738.8350519864,463.0
2725192.4990386115,1270788.0469050156,468.6188710591499
2725192.508485579,1270782.6034401814,467.20887105914994
2725192.560934684,1270753.1941946312,463.1801786509085
2725192.5774004753,1270802.9026937108,475.0
2725192.604811698,1270758.6692344248,464.5901786509086
2725192.614075847,1270798.444826601,474.0
2725192.6145598846,1270807.6285555724,476.0
2725192.6158222947,1270722.7966795634,461.0
2725192.631738946,1270779.1558639116,467.2088710591498
2725192.648671181,1270764.144285525,464.59017865090857
2725192.68368464,1270737.8908137996,462.0
2725192.6930915,1270790.167151065,468.6188710591499
2725192.6987878243,1270749.8032904402,463.18017865090854
2725192.735699749,1270718.4906756259,460.0
2725192.7426626477,1270755.2783316476,463.1801786509085
2725192.786539662,1270760.7533714408,464.5901786509085
2725192.8079496697,1270744.146131368,466.0
2725192.8163448675,1270786.7195747953,468.6188710591499
2725192.825791835,1270781.2761099613,467.20887105914994
2725192.8303991454,1270766.2284225412,464.5901786509085
2725192.8573986464,1270793.3412221435,468.6188710591499
2725192.8805311294,1270751.8874175635,463.1801786509085
2725192.8812115015,1270742.2959002133,465.0
2725192.8839703645,1270813.1003050385,477.0
2725192.887144388,1270792.2873971146,468.61887105914985
2725192.9228433445,1270794.5501601535,473.0
2725192.9243906126,1270757.3624686638,463.18017865090854
2725192.924408144,1270757.3624573569,464.59017865090857
2725192.9289486697,1270740.4556090843,464.0
2725192.9490452018,1270777.8285336918,467.2088710591498
2725192.968267627,1270762.8375084572,464.59017865090857
2725192.9926659605,1270771.2952827872,469.0
2725193.010397756,1270788.839820845,468.6188710591499
2725193.0198447234,1270783.396356011,467.20887105914994
2725193.0359469536,1270738.395001746,463.0
2725193.0442545693,1270784.415255573,467.2088710591498
2725193.0442545693,1270784.415255573,468.6188710591499
2725193.062259094,1270753.97155458,463.1801786509085
2725193.1061361087,1270759.4465943733,464.59017865090857
2725193.132667011,1270737.3617329088,462.0
2725193.1336511234,1270785.392244575,468.6188710591499
2725193.1430980903,1270779.9487797413,467.2088710591499
2725193.1499955924,1270764.9216454737,464.5901786509086
2725193.16586505,1270722.3887413442,461.0
2725193.1983231395,1270718.135205727,460.0
2725193.200114426,1270750.5806489757,463.18017865090854
2725193.202399103,1270734.6243096266,462.0
2725193.204450644,1270790.9600668945,468.61887105914985
2725193.2190636606,1270802.4920631782,475.0
2725193.2311104927,1270775.4892890032,467.2088710591499
2725193.241428597,1270735.3069886027,462.0
2725193.2439870588,1270756.0556915964,463.1801786509086
2725193.2515436797,1270807.3230223088,476.0
2725193.2663514577,1270776.5012034718,467.2088710591499
2725193.287864073,1270761.5307313893,464.5901786509085
2725193.311262788,1270733.9332413203,462.0
2725193.3112949426,1270736.7022718352,462.0
2725193.3229723456,1270736.0018718718,462.0
2725193.327704012,1270787.512490625,468.6188710591499
2725193.337150979,1270782.0690257908,467.20887105914994
2725193.38185554,1270752.6647775122,463.1801786509085
2725193.410197172,1270812.6799986204,477.0
2725193.425732555,1270758.1398173056,464.5901786509086
2725193.4351646546,1270798.2188782375,474.0
2725193.43871394,1270733.2444379653,462.0
2725193.4604043458,1270778.6214495213,467.2088710591498
2725193.469592037,1270763.6148684057,464.59017865090846
2725193.481465921,1270717.0303592253,460.0
2725193.4956890577,1270717.642039564,460.0
2725193.5182623863,1270739.9856331465,464.0
2725193.5217569,1270789.6327366745,468.61887105914985
2725193.554376943,1270737.9212590577,463.0
2725193.556073677,1270741.71945231,465.0
2725193.5635835044,1270754.7489145286,463.1801786509085
2725193.6074605193,1270760.2239543218,464.59017865090857
2725193.615254716,1270743.5679615,466.0
2725193.6417240514,1270801.855497556,475.0
2725193.6450102674,1270786.185160405,468.6188710591499
2725193.6513200025,1270765.6990054224,464.59017865090857
2725193.6544572343,1270780.7416955708,467.20887105914994
2725193.6968951644,1270792.7998226597,468.6188710591499
2725193.7002974395,1270794.0594428643,473.0
2725193.701441028,1270751.3580075111,463.1801786509085
2725193.7158097886,1270791.7529827242,468.61887105914997
2725193.7419428406,1270732.659238762,462.0
2725193.745311469,1270756.833051545,463.1801786509085
2725193.745329,1270756.8330402377,464.59017865090846
2725193.7498194133,1270722.0062522336,461.0
2725193.777710601,1270777.2941193015,467.2088710591498
2725193.7891884833,1270762.308091338,464.5901786509085
2725193.839063156,1270788.3054064545,468.6188710591499
2725193.848510123,1270782.8619416205,467.2088710591499
2725193.8796544475,1270807.0088078687,476.0
2725193.8803781983,1270770.6919691118,469.0
2725193.8831799505,1270753.4421374607,463.18017865090843
2725193.8837510874,1270783.8738560893,467.2088710591499
2725193.8837510874,1270783.8738560893,468.6188710591499
2725193.883965776,1270812.1981645168,477.0
2725193.9270569654,1270758.9171772543,464.59017865090857
2725193.9623165233,1270784.8578301847,468.61887105914985
2725193.970916448,1270764.3922283547,464.59017865090857
2725193.97176349,1270779.4143653507,467.2088710591498
2725194.033116044,1270790.4256525042,468.61887105914985
2725194.0649079154,1270755.5262744771,463.18017865090854
2725194.0706070103,1270774.9478895194,467.2088710591498
2725194.0930752642,1270739.4980959608,464.0
2725194.0950168576,1270775.9667890815,467.2088710591499
2725194.10878493,1270761.0013142703,464.59017865090857
2725194.1276792693,1270722.342732831,461.0
2725194.1351573127,1270737.52302493,463.0
2725194.1428876156,1270797.750228565,474.0
2725194.156369412,1270786.9780762345,468.6188710591499
2725194.165816379,1270781.5346114004,467.2088710591499
2725194.20276763,1270752.1353660463,463.18017865090854
2725194.2094434127,1270741.1178673832,465.0
2725194.2466534115,1270757.6104001864,464.59017865090857
2725194.2473903354,1270732.1757197527,462.0
2725194.2890697457,1270778.0870351307,467.2088710591498
2725194.290512894,1270763.0854512865,464.5901786509085
2725194.3276656424,1270721.650527832,461.0
2725194.3504223004,1270789.098322284,468.61887105914985
2725194.354966995,1270801.608823847,475.0
2725194.3845043606,1270754.2194974094,463.18017865090843
2725194.4283813755,1270759.6945372028,464.59017865090857
2725194.4319792665,1270735.5453255516,463.0
2725194.4397818698,1270806.5870344047,476.0
2725194.451321681,1270722.848458653,461.0
2725194.452759912,1270721.7506999727,461.0
2725194.4722408587,1270765.1695883032,464.59017865090857
2725194.4736756673,1270785.6507460144,468.6188710591499
2725194.480627884,1270743.0661034836,466.0
2725194.4831226342,1270780.2072811807,467.2088710591498
2725194.4939065254,1270811.8806522689,477.0
2725194.5005348143,1270736.9385348728,463.0
2725194.5228957785,1270793.6525736894,473.0
2725194.536391682,1270792.2584231757,468.6188710591499
2725194.5368098468,1270736.2416535616,463.0
2725194.5444751885,1270791.2185683337,468.6188710591499
2725194.5662323255,1270756.3036344259,463.1801786509085
2725194.566249857,1270756.3036231187,464.59017865090857
2725194.606376001,1270776.7597049107,467.20887105914977
2725194.6101093404,1270761.7786742193,464.59017865090857
2725194.613516981,1270738.9458630092,464.0
2725194.6336394036,1270769.9210484773,469.0
2725194.6561478814,1270749.4624079585,467.0
2725194.667728556,1270787.7709920642,468.6188710591499
2725194.677175523,1270782.32752723,467.2088710591499
2725194.678592138,1270740.3712090557,465.0
2725194.6890470507,1270745.848013771,467.0
2725194.70104014,1270734.9464659984,463.0
2725194.7040942325,1270752.9127245815,463.1801786509085
2725194.7232476054,1270783.3324566055,467.2088710591499
2725194.7232476054,1270783.3324566055,468.6188710591499
2725194.747977821,1270758.3877601349,464.59017865090846
2725194.7832919583,1270721.2555142231,461.0
2725194.790981923,1270784.3234157944,468.6188710591499
2725194.791837305,1270763.8628112357,464.59017865090857
2725194.80042889,1270778.8799509604,467.20887105914977
2725194.823061811,1270731.778991592,462.0
2725194.8430001824,1270797.2518541003,474.0
2725194.861781444,1270789.8912381139,468.6188710591499
2725194.885828772,1270754.9968573584,463.18017865090854
2725194.9101035283,1270774.4064900354,467.2088710591499
2725194.9236822575,1270775.432374691,467.2088710591498
2725194.929705786,1270760.4718971516,464.59017865090857
2725194.949846955,1270734.3095503743,463.0
2725194.985034812,1270786.4436618441,468.6188710591499
2725194.9944817787,1270781.00019701,467.20887105914994
2725195.0185367377,1270746.77120516,467.0
2725195.0339343334,1270806.2091160582,476.0
2725195.036347513,1270801.2550571884,475.0
2725195.0675742677,1270757.0809830674,464.59017865090857
2725195.0955296895,1270748.5706081602,467.0
2725195.097213096,1270715.609961581,460.0
2725195.1012470024,1270745.046173569,467.0
2725195.111433751,1270762.5560341678,464.59017865090857
2725195.1177351456,1270777.5526207401,467.2088710591498
2725195.1178260203,1270742.326126498,466.0
2725195.1259483085,1270811.6109328673,477.0
2725195.1442399975,1270722.8554157496,461.0
2725195.161405209,1270738.422556947,464.0
2725195.1790876994,1270788.5639078936,468.6188710591499
2725195.205420834,1270753.690083117,463.18017865090854
2725195.2493022317,1270759.1651200838,464.59017865090846
2725195.2931617154,1270764.640171184,464.5901786509085
2725195.302341067,1270785.116331624,468.6188710591499
2725195.3087834883,1270793.1801273564,473.0
2725195.311788034,1270779.67286679,467.2088710591499
2725195.322431399,1270731.2885225941,462.0
2725195.3411599863,1270715.2072238992,460.0
2725195.3731405884,1270790.6841539433,468.61887105914985
2725195.3758882,1270791.717023692,468.6188710591499
2725195.3769778647,1270769.1509093437,469.0
2725195.387153182,1270755.7742173069,463.1801786509085
2725195.3871707134,1270755.7742059997,464.5901786509085
2725195.430559068,1270747.6907034742,467.0
2725195.4310301966,1270761.2492571003,464.59017865090857
2725195.435041401,1270776.2252905206,467.20887105914977
2725195.4599655545,1270739.9641698715,465.0
2725195.496393956,1270787.2365776736,468.61887105914997
2725195.5058409227,1270781.7931128396,467.2088710591498
2725195.5346370474,1270733.921515685,463.0
2725195.551155513,1270796.774076486,474.0
2725195.562744123,1270782.7910571217,467.2088710591499
2725195.562744123,1270782.7910571217,468.6188710591499
2725195.5688986783,1270757.8583430161,464.59017865090857
2725195.604833103,1270805.7912870357,476.0
2725195.6127581615,1270763.3333941167,464.59017865090857
2725195.619647323,1270783.7890014043,468.6188710591499
2725195.6290942896,1270778.34553657,467.2088710591498
2725195.65772182,1270800.8078779755,475.0
2725195.690446844,1270789.3568237233,468.6188710591498
2725195.7067474364,1270754.4674416524,463.18017865090854
2725195.7240248034,1270737.9131448267,464.0
2725195.7308555827,1270741.5351971865,466.0
2725195.7496000463,1270773.8650905518,467.20887105914994
2725195.7506266423,1270759.9424800323,464.59017865090846
2725195.752347658,1270774.8979603006,467.2088710591499
2725195.7817077013,1270811.405910425,477.0
2725195.790422009,1270730.7770372746,462.0
2725195.8077621185,1270744.598736785,467.0
2725195.8137002117,1270785.9092474536,468.6188710591499
2725195.82201492,1270722.6933428298,461.0
2725195.8231471786,1270780.4657826195,467.2088710591499
2725195.888495124,1270756.5515659484,464.59017865090857
2725195.9323546076,1270762.0266170488,464.5901786509086
2725195.9464005455,1270777.0182063498,467.2088710591498
2725195.9837286123,1270733.39602514,463.0
2725195.9858266385,1270792.5576844416,473.0
2725196.0077531,1270788.0294935033,468.61887105914985
2725196.070223089,1270758.6357029648,464.59017865090857
2725196.0947262505,1270737.2524836871,464.0
2725196.114082572,1270764.110754065,464.59017865090857
2725196.131006467,1270784.5819172338,468.6188710591499
2725196.140453434,1270779.1384523995,467.2088710591499
2725196.1791991647,1270739.4474708452,465.0
2725196.2018059883,1270790.1497395528,468.61887105914985
2725196.2080740384,1270755.2448001876,463.18017865090854
2725196.2080740384,1270755.2448001876,464.59017865090857
2725196.2153847176,1270791.175624208,468.61887105914985
2725196.2505572615,1270805.5181720315,476.0
2725196.2519510533,1270760.719839981,464.59017865090846
2725196.263706801,1270775.69087613,467.2088710591498
2725196.2649824508,1270768.5433314103,469.0
2725196.3250593557,1270786.7021632832,468.6188710591499
2725196.3272525845,1270800.4342075672,475.0
2725196.3345063226,1270781.2586984492,467.2088710591499
2725196.339739199,1270796.4288639505,474.0
2725196.367391999,1270811.0590227381,477.0
2725196.3898195345,1270757.328925897,464.5901786509085
2725196.3931181817,1270730.4515491882,462.0
2725196.4022406405,1270782.249657638,467.2088710591499
2725196.4022406405,1270782.249657638,468.6188710591499
2725196.433679018,1270762.8039769977,464.5901786509086
2725196.448312723,1270783.2545870137,468.6188710591499
2725196.4577596895,1270777.8111221795,467.20887105914977
2725196.4710356453,1270722.6377254839,461.0
2725196.519112244,1270788.8224093325,468.61887105914985
2725196.5489281006,1270736.6527823415,464.0
2725196.5659650727,1270741.034420793,466.0
2725196.5715474994,1270759.4130629133,464.59017865090857
2725196.5810130574,1270774.3635459102,467.2088710591498
2725196.589096564,1270773.3236910678,467.2088710591498
2725196.6133561097,1270733.1168569648,463.0
2725196.642365611,1270785.3748330632,468.6188710591499
2725196.6518125786,1270779.9313682292,467.2088710591498
2725196.709400641,1270756.0221587229,464.59017865090857
2725196.7532754634,1270761.4971999296,464.59017865090846
2725196.775065945,1270776.4837919595,467.2088710591498
2725196.822731698,1270744.5885708071,467.0
2725196.8364184997,1270787.495079113,468.6188710591499
2725196.873677087,1270738.896028967,465.0
2725196.8810895816,1270729.9494199823,462.0
2725196.8901237305,1270805.243618129,476.0
2725196.891143945,1270758.1062858456,464.59017865090857
2725196.908663382,1270810.640369269,477.0
2725196.9350034283,1270763.5813369462,464.59017865090857
2725196.9492367916,1270767.7256853487,469.0
2725196.959671867,1270784.0475028432,468.6188710591499
2725196.969118834,1270778.6040380092,467.2088710591498
2725196.9920036793,1270800.056866699,475.0
2725197.030471388,1270789.6153251624,468.6188710591498
2725197.0515945577,1270795.9515138469,474.0
2725197.0548812356,1270790.6342247243,468.6188710591499
2725197.07287191,1270760.190422862,464.59017865090857
2725197.092372201,1270775.1564617394,467.20887105914977
2725197.133195362,1270722.8549237072,461.0
2725197.1439582976,1270736.1969617922,464.0
2725197.153724755,1270786.167748893,468.6188710591499
2725197.1631717226,1270780.7242840584,467.2088710591498
2725197.2107272423,1270756.7995172583,464.59017865090857
2725197.2417371585,1270781.708258154,467.2088710591499
2725197.2417371585,1270781.708258154,468.6188710591499
2725197.251353303,1270732.828456526,463.0
2725197.2545998744,1270762.2745598785,464.59017865090857
2725197.276978123,1270782.7201726232,468.6188710591499
2725197.28642509,1270777.276707789,467.2088710591498
2725197.3459007717,1270804.7194952848,476.0
2725197.3477776437,1270788.2879949422,468.61887105914985
2725197.3500925614,1270713.4912621523,460.0
2725197.3924683556,1270758.8836457944,464.5901786509085
2725197.409678458,1270773.8291315197,467.2088710591498
2725197.428593082,1270772.7822915842,467.20887105914994
2725197.452228206,1270740.7272931212,466.0
2725197.4710310115,1270784.8404186727,468.6188710591499
2725197.4761453355,1270729.616382587,462.0
2725197.4804779785,1270779.3969538386,467.2088710591498
2725197.488881898,1270810.27353126,477.0
2725197.5741963205,1270760.9677828108,464.59017865090857
2725197.6037313445,1270775.949377569,467.20887105914977
2725197.6472507976,1270738.5661295867,465.0
2725197.665083899,1270786.9606647224,468.61887105914985
2725197.701589418,1270799.7613377913,475.0
2725197.7120538447,1270757.5768757935,464.59017865090857
2725197.7200050997,1270744.2339708866,467.0
2725197.7510314756,1270804.1442234777,476.0
2725197.755924285,1270763.051919827,464.59017865090846
2725197.7816319666,1270722.6462886396,461.0
2725197.7883372675,1270783.5130884529,468.6188710591499
2725197.7901995494,1270767.0533060504,469.0
2725197.7977842335,1270778.0696236186,467.2088710591498
2725197.8044287073,1270795.5358799326,474.0
2725197.859136788,1270789.080910772,468.6188710591499
2725197.862245033,1270736.1291672874,464.0
2725197.893792766,1270759.6610057428,464.5901786509085
2725197.894377753,1270790.0928252405,468.6188710591499
2725197.9116284293,1270713.257918597,460.0
2725197.921037601,1270774.6220473493,467.2088710591498
2725197.955693391,1270732.8356314437,463.0
2725197.9823901556,1270785.6333345026,468.6188710591499
2725197.9918371225,1270780.189869668,467.2088710591498
2725198.0755207306,1270761.7451427595,464.59017865090857
2725198.0812336765,1270781.1668586703,467.2088710591498
2725198.0812336765,1270781.1668586703,468.6188710591499
2725198.105643523,1270782.1857582328,468.6188710591499
2725198.1150904894,1270776.7422933986,467.20887105914977
2725198.1212222464,1270810.0071631623,477.0
2725198.1718715834,1270729.5584865976,462.0
2725198.1764430436,1270787.753580552,468.6188710591499
2725198.2133804467,1270758.354234329,464.59017865090857
2725198.238343857,1270773.2947171293,467.2088710591499
2725198.268089599,1270772.2408921001,467.2088710591498
2725198.296854565,1270799.2804503895,475.0
2725198.2996964115,1270784.3060042826,468.61887105914997
2725198.3091433784,1270778.8625394483,467.2088710591499
2725198.3323122067,1270743.4280119373,467.0
2725198.353230029,1270803.7750857964,476.0
2725198.3951171767,1270760.4383656916,464.59017865090857
2725198.431355071,1270740.8103534388,466.0
2725198.432396746,1270775.4149631788,467.2088710591498
2725198.442322381,1270722.4884361224,461.0
2725198.4937493,1270786.4262503318,468.61887105914985
2725198.5276144696,1270738.6638650233,465.0
2725198.541435919,1270795.0951539972,474.0
2725198.5768451416,1270762.522502708,464.59017865090857
2725198.590510181,1270736.3424117148,464.0
2725198.593118189,1270733.0484844376,463.0
2725198.593816343,1270766.3446317432,469.0
2725198.617002667,1270782.9786740625,468.6188710591499
2725198.626449634,1270777.5352092283,467.2088710591498
2725198.687802188,1270788.5464963818,468.61887105914997
2725198.7147070486,1270759.1315928642,464.59017865090857
2725198.7338742707,1270789.5514257567,468.6188710591499
2725198.7497030008,1270774.0876329588,467.20887105914977
2725198.778719431,1270809.8117445116,477.0
2725198.7925393395,1270729.8655664036,462.0
2725198.8110555555,1270785.098920112,468.6188710591499
2725198.8205025224,1270779.6554552778,467.2088710591498
2725198.8964415872,1270761.2157256403,464.5901786509085
2725198.920730194,1270780.6254591863,468.61887105914985
2725198.920730194,1270780.6254591865,467.20887105914994
2725198.931581842,1270733.6373012508,463.0
2725198.934308923,1270781.6513438423,468.6188710591499
2725198.9437558893,1270776.2078790083,467.2088710591498
2725198.9550141045,1270803.4748967895,476.0
2725198.982752125,1270798.9346615623,475.0
2725198.988301956,1270756.9105794567,468.0
2725199.0051084436,1270787.2191661615,468.61887105914985
2725199.007816892,1270736.9351584287,464.0
2725199.0670092567,1270772.7603027388,467.2088710591498
2725199.1075861175,1270771.6994926163,467.2088710591499
2725199.1283618114,1270783.771589892,468.6188710591499
2725199.132234689,1270734.3131804783,463.0
2725199.1345279706,1270722.5857935227,461.0
2725199.137808778,1270778.3281250577,467.2088710591498
2725199.1779704294,1270739.212054417,465.0
2725199.2160336506,1270759.9089513994,464.59017865090857
2725199.222447059,1270743.4050527879,467.0
2725199.2610621457,1270774.8805487882,467.2088710591498
2725199.3114520563,1270794.7175678355,474.0
2725199.321013086,1270730.3256107355,462.0
2725199.3224147,1270785.8918359415,468.6188710591499
2725199.3538518157,1270809.4400651567,477.0
2725199.3772027735,1270741.0800990413,466.0
2725199.384011003,1270765.6210379351,469.0
2725199.3977659973,1270761.9930855888,464.5901786509085
2725199.445668067,1270782.444259672,468.6188710591499
2725199.4551150342,1270777.000794838,467.2088710591499
2725199.4915852295,1270730.9934263723,462.0
2725199.516467588,1270788.0120819912,468.6188710591499
2725199.5436969004,1270756.0560118346,468.0
2725199.544988234,1270737.4193105497,464.0
2725199.5733707887,1270789.0100262729,468.6188710591499
2725199.578368401,1270773.5532185682,467.2088710591498
2725199.5918573784,1270803.2479295838,476.0
2725199.6397209554,1270784.5645057214,468.6188710591499
2725199.649167922,1270779.1210408872,467.2088710591498
2725199.6712591336,1270731.6452532895,462.0
2725199.68013798,1270739.9443977037,465.0
2725199.6951009994,1270798.659498789,475.0
2725199.717360252,1270760.6863099348,464.59017865090857
2725199.7208297285,1270734.6519777447,463.0
2725199.7331511164,1270808.8713155342,477.0
2725199.7602267116,1270780.0840597025,467.2088710591499
2725199.760226712,1270780.0840597027,468.6188710591499
2725199.762974323,1270781.116929452,468.6188710591499
2725199.7724212892,1270775.673464618,467.2088710591498
2725199.830748443,1270722.5599926843,461.0
2725199.833773844,1270786.6847517712,468.6188710591499
2725199.895674657,1270772.2258883484,467.2088710591499
2725199.947082635,1270771.1580931325,467.2088710591499
2725199.957027211,1270783.2371755014,468.6188710591499
2725199.9664741782,1270777.7937106674,467.2088710591498
2725200.0028750873,1270755.137680481,468.0
2725200.004272666,1270794.2090298787,474.0
2725200.04109466,1270764.7719410176,469.0
2725200.0762789915,1270741.7462566479,466.0
2725200.089727545,1270774.346134398,467.20887105914977
2725200.0948135005,1270736.7532522134,464.0
2725200.1510800994,1270785.357421551,468.6188710591499
2725200.197299553,1270802.8872363365,476.0
2725200.2133269245,1270743.480085204,467.0
2725200.2186868545,1270761.46366847,464.59017865090857
2725200.2574115237,1270737.4059970928,464.0
2725200.274333467,1270781.9098452816,468.6188710591499
2725200.2837804337,1270776.4663804476,467.2088710591498
2725200.287595172,1270731.8418616983,462.0
2725200.2889264855,1270798.1814394542,475.0
2725200.2943406263,1270734.4913107934,463.0
2725200.3049148973,1270808.4937345511,477.0
2725200.3451329884,1270787.4776676008,468.6188710591499
2725200.3469416085,1270739.8012531833,465.0
2725200.378007911,1270736.0666793485,464.0
2725200.381545392,1270733.7946939315,463.0
2725200.3979939613,1270738.9148047094,465.0
2725200.407033801,1270773.0188041776,467.2088710591498
2725200.4128673067,1270788.4686267888,468.6188710591499
2725200.4683863553,1270784.030091331,468.6188710591499
2725200.4778333222,1270778.586626497,467.2088710591499
2725200.496948481,1270754.2436361841,468.0
2725200.521537684,1270735.3214624566,464.0
2725200.522499821,1270722.5003454108,461.0
2725200.5396190286,1270742.4398776065,466.0
2725200.5419972045,1270733.1297430503,463.0
2725200.5761097097,1270738.0455614924,465.0
2725200.5916397227,1270780.5825150614,468.6188710591499
2725200.599723229,1270779.5426602187,468.6188710591499
2725200.5997232297,1270779.5426602187,467.2088710591498
2725200.6010866896,1270775.1390502274,467.2088710591498
2725200.662439243,1270786.1503373808,468.6188710591498
2725200.724340057,1270771.691473958,467.20887105914977
2725200.729420775,1270793.7544092569,474.0
2725200.755768444,1270763.9694449687,469.0
2725200.779080589,1270731.3898304673,462.0
2725200.7831369014,1270753.261156836,468.0
2725200.7856926112,1270782.7027611113,468.6188710591499
2725200.786579153,1270770.6166936487,467.20887105914994
2725200.791173023,1270734.6312705239,464.0
2725200.795139578,1270777.259296277,467.2088710591498
2725200.8175234366,1270730.692480974,462.0
2725200.8180076187,1270802.548781083,476.0
2725200.866737683,1270797.6785339261,475.0
2725200.8881584434,1270737.2301182314,465.0
2725200.9183929446,1270773.8117200073,467.2088710591498
2725200.923856756,1270732.537931471,463.0
2725200.932356217,1270808.2204053313,477.0
2725200.979745499,1270784.8230071606,468.6188710591499
2725201.0533014736,1270752.2796915642,468.0
2725201.087926892,1270730.0667659193,462.0
2725201.102998867,1270781.3754308913,468.6188710591499
2725201.112445834,1270775.9319660568,467.2088710591498
2725201.129187619,1270741.4319037588,466.0
2725201.1563168303,1270740.4555186366,466.0
2725201.1631285665,1270722.6706515134,461.0
2725201.173798388,1270786.9432532105,468.6188710591499
2725201.1768568344,1270745.93821777,468.0
2725201.203487973,1270743.5819613372,467.0
2725201.2059082184,1270746.9040733427,468.0
2725201.220114745,1270731.901239577,463.0
2725201.235699201,1270772.4843897875,467.2088710591499
2725201.2523638243,1270787.9272273052,468.6188710591499
2725201.2698775865,1270751.2833035113,468.0
2725201.2970517552,1270783.4956769408,468.6188710591499
2725201.306498722,1270778.0522121065,467.2088710591498
2725201.320841171,1270734.1416306077,464.0
2725201.3739033546,1270763.090089957,469.0
2725201.382381276,1270736.4994116677,465.0
2725201.403743681,1270802.1551707678,476.0
2725201.420305123,1270780.0481006713,468.61887105914997
2725201.429752089,1270774.604635837,467.2088710591498
2725201.4392197477,1270779.0012607349,467.2088710591499
2725201.4392197477,1270779.001260735,468.6188710591499
2725201.443314407,1270742.3494463798,466.0
2725201.465874361,1270733.4019535151,464.0
2725201.474310653,1270793.3232953488,474.0
2725201.481975089,1270729.4877104214,462.0
2725201.4821234876,1270730.5564970523,463.0
2725201.4859366305,1270731.2604878189,463.0
2725201.489922602,1270797.233562476,475.0
2725201.4911046433,1270785.6159229903,468.6188710591498
2725201.4997449084,1270807.8343488069,477.0
2725201.5453026537,1270739.5733486903,466.0
2725201.553005457,1270771.1570595675,467.2088710591498
2725201.6143580116,1270782.1683467207,468.61887105914997
2725201.6238049776,1270776.7248818865,467.2088710591498
2725201.6260756706,1270770.075294165,467.2088710591499
2725201.747058345,1270773.277305617,467.2088710591498
2725201.7649015402,1270750.399539164,468.0
2725201.799582949,1270735.7356193713,465.0
2725201.8084108992,1270784.2885927702,468.61887105914985
2725201.813512681,1270738.6486399942,466.0
2725201.8174000927,1270722.5295807023,461.0
2725201.8558415514,1270730.0086546277,463.0
2725201.8893390624,1270732.780095985,464.0
2725201.931664267,1270780.8410165007,468.6188710591499
2725201.938024661,1270737.7106190484,466.0
2725201.9411112336,1270775.3975516667,467.2088710591498
2725201.990591125,1270762.21200857,469.0
2725202.002463788,1270786.40883882,468.61887105914985
2725202.0152291823,1270801.848337919,476.0
2725202.0224108687,1270745.4041826644,468.0
2725202.0316301845,1270749.41314701,468.0
2725202.0578714083,1270729.198129275,462.0
2725202.064364601,1270771.9499753972,467.2088710591498
2725202.091860342,1270787.3858278212,468.6188710591499
2725202.1257171556,1270782.9612625504,468.6188710591499
2725202.135164122,1270777.517797716,467.2088710591498
2725202.14063006,1270743.9462996616,467.0
2725202.153412102,1270796.8446982512,475.0
2725202.1668717065,1270747.1904256004,468.0
2725202.1682111165,1270792.8141535087,474.0
2725202.248970522,1270779.5136862805,468.61887105914985
2725202.2584174895,1270774.0702214467,467.2088710591498
2725202.2787162648,1270778.459861251,468.6188710591499
2725202.278716265,1270778.459861251,467.2088710591499
2725202.3197700437,1270785.0815086,468.6188710591499
2725202.381670857,1270770.6226451772,467.2088710591499
2725202.383851173,1270732.2070753311,464.0
2725202.405905598,1270735.0954079037,465.0
2725202.4430234116,1270781.6339323304,468.61887105914997
2725202.452470378,1270776.1904674962,467.2088710591498
2725202.465103654,1270722.431459649,461.0
2725202.465572188,1270769.533894681,467.2088710591499
2725202.4688759493,1270748.4842790528,468.0
2725202.471153151,1270729.8586647217,463.0
2725202.575723745,1270772.7428912267,467.20887105914977
2725202.5836645057,1270801.4863951397,476.0
2725202.5964883603,1270739.4632299775,467.0
2725202.6144654714,1270736.9744218588,466.0
2725202.619363323,1270761.3446434669,469.0
2725202.627473438,1270738.4487558303,467.0
2725202.6370762996,1270783.75417838,468.6188710591499
2725202.646687974,1270740.4652254204,467.0
2725202.709797674,1270796.317597752,475.0
2725202.7485438194,1270742.308092846,467.0
2725202.750028485,1270729.2753576515,462.0
2725202.7603296665,1270780.3066021102,468.6188710591499
2725202.769776634,1270774.8631372764,467.2088710591499
2725202.7734983983,1270746.6136526028,468.0
2725202.806521649,1270731.5807026476,464.0
2725202.8311291877,1270785.8744244296,468.61887105914985
2725202.856650304,1270792.298318153,474.0
2725202.8591127326,1270738.1174194058,467.0
2725202.888119844,1270730.1765529653,463.0
2725202.893030001,1270771.4155610066,467.2088710591498
2725202.9152353494,1270747.6207158198,468.0
2725202.9265885754,1270741.3175279647,467.0
2725202.93135686,1270786.8444283374,468.6188710591499
2725202.9543825556,1270782.42684816,468.6188710591499
2725202.963829522,1270776.9833833256,467.2088710591498
2725203.0324382177,1270745.395398973,468.0
2725203.034454787,1270744.4123442066,467.0
2725203.0349518303,1270722.0302482848,461.0
2725203.0359886014,1270760.3520973055,469.0
2725203.0776359225,1270778.9792718901,468.6188710591499
2725203.084423415,1270730.9324488065,464.0
2725203.0855411906,1270743.2317126894,467.0
2725203.0870828894,1270773.5358070564,467.2088710591498
2725203.118212783,1270777.9184617673,467.2088710591499
2725203.118212783,1270777.9184617673,468.61887105914997
2725203.147931247,1270734.6415994063,465.0
2725203.1484354436,1270784.5470942096,468.61887105914985
2725203.172581596,1270801.1033717575,476.0
2725203.176141031,1270739.068021281,467.0
2725203.210336257,1270770.0882307866,467.2088710591498
2725203.2716888105,1270781.0995179396,468.61887105914985
2725203.2811357784,1270775.6560531058,467.2088710591498
2725203.3050687057,1270768.992495197,467.2088710591499
2725203.375408627,1270795.9347418058,475.0
2725203.3800799153,1270736.3461355965,466.0
2725203.396859249,1270729.4934710967,462.0
2725203.404389145,1270772.208476836,467.2088710591497
2725203.4219777207,1270730.269385836,464.0
2725203.4657416996,1270783.2197639896,468.61887105914997
2725203.468589307,1270729.7915340704,463.0
2725203.4937270554,1270791.7195418705,474.0
2725203.5754397535,1270722.2210557056,461.0
2725203.5889950665,1270779.7721877198,468.6188710591499
2725203.5984420334,1270774.3287228858,467.2088710591498
2725203.6597945876,1270785.340010039,468.61887105914997
2725203.721695401,1270770.881146616,467.20887105914977
2725203.7372783762,1270743.9545536581,467.0
2725203.770853378,1270786.3030288536,468.6188710591499
2725203.7830479546,1270781.8924337695,468.61887105914985
2725203.7886825968,1270759.625070152,469.0
2725203.792494922,1270776.4489689353,467.2088710591498
2725203.79551323,1270734.047231006,465.0
2725203.8278803267,1270800.8415436635,476.0
2725203.852959894,1270767.2514292477,470.0
2725203.893128139,1270738.6100575582,467.0
2725203.9063013224,1270778.4448574998,468.61887105914985
2725203.9157482893,1270773.0013926658,467.20887105914977
2725203.916911023,1270730.798298113,465.0
2725203.957709301,1270777.3770622835,467.2088710591498
2725203.957709301,1270777.3770622835,468.6188710591499
2725203.964647307,1270730.076355631,465.0
2725203.9647339764,1270795.4573097038,475.0
2725203.9771008436,1270784.012679819,468.6188710591499
2725203.981272349,1270729.7613424212,464.0
2725204.0274045873,1270729.2601245968,462.0
2725204.039001656,1270769.5538163963,467.2088710591498
2725204.0505456235,1270745.3335602842,468.0
2725204.093050777,1270729.472917835,463.0
2725204.100354211,1270780.5651035495,468.6188710591499
2725204.109801178,1270775.1216387153,467.2088710591498
2725204.125115332,1270735.6809910373,466.0
2725204.1445652237,1270768.4510957133,467.2088710591499
2725204.157265912,1270791.1712257327,474.0
2725204.1931110565,1270722.2823513187,461.0
2725204.225721361,1270731.6257746585,465.0
2725204.228980538,1270722.8663411727,461.0
2725204.233054545,1270771.6740624455,467.2088710591498
2725204.2831428037,1270733.3101428307,465.0
2725204.2944070986,1270782.6853495985,468.6188710591498
2725204.337274488,1270732.4801477198,465.0
2725204.4176604664,1270779.2377733293,468.6188710591499
2725204.4271074333,1270773.7943084952,467.2088710591498
2725204.465222905,1270800.5438191327,476.0
2725204.488459988,1270784.805595649,468.61887105914997
2725204.4930803706,1270728.743164957,462.0
2725204.5301273637,1270758.8809094916,469.0
2725204.5356393764,1270728.9394061016,463.0
2725204.5401797136,1270729.2603469857,464.0
2725204.5503608007,1270770.3467322257,467.20887105914977
2725204.5872865855,1270766.5470203978,470.0
2725204.595718679,1270729.4544619035,465.0
2725204.6103498954,1270785.7616293698,468.6188710591499
2725204.6117133554,1270781.358019379,468.6188710591499
2725204.6123392084,1270737.9126305887,467.0
2725204.6187581164,1270795.230547118,475.0
2725204.621160322,1270775.914554545,467.2088710591498
2725204.645893557,1270769.2284668572,467.2088710591499
2725204.7050207313,1270742.8388005036,468.0
2725204.7349667223,1270777.9104431095,468.6188710591499
2725204.7444136897,1270772.4669782754,467.2088710591498
2725204.776538525,1270734.9241156345,466.0
2725204.7972058184,1270776.8356627994,467.2088710591499
2725204.7972058184,1270776.8356627994,468.61887105914997
2725204.8057662435,1270783.4782654284,468.61887105914985
2725204.8663306874,1270790.6856864362,474.0
2725204.929019611,1270780.030689159,468.6188710591499
2725204.9384665773,1270774.587224325,467.2088710591499
2725204.9547118465,1270728.3761073353,463.0
2725204.955980674,1270728.2202035189,462.0
2725204.9593798677,1270728.6336354078,464.0
2725204.996920352,1270800.1307507195,476.0
2725205.0274795215,1270743.7605231209,468.0
2725205.052586426,1270745.1114515483,468.0
2725205.0617199447,1270771.1396480552,467.2088710591498
2725205.071428437,1270741.000018442,468.0
2725205.123072499,1270782.1509352084,468.6188710591499
2725205.1472218903,1270770.0058380011,467.2088710591499
2725205.1991318273,1270728.817340453,465.0
2725205.2076508906,1270765.7470532549,470.0
2725205.2214379674,1270741.9514411194,468.0
2725205.2399417297,1270758.0754252374,469.0
2725205.2463258663,1270778.703358939,468.6188710591499
2725205.248030484,1270737.123252871,467.0
2725205.2557728337,1270773.2598941051,467.2088710591499
2725205.2958818665,1270794.9144875184,475.0
2725205.317125387,1270784.271181258,468.6188710591498
2725205.3756437087,1270734.1309634685,466.0
2725205.381912618,1270757.0269134224,469.0
2725205.4403787553,1270780.8236049886,468.6188710591499
2725205.442724385,1270728.0679488569,464.0
2725205.447829298,1270727.7233665185,462.0
2725205.449825722,1270775.3801401544,467.2088710591498
2725205.449846413,1270785.220229886,468.6188710591499
2725205.469036448,1270727.8995511797,463.0
2725205.5636321222,1270777.376028719,468.6188710591499
2725205.5730790887,1270771.9325638849,467.2088710591498
2725205.5799624124,1270799.855971904,476.0
2725205.583773475,1270790.2270783037,474.0
2725205.6185945002,1270755.9853858803,469.0
2725205.6344316434,1270782.9438510379,468.61887105914985
2725205.636702336,1270776.2942633159,467.2088710591499
2725205.6367023364,1270776.2942633159,468.6188710591499
2725205.6485502236,1270770.7832091448,467.2088710591499
2725205.702199708,1270740.2379514752,468.0
2725205.7510666857,1270728.6932999333,465.0
2725205.7576850113,1270779.4962747686,468.6188710591499
2725205.7671319772,1270774.0528099346,467.20887105914977
2725205.867533547,1270731.3745697578,466.0
2725205.8699501604,1270754.9399847568,469.0
2725205.8702294035,1270764.9882053947,470.0
2725205.879264949,1270727.184595191,462.0
2725205.8829446724,1270736.3320892935,467.0
2725205.927014773,1270744.1971463084,468.0
2725205.942060502,1270733.3328852567,466.0
2725205.9432905037,1270794.5030658902,475.0
2725205.951737899,1270781.616520818,468.6188710591499
2725205.9796302486,1270732.3654496835,466.0
2725205.983360746,1270727.4189152461,463.0
2725206.0384461153,1270739.2962027253,468.0
2725206.0519537767,1270744.91448132,468.0
2725206.0749912662,1270778.1689445483,468.6188710591499
2725206.0837795883,1270730.412314403,466.0
2725206.084438233,1270772.7254797143,467.2088710591499
2725206.0864969813,1270728.0396648296,464.0
2725206.1457907874,1270783.7367668678,468.6188710591499
2725206.149878557,1270771.5605802888,467.2088710591499
2725206.1563106645,1270789.5844228263,474.0
2725206.1721630623,1270799.5186404097,476.0
2725206.257492869,1270753.940363634,469.0
2725206.2630584007,1270726.6160324523,462.0
2725206.2671936178,1270738.3216694223,468.0
2725206.269044155,1270780.2891905983,468.6188710591499
2725206.2784911217,1270774.845725764,467.2088710591498
2725206.289342931,1270784.678830402,468.6188710591499
2725206.357009419,1270726.8290849812,463.0
2725206.375906983,1270735.4463554895,467.0
2725206.392297522,1270776.8416143286,468.6188710591499
2725206.397379104,1270764.11785782,470.0
2725206.4149194844,1270728.1239958776,465.0
2725206.44258312,1270727.641805498,464.0
2725206.4489825596,1270793.9675074532,475.0
2725206.462021693,1270752.8867814401,469.0
2725206.463097043,1270782.4094366475,468.6188710591498
2725206.476198854,1270775.752863832,467.2088710591499
2725206.476198854,1270775.752863832,468.6188710591499
2725206.511208577,1270726.9107382938,464.0
2725206.5863504107,1270778.961860378,468.6188710591499
2725206.595797377,1270773.518395544,467.2088710591499
2725206.6512068897,1270772.3379514327,467.2088710591499
2725206.685818397,1270799.0361061604,476.0
2725206.688345382,1270751.834214637,469.0
2725206.6943778456,1270729.6348786785,466.0
2725206.7559130806,1270788.9689025152,474.0
2725206.780403299,1270781.0821064278,468.6188710591499
2725206.814643341,1270726.2694523488,462.0
2725206.874917314,1270726.6347562247,463.0
2725206.903656666,1270777.634530158,468.6188710591499
2725206.9105399977,1270734.584492147,467.0
2725206.9167239526,1270793.3790866593,475.0
2725206.938205391,1270727.4375139775,465.0
2725206.9683826105,1270737.611191974,468.0
2725206.9744561873,1270783.2023524775,468.6188710591498
2725206.991781214,1270750.8000785331,469.0
2725207.039436261,1270726.970374193,464.0
2725207.097709555,1270779.7547762077,468.6188710591499
2725207.1071565216,1270774.3113113735,467.2088710591498
2725207.1288394486,1270784.1374309182,468.6188710591499
2725207.1525352234,1270773.1153225764,467.2088710591499
2725207.219252593,1270763.5885063852,470.0
2725207.220962922,1270776.307199938,468.6188710591499
2725207.2457998185,1270749.7527437555,469.0
2725207.2653276646,1270726.5397818617,462.0
2725207.272192244,1270788.2846038295,474.0
2725207.2751873136,1270733.6426723911,467.0
2725207.2917624433,1270781.8750222572,468.61887105914985
2725207.315695372,1270775.211464348,467.2088710591499
2725207.315695372,1270775.211464348,468.6188710591499
2725207.3518580617,1270798.8795242968,476.0
2725207.3575212853,1270728.8921250396,466.0
2725207.3702576,1270726.846966422,463.0
2725207.4143900857,1270736.6985642412,468.0
2725207.41501581,1270778.4274459877,468.6188710591499
2725207.4496837817,1270792.839183734,475.0
2725207.4902514527,1270770.1193658162,471.0
2725207.4942308087,1270746.99376219,469.0
2725207.5385044524,1270748.7225487963,469.0
2725207.605284684,1270732.6859871934,467.0
2725207.609068699,1270780.5476920372,468.6188710591498
2725207.653863556,1270773.8926937203,467.2088710591499
2725207.732322066,1270777.1001157677,468.6188710591499
2725207.8031215873,1270782.6679380867,468.61887105914985
2725207.809716193,1270731.7094288669,467.0
2725207.8286356116,1270735.7850282118,468.0
2725207.8431136915,1270798.4014547972,476.0
2725207.9035701538,1270746.5280252672,469.0
2725207.918918561,1270787.72018942,474.0
2725207.926374955,1270779.2203618174,468.6188710591499
2725207.9300173223,1270728.0763032867,466.0
2725207.9683359666,1270783.5960314344,468.6188710591499
2725207.9720312064,1270762.9070428887,470.0
2725207.97472407,1270747.7403428138,469.0
2725208.0460091084,1270730.7701730002,467.0
2725208.0496283225,1270775.7727855477,468.6188710591499
2725208.0685673105,1270792.4055466687,475.0
2725208.120427843,1270781.3406078669,468.6188710591499
2725208.1551918895,1270774.6700648642,467.2088710591499
2725208.1551918895,1270774.6700648642,468.6188710591499
2725208.181032404,1270734.8273916945,468.0
2725208.2411263403,1270769.527295657,471.0
2725208.2436812106,1270777.8930315971,468.6188710591499
2725208.3274195064,1270797.8935890063,476.0
2725208.437734098,1270780.0132776466,468.6188710591498
2725208.5194768496,1270791.8138676498,475.0
2725208.560987466,1270776.5657013773,468.6188710591499
2725208.6317869877,1270782.1335236966,468.61887105914985
2725208.6487189587,1270787.2646796477,474.0
2725208.6565202223,1270775.4474360081,468.6188710591499
2725208.7041186993,1270730.0577555655,467.0
2725208.755040355,1270778.685947427,468.6188710591499
2725208.776255666,1270762.2989198163,470.0
2725208.807832484,1270783.0546319503,468.6188710591499
2725208.857676439,1270797.4270215095,476.0
2725208.896320042,1270734.1978885252,468.0
2725208.949093243,1270780.8061934763,468.6188710591499
2725208.969393397,1270746.4092058656,469.0
2725208.9758493598,1270768.9025464596,471.0
2725209.072346611,1270777.3586172068,468.6188710591499
2725209.104443831,1270791.3183177656,475.0
2725209.157848556,1270776.224807152,468.6188710591499
2725209.266399498,1270779.4788632563,468.61887105914985
2725209.2721188054,1270796.8588639467,476.0
2725209.3082946963,1270786.714803042,474.0
2725209.3182117776,1270733.32326286,468.0
2725209.399895781,1270732.312424817,468.0
2725209.4604523876,1270781.599109306,468.6188710591499
2725209.5431506243,1270761.6277170358,470.0
2725209.5769334137,1270731.32067463,468.0
2725209.583705755,1270778.1515330365,468.6188710591499
2725209.586556767,1270768.1583331584,471.0
2725209.647329002,1270782.5132324665,468.6188710591499
2725209.659176889,1270777.002178296,468.6188710591499
2725209.763033857,1270774.3089738558,472.0
2725209.7660195543,1270790.9464944154,475.0
2725209.7738912357,1270796.3605209626,476.0
2725209.777758643,1270780.271779086,468.61887105914985
2725209.946645381,1270786.1405971018,474.0
2725209.9761566413,1270746.4397691889,469.0
2725210.0950648985,1270778.944448866,468.61887105914985
2725210.160505222,1270777.7795494397,468.6188710591499
2725210.1717833616,1270760.8343777081,470.0
2725210.2217222,1270790.3301658737,475.0
2725210.287621687,1270795.8745852243,476.0
2725210.289117787,1270781.0646949157,468.6188710591499
2725210.3159034844,1270767.532045857,471.0
2725210.4868255197,1270781.971832983,468.6188710591499
2725210.5367519557,1270773.76666844,472.0
2725210.5903854934,1270795.2595229084,476.0
2725210.591907395,1270785.575526754,474.0
2725210.606424043,1270779.7373646954,468.61887105914985
2725210.6618335554,1270778.5569205836,468.6188710591499
2725210.6715322165,1270745.630573602,469.0
2725210.776592679,1270760.0230233707,470.0
2725210.9093618193,1270790.0110514984,475.0
2725210.938372757,1270744.5939981865,469.0
2725211.0138961812,1270766.8684533741,471.0
2725211.117783187,1270780.5302805249,468.6188710591499
2725211.1631618887,1270779.3342917273,468.6188710591499
2725211.2071240684,1270794.9195504854,476.0
2725211.216198151,1270743.5643938065,469.0
2725211.2339991727,1270759.1179053746,470.0
2725211.259258519,1270785.0370454094,474.0
2725211.3263220373,1270781.430433499,468.6188710591499
2725211.35538374,1270773.3036051006,472.0
2725211.3983531725,1270758.1498485152,470.0
2725211.4887845386,1270789.6122731152,475.0
2725211.617855888,1270753.1269125561,470.0
2725211.6202403763,1270757.179388464,470.0
2725211.6342073698,1270742.6545327774,469.0
2725211.664490222,1270780.1116628714,468.6188710591499
2725211.6751665333,1270754.1425502086,470.0
2725211.7346726013,1270755.1598745366,470.0
2725211.7414065055,1270752.1285352088,470.0
2725211.74555212,1270794.479383671,476.0
2725211.757224088,1270766.2535960802,471.0
2725211.765904866,1270756.177517122,470.0
2725211.904444823,1270784.4700471167,474.0
2725212.006186043,1270789.0545082064,475.0
2725212.043407254,1270772.6616151026,472.0
2725212.065280627,1270740.831062539,469.0
2725212.0712958705,1270751.1741212094,470.0
2725212.1658185553,1270780.8890340151,468.6188710591499
2725212.233713264,1270741.813321587,469.0
2725212.325447761,1270794.1142008961,476.0
2725212.4356873017,1270765.5680107833,471.0
2725212.4527540226,1270778.1956817897,473.0
2725212.6052084025,1270750.3124512804,470.0
2725212.61641627,1270783.9862213773,474.0
2725212.6827736413,1270788.7475625824,475.0
2725212.7326918743,1270740.0231305035,469.0
2725212.7396585755,1270772.026443689,472.0
2725212.922680922,1270749.3842376624,470.0
2725212.958488291,1270764.7636853973,471.0
2725212.9798185267,1270793.8545580783,476.0
2725213.1760459677,1270777.6273989647,473.0
2725213.2074633013,1270788.199618124,475.0
2725213.3271635594,1270783.5060993433,474.0
2725213.369264554,1270793.2733937239,476.0
2725213.386449003,1270739.3646083106,469.0
2725213.421011275,1270771.3712090044,472.0
2725213.483222612,1270763.954746179,471.0
2725213.6002040687,1270748.6486580796,470.0
2725213.79746887,1270787.708268526,475.0
2725213.846123105,1270776.9980818098,473.0
2725213.920170528,1270792.8486300474,476.0
2725213.983519438,1270782.950432252,474.0
2725213.9924633703,1270763.1357985898,471.0
2725213.9927027696,1270738.4830833066,469.0
2725214.088561398,1270770.7055062552,472.0
2725214.228997194,1270747.8566386043,470.0
2725214.3921447173,1270787.2249100988,475.0
2725214.5344191394,1270776.3901642044,473.0
2725214.5347934845,1270762.3381739007,471.0
2725214.570396907,1270792.5715817208,476.0
2725214.6238071895,1270782.376363665,474.0
2725214.6335635935,1270737.6279296973,469.0
2725214.6942495895,1270769.9937012643,472.0
2725215.0193354627,1270792.0623341426,476.0
2725215.044879141,1270786.8272437244,475.0
2725215.1253972487,1270769.157135664,472.0
2725215.154645134,1270748.1708008023,470.0
2725215.176740391,1270781.7175204738,474.0
2725215.209236876,1270761.6482960319,471.0
2725215.248906852,1270775.8110733028,473.0
2725215.5150048444,1270786.2469697562,475.0
2725215.5891513824,1270791.6932535216,476.0
2725215.6533509567,1270768.3729739105,472.0
2725215.6697540674,1270781.0125951336,474.0
2725215.9066536697,1270775.1688574716,473.0
2725216.009593888,1270761.1299077156,471.0
2725216.021551862,1270748.6734570204,470.0
2725216.103488829,1270785.761001924,475.0
2725216.1035930347,1270767.5427597691,472.0
2725216.111274269,1270791.2412523981,476.0
2725216.2619488835,1270780.3923122617,474.0
2725216.41684257,1270774.4321393853,473.0
2725216.5647643013,1270790.709183081,476.0
2725216.604739124,1270766.7436114135,472.0
2725216.6189971305,1270785.1994501122,475.0
2725216.762575187,1270748.192296079,470.0
2725216.781546615,1270779.7072434952,474.0
2725216.9405280296,1270760.9475384215,471.0
2725216.94281686,1270784.5030078026,475.0
2725217.0860163686,1270773.8223880227,473.0
2725217.1315260585,1270765.9592514262,472.0
2725217.199849212,1270790.4172661847,476.0
2725217.3053435697,1270783.8270293244,475.0
2725217.4047963815,1270747.4139190232,470.0
2725217.405609164,1270779.1149465926,474.0
2725217.4446320985,1270765.0768475619,472.0
2725217.6039255755,1270760.2931451737,471.0
2725217.654045354,1270783.2068785047,475.0
2725217.6829982256,1270773.1249752005,473.0
2725217.719948396,1270789.9534235403,476.0
2725217.8445454403,1270782.5754351586,475.0
2725217.914257154,1270764.2601876212,472.0
2725217.962251678,1270746.5835172224,470.0
2725218.0092789233,1270778.5015057386,474.0
2725218.229078388,1270772.386308975,473.0
2725218.253192273,1270781.932052843,475.0
2725218.312126412,1270789.584853462,476.0
2725218.5160093177,1270760.0236828378,471.0
2725218.5183217963,1270763.5339264844,472.0
2725218.631048137,1270777.9066207798,474.0
2725218.637705314,1270771.564552435,473.0
2725218.740947872,1270745.9485844378,470.0
2725218.851085115,1270781.4496264767,475.0
2725218.8609538074,1270789.150339707,476.0
2725219.042363989,1270787.1977844771,476.0
2725219.0918256375,1270770.7649194945,473.0
2725219.1382703884,1270795.2814139668,477.0
2725219.167904916,1270777.238498101,474.0
2725219.184767209,1270788.5362998918,476.0
2725219.2035987335,1270786.5148375824,476.0
2725219.2142126155,1270762.9101753712,472.0
2725219.2208468257,1270787.8384003947,476.0
2725219.4228353524,1270785.849008805,476.0
2725219.434737674,1270759.7772076586,471.0
2725219.481281042,1270781.0175581856,475.0
2725219.5523318322,1270785.187383854,476.0
2725219.5685938103,1270769.9788495908,473.0
2725219.630086931,1270745.4515379788,470.0
2725219.7131347493,1270794.9041403737,477.0
2725219.743476977,1270776.631565159,474.0
2725219.7631416325,1270784.5559451273,476.0
2725219.783382312,1270783.8501623778,476.0
2725219.822440719,1270783.1526219375,476.0
2725220.045527703,1270769.1934115544,473.0
2725220.0497032804,1270780.5009339754,475.0
2725220.0715040136,1270762.574990078,472.0
2725220.183867544,1270782.5648013286,476.0
2725220.3242137074,1270794.6338550765,477.0
2725220.3812641953,1270759.899913489,471.0
2725220.4415140944,1270776.133445289,474.0
2725220.500692933,1270768.3977781136,473.0
2725220.574925481,1270781.982786024,476.0
2725220.720093236,1270780.1388815616,475.0
2725220.7782653617,1270783.0493208128,477.0
2725220.7858758713,1270783.6848276905,477.0
2725220.836787991,1270794.2038058843,477.0
2725220.906557514,1270782.375262734,477.0
2725220.916017144,1270762.1702792784,472.0
2725220.9315005443,1270767.6188171294,473.0
2725220.968180338,1270775.4648110508,474.0
2725221.0328030614,1270760.4403269,471.0
2725221.0735339327,1270781.4835251255,476.0
2725221.0946641914,1270784.2948273616,477.0
2725221.2180917445,1270779.5675806445,475.0
2725221.2979284446,1270774.6787317826,474.0
2725221.3746400885,1270784.9220192656,477.0
2725221.4182262025,1270781.927382979,477.0
2725221.4528408404,1270766.889180689,473.0
2725221.5478264093,1270773.1363851214,474.0
2725221.557102789,1270773.9275605239,474.0
2725221.6637544185,1270781.1010234354,476.0
2725221.672490311,1270785.5407904794,477.0
2725221.712117279,1270761.091055574,471.0
2725221.7805601205,1270761.8328333003,472.0
2725221.786793307,1270779.0751768358,475.0
2725221.8655515304,1270786.1995206322,477.0
2725221.8755372716,1270793.4307000418,477.0
2725221.902468095,1270781.4393409456,477.0
2725222.0517728566,1270792.7677596952,477.0
2725222.118857725,1270780.5790236075,476.0
2725222.142400861,1270766.3219235744,473.0
2725222.1739786863,1270786.8103124052,477.0
2725222.227943742,1270773.0402917508,474.0
2725222.2463784097,1270778.4681095663,475.0
2725222.2791660037,1270792.1187150578,477.0
2725222.281102014,1270779.9046053311,476.0
2725222.422305383,1270787.450825771,477.0
2725222.43901941,1270781.010123252,477.0
2725222.5115450793,1270791.4714180196,477.0
2725222.5207585166,1270765.4855078077,473.0
2725222.557331351,1270779.2637615153,476.0
2725222.60917121,1270788.1069051242,477.0
2725222.62280646,1270789.475268458,477.0
2725222.659630011,1270788.7925528907,477.0
2725222.664315554,1270790.1575020978,477.0
2725222.6669299616,1270761.1236721978,471.0
2725222.7043963633,1270761.8834738338,472.0
2725222.7508984194,1270790.8338091236,477.0
2725222.7888571927,1270778.6381099813,476.0
2725222.798395929,1270783.435321601,478.0
2725222.8091709977,1270777.956912768,475.0
2725222.827205074,1270784.111628602,478.0
2725222.8612114945,1270780.4931419066,477.0
2725222.905814895,1270779.8583891462,477.0
2725222.991967839,1270772.6884619975,474.0
2725223.080917947,1270764.7681956051,473.0
2725223.106319043,1270784.6712039637,478.0
2725223.188839323,1270779.2322831464,477.0
2725223.216200271,1270785.294674759,478.0
2725223.2527367263,1270782.9850921987,478.0
2725223.357997297,1270778.2468163883,476.0
2725223.4657291905,1270777.5690132175,475.0
2725223.490071934,1270785.895517522,478.0
2725223.5751839997,1270772.062608708,474.0
2725223.6109242514,1270760.9537202292,471.0
2725223.6309782485,1270761.9193520364,472.0
2725223.683842755,1270782.4735894164,478.0
2725223.760947704,1270778.9617764445,477.0
2725223.8125141533,1270764.211386992,473.0
2725223.9616339165,1270786.3739465103,478.0
2725224.0364428083,1270777.1098398142,475.0
2725224.036934157,1270771.3385837828,474.0
2725224.0549794496,1270778.130447938,476.0
2725224.1251371144,1270781.9596596863,478.0
2725224.280547801,1270770.5158097297,474.0
2725224.3924545287,1270760.423989871,471.0
2725224.399128145,1270778.7188577105,477.0
2725224.433886547,1270763.5405808133,473.0
2725224.445089902,1270786.8441906695,478.0
2725224.5017664954,1270761.5618245234,472.0
2725224.5304078558,1270776.5394198438,475.0
2725224.545675887,1270775.9222666787,475.0
2725224.6133234613,1270769.7339943754,474.0
2725224.6256191633,1270789.3990189296,478.0
2725224.6393164033,1270781.5197839383,478.0
2725224.647855085,1270777.779067121,476.0
2725224.691907769,1270787.470365511,478.0
2725224.7462959043,1270788.7459847874,478.0
2725224.775911579,1270790.0176847186,478.0
2725224.7882311856,1270775.2351905124,475.0
2725224.8330990323,1270788.1254258337,478.0
2725225.0500896852,1270778.4998046774,477.0
2725225.1624798123,1270777.3019149443,476.0
2725225.163160481,1270763.026002722,473.0
2725225.179353683,1270769.0887151267,474.0
2725225.1948691057,1270781.1624271546,478.0
2725225.20900476,1270790.541673702,478.0
2725225.219122786,1270759.9299575172,471.0
2725225.322559988,1270761.1038109788,472.0
2725225.3745187456,1270774.7449559884,475.0
2725225.467960256,1270791.1583681642,478.0
2725225.619306077,1270776.7617495714,476.0
2725225.651777062,1270778.1714812566,477.0
2725225.701045991,1270768.4040700044,474.0
2725225.843560756,1270781.0617226844,478.0
2725225.949785034,1270759.3076893175,471.0
2725225.957181532,1270762.5790668717,473.0
2725226.0466846656,1270777.6219448939,477.0
2725226.051060877,1270774.3797113106,475.0
2725226.0610591015,1270760.5141720157,472.0
2725226.137586347,1270776.2856524368,476.0
2725226.2779515083,1270767.7745806256,474.0
2725226.4180562953,1270781.3691339893,478.0
2725226.4998908266,1270777.106584079,477.0
2725226.6316442657,1270775.7835208462,476.0
2725226.648628208,1270773.9053629884,475.0
2725226.6692465665,1270758.6823715107,471.0
2725226.7718049204,1270762.2031400127,473.0
2725226.897369278,1270760.0920973688,472.0
2725226.924298837,1270767.2135863523,474.0
2725227.052844297,1270776.713595546,477.0
2725227.0610015593,1270781.3677993277,478.0
2725227.2652381095,1270775.5444717207,476.0
2725227.302862109,1270773.5058351909,475.0
2725227.4985150117,1270758.2738831686,471.0
2725227.507037574,1270766.583706202,474.0
2725227.523828337,1270759.4581312542,472.0
2725227.5614595506,1270761.7394634648,473.0
2725227.611060595,1270780.9740201174,478.0
2725227.707331877,1270776.5151612095,477.0
2725227.899062407,1270780.3811929922,478.0
2725227.9203488417,1270773.0739204497,475.0
2725227.963033531,1270775.596959853,476.0
2725228.069494421,1270779.7237038133,478.0
2725228.1393745337,1270765.9994290627,474.0
2725228.2094787396,1270758.821749741,472.0
2725228.2365690707,1270757.6588981086,471.0
2725228.242769041,1270779.0698565142,478.0
2725228.2978766495,1270761.1901754842,473.0
2725228.3132374333,1270776.2406332118,477.0
2725228.4204238965,1270775.298651308,476.0
2725228.474374525,1270772.5436324738,475.0
2725228.5570324427,1270778.469812298,478.0
2725228.624610102,1270775.6424688422,477.0
2725228.6919033984,1270765.347511522,474.0
2725228.739175199,1270777.8174363093,478.0
2725228.8768935874,1270764.5073971492,474.0
2725228.897193687,1270774.8768633164,476.0
2725228.9819779545,1270760.5773856025,473.0
2725229.0136839496,1270775.3916776276,477.0
2725229.0716152936,1270758.463094029,472.0
2725229.1043599537,1270777.2803170024,478.0
2725229.1166552873,1270772.125220934,475.0
2725229.4146437175,1270763.8692204026,474.0
2725229.5507523622,1270774.7372213178,476.0
2725229.6231740923,1270776.849390435,478.0
2725229.6654759794,1270775.5653372742,477.0
2725229.689988675,1270759.9901863064,473.0
2725229.7336776108,1270771.6701212209,475.0
2725229.7338069403,1270763.0956767735,474.0
2725229.9669022462,1270762.278605538,474.0
2725230.0134056746,1270774.2267370215,476.0
2725230.043592981,1270775.0863262378,477.0
2725230.0621090154,1270761.4236238012,474.0
2725230.0969941746,1270776.3690320337,478.0
2725230.208023713,1270774.4198503017,477.0
2725230.350718415,1270771.2138378532,475.0
2725230.551202611,1270773.7691227165,476.0
2725230.606276539,1270760.844759042,474.0
2725230.7230896996,1270776.1062192018,478.0
2725230.78101863,1270774.077288701,477.0
2725230.9204168753,1270770.6972544456,475.0
2725231.094463441,1270773.3177804574,476.0
2725231.248218361,1270775.6813332587,478.0
2725231.334514212,1270773.669616159,477.0
2725231.522880884,1270770.222530188,475.0
2725231.690265902,1270772.9498986956,476.0
2725231.716540509,1270775.2018827638,478.0
2725231.890327018,1270773.2660545635,477.0
2725232.1501104627,1270769.7788625844,475.0
2725232.172205557,1270774.7025051145,478.0
2725232.231474679,1270772.4980126894,476.0
2725232.4766438156,1270772.9066163867,477.0
2725232.5518995826,1270769.1562028131,475.0
2725232.5881162486,1270774.1734640803,478.0
2725232.8480676766,1270768.4694934627,475.0
2725232.9054613635,1270772.3105553172,476.0
2725233.032923919,1270773.6935315789,478.0
2725233.1096463753,1270772.6420154492,477.0
2725233.3596727857,1270767.917839917,475.0
2725233.5022878842,1270771.9337949501,476.0
2725233.679007307,1270773.5721238232,478.0
2725233.6855455786,1270772.2735513928,477.0
2725233.778437662,1270767.2776458291,475.0
2725234.075077748,1270771.5222631977,476.0
2725234.249163153,1270771.8798128301,477.0
2725234.290746752,1270773.3084021253,478.0
2725234.299920734,1270766.7395114773,475.0
2725234.6016000668,1270771.050493042,476.0
2725234.7106493562,1270771.3700112093,477.0
2725234.8641328095,1270772.9433386554,478.0
2725235.125839228,1270770.5753912118,476.0
2725235.219853271,1270770.9078467875,477.0
2725235.36324882,1270772.5346890267,478.0
2725235.662205217,1270770.1157769095,476.0
2725235.78421362,1270770.5178717999,477.0
2725235.96453496,1270772.3119578008,478.0
2725236.210731008,1270769.673462092,476.0
2725236.303161624,1270771.7594088856,478.0
2725236.321707339,1270770.0897222257,477.0
2725236.3316797065,1270771.1156687606,478.0
2725236.665523475,1270770.526156461,478.0
2725236.887372313,1270769.7071157342,477.0
2725237.1469064318,1270770.0583949564,478.0
2725238.5679330206,1270782.8267915447,479.0
2725238.8458382464,1270782.3825299728,479.0
2725239.116556532,1270781.9337990922,479.0
2725239.3814039766,1270781.4816190796,479.0
2725239.6816272326,1270781.0530596205,479.0
2725240.058695623,1270780.691193019,479.0
2725240.441310237,1270780.3332850637,479.0
2725240.81757948,1270779.9684984812,479.0
2725241.1938487226,1270779.603711899,479.0
2725241.5701179653,1270779.2389253164,479.0
2725242.028419627,1270779.0879932134,479.0
2725242.5292461743,1270779.2142427228,479.0
2725243.017438936,1270779.4046493024,479.0
2725243.5033281087,1270779.6009860546,479.0
