x,y,z
2725145.6836687694,1270753.919434318,463.0
2725146.1729963226,1270754.4253473063,463.0
2725146.7265040046,1270754.8602241315,463.0
2725147.418134495,1270754.7334488586,463.0
2725148.1153528346,1270754.6303678965,463.0
2725148.813641046,1270754.536313679,463.0
2725149.486024871,1270754.3349496368,463.0
2725150.0369413337,1270763.374597809,464.0
2725150.1584695866,1270754.1516492453,463.0
2725150.4324017107,1270750.3074345633,462.0
2725150.7758386713,1270763.2088781795,464.0
2725150.8448739443,1270753.997920932,463.0
2725150.960169751,1270750.7659210325,462.0
2725151.377852428,1270765.081053678,465.0
2725151.4908868265,1270751.2156544174,462.0
2725151.501948855,1270753.7422055546,463.0
2725151.519427697,1270763.3281503366,464.0
2725152.1094559245,1270764.650014224,465.0
2725152.1474860287,1270751.3991346573,462.0
2725152.166231158,1270753.506350934,463.0
2725152.2570041483,1270763.3571090815,464.0
2725152.7652102187,1270753.139329549,463.0
2725152.8021365884,1270751.1769450137,462.0
2725152.836774335,1270762.9035550356,464.0
2725152.8926537996,1270764.5369946347,465.0
2725153.3204707545,1270770.0211365563,466.0
2725153.3992049256,1270752.835468146,463.0
2725153.431275733,1270750.8851403734,462.0
2725153.5050313203,1270762.6593279815,464.0
2725153.7501312518,1270764.3070595548,465.0
2725153.9734463776,1270752.4264020133,463.0
2725154.048962844,1270762.13045697,464.0
2725154.086042927,1270750.651264655,462.0
2725154.238089959,1270769.6447979363,466.0
2725154.576496439,1270763.9859692398,465.0
2725154.6153645837,1270752.1417480137,463.0
2725154.725739111,1270750.3655527427,462.0
2725154.7352224137,1270761.9339753157,464.0
2725155.147425298,1270769.2310677895,466.0
2725155.2434801017,1270751.8239076221,463.0
2725155.316955479,1270761.4584875957,464.0
2725155.353527202,1270750.0552887511,462.0
2725155.3822020614,1270763.6173442157,465.0
2725155.8614570946,1270751.48607312,463.0
2725155.9902478345,1270761.1314529562,464.0
2725156.0012305835,1270749.7883280755,462.0
2725156.098506396,1270768.920779926,466.0
2725156.1941475915,1270763.2622485505,465.0
2725156.461514016,1270751.1163797122,463.0
2725156.6238774676,1270760.7186197727,464.0
2725156.6373087335,1270749.494343538,462.0
2725156.6921704058,1270775.1772736118,467.0
2725157.0083398456,1270762.9105372974,465.0
2725157.0660839444,1270768.7080068267,466.0
2725157.075555396,1270750.7699283562,463.0
2725157.2044745497,1270760.2304234828,464.0
2725157.2291223793,1270749.1212602493,462.0
2725157.2677713134,1270745.5747313602,461.0
2725157.570122938,1270774.6803228997,467.0
2725157.673999285,1270750.3979181312,463.0
2725157.8381777317,1270748.7751650503,462.0
2725157.8486895952,1270762.6370538138,465.0
2725157.8591772337,1270759.869518594,464.0
2725157.869455708,1270745.9112875871,461.0
2725158.0203753137,1270768.4124388746,466.0
2725158.3073016335,1270750.089477503,463.0
2725158.4413495716,1270759.3833397366,464.0
2725158.468041518,1270748.4712800584,462.0
2725158.529715122,1270774.3513727076,467.0
2725158.542017795,1270746.0900371766,461.0
2725158.6731541455,1270762.307876197,465.0
2725158.93382576,1270749.7664174791,463.0
2725158.997081588,1270758.8673564189,464.0
2725159.009509121,1270768.2948460698,466.0
2725159.076356276,1270748.1338909303,462.0
2725159.1237887675,1270781.1557939227,468.0
2725159.2105817157,1270746.0354403465,461.0
2725159.506540171,1270762.0619799662,465.0
2725159.5209178478,1270774.3057704135,467.0
2725159.56193747,1270749.4461762388,463.0
2725159.6461459463,1270747.7262037175,462.0
2725159.668372888,1270758.660100105,464.0
2725159.8349864585,1270745.7258776473,461.0
2725159.9644507905,1270768.0335771758,466.0
2725160.0003251247,1270780.650507793,468.0
2725160.160880746,1270749.0763377608,463.0
2725160.2304115794,1270758.1827239415,464.0
2725160.2573815384,1270747.3863389073,462.0
2725160.2971578618,1270761.660313642,465.0
2725160.416810084,1270745.3396299696,461.0
2725160.5136113735,1270774.2841460228,467.0
2725160.795680182,1270748.772424978,463.0
2725160.844081116,1270747.0039349757,462.0
2725160.8892931314,1270757.8147172194,464.0
2725160.9315665876,1270767.8103418164,466.0
2725160.959114135,1270780.304448031,468.0
2725160.9799219267,1270744.9328832359,461.0
2725161.0803468293,1270761.2546520329,465.0
2725161.422691687,1270748.4502088316,463.0
2725161.423155103,1270746.6138145619,462.0
2725161.5059118085,1270774.095851109,467.0
2725161.565989732,1270744.5554135763,461.0
2725161.5972836455,1270757.5454543163,464.0
2725161.863755834,1270767.4619789603,466.0
2725161.864794426,1270760.8405879189,465.0
2725161.9244339317,1270779.9875701675,468.0
2725161.9852655367,1270746.1992742126,462.0
2725162.0357745285,1270748.867868961,463.0
2725162.095816617,1270748.3436772483,463.0
2725162.1323006894,1270744.1462224,461.0
2725162.244059442,1270786.1953741685,469.0
2725162.246167877,1270757.15987952,464.0
2725162.4647638523,1270773.7663212032,467.0
2725162.5795352003,1270745.8283520672,462.0
2725162.6607487337,1270749.1886287706,463.0
2725162.7184581645,1270760.6071980775,465.0
2725162.7262056028,1270743.7779746747,461.0
2725162.830800264,1270767.2041505042,466.0
2725162.9355450696,1270779.8214100935,468.0
2725162.938242647,1270759.8037257362,465.0
2725162.972644915,1270757.3167636134,464.0
2725163.17733417,1270785.6638538039,469.0
2725163.1885786364,1270745.4818033176,462.0
2725163.301014476,1270743.3808459209,461.0
2725163.3345800634,1270749.383185558,463.0
2725163.4209068194,1270773.4286034931,467.0
2725163.6074739005,1270759.2297095796,465.0
2725163.6665492356,1270757.6123486776,464.0
2725163.7971676067,1270745.1362751063,462.0
2725163.8108858136,1270767.0081803538,466.0
2725163.9181871507,1270779.5260754307,468.0
2725163.9310854236,1270743.082165659,461.0
2725163.970970354,1270749.6864256756,463.0
2725164.1863355497,1270785.2933467682,469.0
2725164.3824917423,1270744.7511201347,462.0
2725164.3955360632,1270757.79423891,464.0
2725164.404912684,1270773.1878617825,467.0
2725164.4109745016,1270790.9723154213,470.0
2725164.4332074146,1270758.9321873782,465.0
2725164.572126357,1270750.044282576,463.0
2725164.587965587,1270742.843397305,461.0
2725164.7836959166,1270766.7858421898,466.0
2725164.907744147,1270779.2682793534,468.0
2725164.974813757,1270744.3767072859,462.0
2725165.115373847,1270757.9830284892,464.0
2725165.179482506,1270750.4006694115,463.0
2725165.2026446383,1270742.5151811703,461.0
2725165.219917543,1270785.1513994928,469.0
2725165.227286787,1270790.3796372917,470.0
2725165.311075312,1270758.804761763,465.0
2725165.3951972104,1270772.9654618027,467.0
2725165.577525044,1270744.0202935878,462.0
2725165.60609153,1270766.2414873468,466.0
2725165.7740654107,1270758.3303352564,464.0
2725165.830919626,1270750.6371414114,463.0
2725165.8588770307,1270742.2794260522,461.0
2725165.875906096,1270778.9336520587,468.0
2725166.0905061625,1270759.102462885,465.0
2725166.1588206748,1270789.9665734835,470.0
2725166.1990716225,1270743.6972596592,462.0
2725166.292576907,1270785.0628261913,469.0
2725166.3508449094,1270758.8203674788,464.0
2725166.3644626364,1270772.68186061,467.0
2725166.364944085,1270750.8701168336,463.0
2725166.4818761246,1270741.9642262098,461.0
2725166.534918122,1270765.9937254735,466.0
2725166.8187412885,1270743.3701480352,462.0
2725166.835437902,1270751.3724257788,463.0
2725166.853627298,1270778.6901504928,468.0
2725166.9304699674,1270759.246521188,465.0
2725167.0538092046,1270759.0184157514,464.0
2725167.112075191,1270741.665763337,461.0
2725167.1213716855,1270789.6630145253,470.0
2725167.1801190176,1270795.7726292098,471.0
2725167.355808203,1270784.905618855,469.0
2725167.36985603,1270772.5489622299,467.0
2725167.453056596,1270743.0736446383,462.0
2725167.453947466,1270765.8115310716,466.0
2725167.531936184,1270751.445286985,463.0
2725167.6566922246,1270741.2444087255,461.0
2725167.728683274,1270764.8508120063,466.0
2725167.805590513,1270759.3360507807,465.0
2725167.810649269,1270759.0609581827,464.0
2725167.8107943223,1270778.368767293,468.0
2725168.0223217,1270795.301830783,471.0
2725168.0340478094,1270742.6870258432,462.0
2725168.1398315947,1270789.6543328855,470.0
2725168.195558443,1270784.2608322024,469.0
2725168.2133293655,1270751.2869667474,463.0
2725168.275728435,1270740.9281951492,461.0
2725168.361028073,1270772.3768629362,467.0
2725168.5452887253,1270758.990763636,464.0
2725168.5531577687,1270742.2181372922,462.0
2725168.562232429,1270764.318262384,466.0
2725168.584214855,1270759.2331546918,465.0
2725168.726816695,1270740.3946195254,461.0
2725168.8009863338,1270778.2049059595,468.0
2725168.897191955,1270741.641529488,462.0
2725168.9011312556,1270751.1654138812,463.0
2725168.9184343023,1270794.951591819,471.0
2725169.0813854327,1270783.665207919,469.0
2725169.1541113677,1270789.6347575628,470.0
2725169.1553917336,1270758.5551076178,464.0
2725169.170818826,1270755.163455767,464.0
2725169.177418682,1270737.5075484822,460.0
2725169.260186002,1270758.6637946288,465.0
2725169.2637072327,1270741.1144042974,462.0
2725169.2639092524,1270771.915097158,467.0
2725169.336634757,1270755.834038138,464.0
2725169.3539956706,1270740.155071044,461.0
2725169.364686112,1270763.7416356648,466.0
2725169.4693942424,1270754.484403938,464.0
2725169.50788565,1270756.5646879212,464.0
2725169.5709295813,1270751.0346308495,463.0
2725169.5828270493,1270757.958452366,464.0
2725169.607260541,1270762.812343904,466.0
2725169.6913388083,1270739.5739720317,461.0
2725169.7300556046,1270756.4990100993,465.0
2725169.742675446,1270766.9773556425,463.43233222089464
2725169.771991397,1270755.6723620682,465.0
2725169.7742610876,1270737.602396355,460.0
2725169.7859315593,1270794.5377101,471.0
2725169.7986655254,1270753.833131249,464.0
2725169.809320732,1270757.2591411602,464.0
2725169.816660643,1270778.0756220638,468.0
2725169.8844602536,1270740.7928381297,462.0
2725169.8902842915,1270758.057026771,465.0
2725169.9676932106,1270761.8808138014,466.0
2725169.9787396085,1270800.9076524486,472.0
2725170.0793896364,1270783.310918954,469.0
2725170.106491678,1270789.3714780398,470.0
2725170.128925158,1270771.384059787,467.0
2725170.1554546384,1270757.2425527866,465.0
2725170.211469263,1270739.3238453295,461.0
2725170.2576044,1270750.9205096192,463.0
2725170.2832658384,1270767.6969124698,463.43233222089464
2725170.337361217,1270737.3589095562,460.0
2725170.4985312466,1270740.4669648837,462.0
2725170.533620564,1270766.383132483,463.43233222089464
2725170.5389122805,1270753.6656853089,464.0
2725170.6456157947,1270755.513320295,465.0
2725170.7416222766,1270794.4471366182,471.0
2725170.7604759224,1270800.3842765475,472.0
2725170.7709615207,1270777.6974402699,468.0
2725170.7717678435,1270738.9127823082,461.0
2725170.8238562304,1270768.4164692974,463.43233222089464
2725170.8438674826,1270761.7279017179,466.0
2725170.897656943,1270750.7264346727,463.0
2725170.9187013754,1270737.1723925795,460.0
2725170.9706459683,1270788.8312008576,470.0
2725171.0527061163,1270770.9742154705,467.0
2725171.074210956,1270767.1026893104,463.43233222089464
2725171.094230968,1270740.1003701205,462.0
2725171.115537968,1270762.8256883353,466.0
2725171.147300807,1270783.1676449738,469.0
2725171.20753913,1270752.0463599213,464.0
2725171.260200032,1270753.4358483134,464.0
2725171.3245656816,1270765.7889093235,463.43233222089464
2725171.347091876,1270754.991693263,465.0
2725171.364446623,1270769.1360261245,463.43233222089464
2725171.3856664826,1270738.5858913786,461.0
2725171.4173679836,1270750.2520062856,463.0
2725171.4483692124,1270751.4925472487,464.0
2725171.4518686705,1270752.757094806,464.0
2725171.452596443,1270799.7604589139,472.0
2725171.478802809,1270736.9226016595,460.0
2725171.4837544374,1270735.605055416,459.0
2725171.612325631,1270762.0772861233,466.0
2725171.614801348,1270767.822246138,463.43233222089464
2725171.6239562538,1270777.1308654968,468.0
2725171.6933719344,1270794.2874242612,471.0
2725171.706785097,1270739.7602161483,462.0
2725171.7968113218,1270762.4078812457,466.0
2725171.796834268,1270788.243677728,470.0
2725171.816406167,1270754.2682786149,465.0
2725171.865156073,1270766.508466151,463.4323322208947
2725171.9050370147,1270769.855582952,463.43233222089464
2725171.9530617665,1270735.3836230303,459.0
2725171.9615976196,1270749.8055319756,463.0
2725172.021580057,1270751.002221435,464.0
2725172.036402948,1270738.3340341696,461.0
2725172.0581866163,1270736.720582123,460.0
2725172.0673096757,1270734.9157293586,459.0
2725172.115510799,1270765.1946861641,463.43233222089464
2725172.15539174,1270768.5418029653,463.4323322208947
2725172.2076013954,1270782.9726268465,469.0
2725172.340954489,1270739.464295623,462.0
2725172.346344951,1270799.462994341,472.0
2725172.375736127,1270805.8658976068,473.0
2725172.405746466,1270767.2280229784,463.43233222089464
2725172.445627407,1270770.5751397796,463.43233222089464
2725172.449956489,1270776.5265419004,468.0
2725172.5176292127,1270749.3770332835,463.0
2725172.5690788752,1270750.4770176313,464.0
2725172.5735639688,1270793.919332343,471.0
2725172.618859532,1270753.887800345,465.0
2725172.6234537987,1270736.481232054,460.0
2725172.6344524054,1270737.9721912027,461.0
2725172.6561011914,1270765.9142429915,463.43233222089464
2725172.695982132,1270769.2613597927,463.4323322208947
2725172.7626825115,1270762.1491726774,466.0
2725172.770680832,1270787.947962907,470.0
2725172.9064559164,1270764.6004630045,463.43233222089464
2725172.9346536538,1270739.1066149361,462.0
2725172.9463368584,1270767.9475798057,463.43233222089464
2725172.9862177996,1270771.2946966067,463.43233222089464
2725173.0615169983,1270748.9290100397,463.0
2725173.078058536,1270782.3487560719,469.0
2725173.1481518648,1270805.378948894,473.0
2725173.196691584,1270766.6337998188,463.4323322208947
2725173.1997623574,1270736.2700520302,460.0
2725173.2133384645,1270737.5810342466,461.0
2725173.2337373877,1270799.1451350842,472.0
2725173.2354952157,1270775.8760882528,468.0
2725173.236572525,1270769.98091662,463.43233222089464
2725173.270420425,1270750.2561760778,464.0
2725173.357651867,1270793.3629504135,471.0
2725173.4310765574,1270753.5605652456,465.0
2725173.447046309,1270765.3200198319,463.43233222089464
2725173.4869272504,1270768.667136633,463.43233222089464
2725173.518245262,1270738.734274027,462.0
2725173.5268081916,1270772.0142534343,463.43233222089464
2725173.598742954,1270751.931293112,465.0
2725173.628599035,1270752.8088618456,465.0
2725173.6429103804,1270761.7396267105,466.0
2725173.687990549,1270748.6247683957,463.0
2725173.697401034,1270764.0062398452,463.43233222089464
2725173.7372819753,1270767.3533566461,463.43233222089475
2725173.756760389,1270737.142889935,461.0
2725173.768975247,1270787.7412561083,470.0
2725173.777162917,1270770.7004734476,463.43233222089464
2725173.798468069,1270736.1365233662,460.0
2725173.9235667353,1270804.8855356297,473.0
2725173.9410477346,1270781.7065836166,469.0
2725173.9814283857,1270749.9993730718,464.0
2725173.9876367007,1270766.0395766592,463.4323322208946
2725174.027517643,1270769.3866934606,463.43233222089464
2725174.067398584,1270772.7338102616,463.43233222089464
2725174.067398584,1270772.7338102616,464.84233222089466
2725174.113713663,1270798.8008351575,472.0
2725174.134101897,1270738.4037775025,462.0
2725174.175124308,1270775.462522585,468.0
2725174.197083007,1270792.8872407756,471.0
2725174.237991426,1270764.7257966725,463.43233222089464
2725174.277872368,1270768.0729134737,463.43233222089464
2725174.288879855,1270736.6919622924,461.0
2725174.3177533094,1270771.420030275,463.43233222089464
2725174.3484789063,1270748.409009784,463.0
2725174.3746927762,1270735.989554265,460.0
2725174.3954059514,1270751.6742454648,465.0
2725174.488346152,1270763.4120166856,463.43233222089464
2725174.5185002144,1270761.2679687547,466.0
2725174.528227093,1270766.7591334868,463.4323322208946
2725174.568108035,1270770.1062502877,463.4323322208947
2725174.599987132,1270749.604789369,464.0
2725174.6079889764,1270773.453367089,464.8423322208947
2725174.725676387,1270738.0284247277,462.0
2725174.7379813707,1270804.45949875,473.0
2725174.765060778,1270787.525655716,470.0
2725174.778581818,1270765.4453534998,463.4323322208946
2725174.816410679,1270736.243543936,461.0
2725174.81846276,1270768.792470301,463.43233222089475
2725174.8216175037,1270735.5716471605,460.0
2725174.8583437013,1270772.1395871022,463.43233222089464
2725174.8583437013,1270772.1395871022,464.8423322208946
2725174.8804368023,1270781.177592113,469.0
2725174.887690286,1270747.9585838753,463.0
2725174.8921677126,1270810.0071857069,474.0
2725174.9125970243,1270798.3108497483,472.0
2725175.0289365435,1270764.131573513,463.43233222089464
2725175.068817485,1270767.478690314,463.43233222089464
2725175.1048545865,1270792.5620288092,471.0
2725175.1086984267,1270770.8258071155,463.4323322208947
2725175.148579369,1270774.1729239165,464.8423322208947
2725175.1882863007,1270751.331568894,465.0
2725175.230479124,1270749.1861867574,464.0
2725175.247296201,1270737.5620052998,462.0
2725175.2792912694,1270762.8177935262,463.4323322208947
2725175.2970428145,1270735.1926425644,460.0
2725175.319172211,1270766.1649103272,463.4323322208946
2725175.3590531526,1270769.5120271284,463.4323322208947
2725175.3989340947,1270772.8591439296,464.84233222089466
2725175.4339559777,1270747.5156448954,463.0
2725175.441681116,1270735.9315872332,461.0
2725175.462217026,1270761.300569676,466.0
2725175.5134384953,1270803.9708129826,473.0
2725175.5695269355,1270764.85113034,463.4323322208946
2725175.6094078775,1270768.1982471414,463.43233222089464
2725175.610636127,1270809.540840454,474.0
2725175.649288819,1270771.5453639426,463.43233222089464
2725175.649288819,1270771.5453639426,464.8423322208947
2725175.6588402754,1270787.053603189,470.0
2725175.6891697613,1270774.8924807438,464.8423322208948
2725175.7013651873,1270797.7934124551,472.0
2725175.819881662,1270763.5373503536,463.4323322208947
2725175.828738635,1270780.6670161951,469.0
2725175.8541013775,1270737.2120965752,462.0
2725175.859762603,1270766.8844671545,463.43233222089464
2725175.876094589,1270735.001048157,460.0
2725175.8996435446,1270770.2315839557,463.43233222089464
2725175.939524486,1270773.578700757,464.84233222089466
2725175.939753527,1270748.9406923598,464.0
2725176.0028569633,1270735.5465009995,461.0
2725176.0040507866,1270747.1137913147,463.0
2725176.0494384104,1270792.38746679,471.0
2725176.05092546,1270751.311998637,465.0
2725176.0702363867,1270762.2235703666,463.43233222089464
2725176.1101173284,1270765.5706871678,463.4323322208946
2725176.14999827,1270768.917803969,463.4323322208946
2725176.1898792116,1270772.2649207704,464.8423322208947
2725176.229760153,1270775.612037571,464.84233222089466
2725176.238437389,1270803.4046792237,473.0
2725176.339366972,1270734.6128108276,460.0
2725176.346973648,1270809.1060964162,474.0
2725176.360472054,1270764.2569071809,463.4323322208947
2725176.400352995,1270767.6040239818,463.43233222089464
2725176.4402339365,1270770.9511407833,464.84233222089466
2725176.440233937,1270770.9511407833,463.43233222089464
2725176.460943371,1270797.2384413905,472.0
2725176.469695868,1270786.4384698253,470.0
2725176.4745786544,1270736.8868298922,462.0
2725176.478076476,1270813.961353514,475.0
2725176.480114879,1270774.2982575842,464.8423322208948
2725176.5303256176,1270748.4787173998,464.0
2725176.5507302345,1270735.1194103514,461.0
2725176.5958966836,1270746.7365467502,463.0
2725176.610826779,1270762.943127194,463.43233222089464
2725176.650707721,1270766.290243995,463.4323322208946
2725176.690588662,1270769.6373607963,463.43233222089464
2725176.730469604,1270772.9844775973,464.8423322208947
2725176.7703505456,1270776.3315943985,464.8423322208948
2725176.78076393,1270780.173172665,469.0
2725176.781563893,1270734.1871508933,460.0
2725176.8611815046,1270761.629347207,463.43233222089464
2725176.8821288943,1270751.006953508,465.0
2725176.901062446,1270764.9764640084,463.43233222089464
2725176.9409433873,1270768.3235808094,463.4323322208945
2725176.9513977766,1270802.8278711806,473.0
2725176.9808243294,1270771.6706976108,464.8423322208947
2725177.005398052,1270792.2605131627,471.0
2725177.007156064,1270736.4480628218,462.0
2725177.0207052706,1270775.0178144115,464.8423322208946
2725177.103285716,1270734.692736697,461.0
2725177.140889638,1270813.597404101,475.0
2725177.1514171716,1270763.6626840215,463.43233222089464
2725177.1585108954,1270808.8238381818,474.0
2725177.1851219023,1270746.3503702362,463.0
2725177.1912981127,1270767.0098008225,463.4323322208946
2725177.2237872058,1270748.532035771,464.0
2725177.2311790544,1270770.3569176237,463.43233222089464
2725177.2311790544,1270770.3569176237,464.84233222089466
2725177.2497098725,1270733.7922493278,460.0
2725177.2710599964,1270773.7040344249,464.8423322208947
2725177.302441697,1270785.8554118215,470.0
2725177.3109409376,1270777.0511512258,464.8423322208947
2725177.3280312787,1270796.8680091782,472.0
2725177.4017718965,1270762.3489040346,463.43233222089464
2725177.4416528386,1270765.6960208358,463.4323322208947
2725177.4815337793,1270769.0431376367,463.4323322208946
2725177.521414722,1270772.390254438,464.8423322208947
2725177.558955997,1270736.0220664712,462.0
2725177.561295663,1270775.7373712389,464.8423322208947
2725177.564033608,1270750.457619457,465.0
2725177.6153098857,1270734.2212218954,461.0
2725177.634874724,1270802.2258560793,473.0
2725177.6521266224,1270761.0351240477,463.43233222089464
2725177.6678907583,1270733.3429872466,460.0
2725177.692007564,1270764.3822408486,463.43233222089464
2725177.7318885047,1270767.7293576498,463.43233222089464
2725177.7610082063,1270779.7340002358,469.0
2725177.7717694473,1270771.076474451,464.8423322208947
2725177.811650388,1270774.423591252,464.8423322208947
2725177.812773192,1270746.0356342816,463.0
2725177.8343126224,1270813.273796162,475.0
2725177.85153133,1270777.770708053,464.8423322208947
2725177.876954466,1270748.1571630077,464.0
2725177.886280047,1270730.821362499,460.0
2725177.901122789,1270808.3891988117,474.0
2725177.9338226914,1270792.0095732964,471.0
2725177.942362289,1270763.0684608617,463.43233222089464
2725177.9822432306,1270766.415577663,463.43233222089464
2725177.9826267213,1270732.816431483,460.0
2725178.0221241717,1270769.7626944643,463.43233222089464
2725178.022124172,1270769.7626944643,464.84233222089466
2725178.0620051143,1270773.1098112653,464.8423322208948
2725178.1018860554,1270776.4569280662,464.84233222089466
2725178.133011734,1270785.265953978,470.0
2725178.1582258223,1270733.7814413896,461.0
2725178.1640748684,1270735.6702920222,462.0
2725178.1927170143,1270761.7546808748,463.43233222089464
2725178.232597956,1270765.1017976762,463.43233222089464
2725178.2520905933,1270796.6682328684,472.0
2725178.2636038815,1270731.3046447546,460.0
2725178.272478897,1270768.4489144771,463.43233222089464
2725178.312359839,1270771.7960312786,464.8423322208947
2725178.340772935,1270750.060484457,465.0
2725178.3414338743,1270801.646365114,473.0
2725178.3522407813,1270775.1431480795,464.84233222089483
2725178.392121722,1270778.4902648802,464.84233222089466
2725178.3954291423,1270745.6469734474,463.0
2725178.423138654,1270732.4011823563,460.0
2725178.44307174,1270760.4409008883,463.4323322208947
2725178.462416782,1270812.83393483,475.0
2725178.4829526814,1270763.7880176893,463.43233222089464
2725178.522833623,1270767.1351344904,463.4323322208947
2725178.5305572907,1270747.772628793,464.0
2725178.5623116363,1270807.8401379022,474.0
2725178.5627145646,1270770.4822512914,464.8423322208947
2725178.5652203383,1270731.8383509521,460.0
2725178.602595506,1270773.8293680926,464.84233222089466
2725178.642476448,1270777.1764848935,464.84233222089466
2725178.7272832803,1270736.9522247599,462.0
2725178.733307407,1270762.4742377023,463.43233222089464
2725178.734453233,1270736.281630967,462.0
2725178.743839072,1270733.4032864338,461.0
2725178.7511026296,1270817.7440859268,476.0
2725178.773188348,1270765.8213545035,463.43233222089464
2725178.809804722,1270791.6125596473,471.0
2725178.8130692896,1270769.1684713047,463.43233222089464
2725178.8130692896,1270769.1684713047,464.84233222089466
2725178.829497144,1270735.7319028103,462.0
2725178.8529502316,1270772.5155881057,464.8423322208947
2725178.892831173,1270775.8627049068,464.8423322208947
2725178.9296777854,1270784.6480657351,470.0
2725178.930243715,1270745.1890059647,463.0
2725178.983662132,1270761.1604577156,463.4323322208947
2725179.0235430733,1270764.5075745166,463.43233222089464
2725179.0634240154,1270767.8546913178,463.43233222089464
2725179.103304957,1270771.201808119,464.8423322208947
2725179.106168555,1270749.610437598,465.0
2725179.14115046,1270807.2069565798,474.0
2725179.1431858987,1270774.5489249201,464.8423322208948
2725179.1653129053,1270801.2380050668,473.0
2725179.178770484,1270796.490417578,472.0
2725179.180506663,1270732.85842986,461.0
2725179.1830668394,1270777.8960417209,464.8423322208946
2725179.188625887,1270812.5860307098,475.0
2725179.2055352936,1270747.4255489542,464.0
2725179.234016857,1270759.8466777285,463.43233222089464
2725179.273897799,1270763.1937945297,463.43233222089464
2725179.3137787404,1270766.5409113308,463.4323322208946
2725179.353659682,1270769.888028132,464.8423322208947
2725179.3665577513,1270737.2166814264,462.0
2725179.3720617974,1270817.4142223245,476.0
2725179.3935406236,1270773.235144933,464.84233222089466
2725179.433421565,1270776.5822617342,464.8423322208947
2725179.5242525246,1270761.880014543,463.4323322208947
2725179.5258653797,1270790.9669158722,471.0
2725179.539335977,1270744.8483643723,463.0
2725179.5641334653,1270765.227131344,463.43233222089464
2725179.604014408,1270768.5742481453,463.4323322208947
2725179.604014408,1270768.5742481453,464.8423322208947
2725179.6438953495,1270771.9213649463,464.8423322208948
2725179.6837762906,1270775.2684817472,464.8423322208947
2725179.773889771,1270806.6287459694,474.0
2725179.7746072495,1270760.566234556,463.43233222089464
2725179.8042658805,1270732.5466657758,461.0
2725179.814488191,1270763.9133513572,463.43233222089464
2725179.8281287714,1270812.171595775,475.0
2725179.854369133,1270767.2604681584,463.43233222089464
2725179.8638762273,1270784.2496759773,470.0
2725179.894250075,1270770.6075849594,464.8423322208947
2725179.903719646,1270747.129496355,464.0
2725179.9081890155,1270816.9537151712,476.0
2725179.9099679007,1270749.2464085603,465.0
2725179.934131016,1270773.9547017606,464.8423322208947
2725179.959390682,1270800.7887323508,473.0
2725179.974011957,1270777.3018185613,464.8423322208947
2725180.024961975,1270759.252454569,463.43233222089464
2725180.0399130597,1270737.3898971877,462.0
2725180.0648429166,1270762.5995713705,463.4323322208947
2725180.104723858,1270765.9466881715,463.4323322208946
2725180.1047723806,1270796.3011539162,472.0
2725180.1446048003,1270769.293804973,464.8423322208948
2725180.155305994,1270745.0827267193,463.0
2725180.184485741,1270772.6409217736,464.8423322208946
2725180.224366683,1270775.9880385748,464.8423322208947
2725180.3144010594,1270790.4162182515,471.0
2725180.315197642,1270761.2857913834,463.43233222089464
2725180.3550785836,1270764.6329081848,463.43233222089464
2725180.3691494693,1270756.4072786716,466.0
2725180.372501116,1270757.403011412,466.0
2725180.386630416,1270806.0240193694,474.0
2725180.3949595247,1270767.9800249857,463.43233222089464
2725180.3949595247,1270767.9800249857,464.84233222089466
2725180.4131202037,1270811.6846495944,475.0
2725180.423519645,1270732.234851645,461.0
2725180.434840467,1270771.327141787,464.8423322208947
2725180.4747214084,1270774.6742585879,464.8423322208947
2725180.523358129,1270746.7082060121,464.0
2725180.545530579,1270816.659859288,476.0
2725180.565552367,1270759.9720113964,463.43233222089464
2725180.605433309,1270763.3191281979,463.4323322208947
2725180.622759793,1270748.7321463674,465.0
2725180.64531425,1270766.6662449988,463.43233222089464
2725180.650467687,1270778.371730953,469.0
2725180.685195192,1270770.0133618,464.8423322208947
2725180.725076134,1270773.360478601,464.8423322208947
2725180.728256436,1270737.4972435655,462.0
2725180.7468891577,1270744.8124791316,463.0
2725180.764957075,1270776.707595402,464.84233222089466
2725180.7758978964,1270783.9066728922,470.0
2725180.7788084196,1270755.518750701,466.0
2725180.8159070928,1270758.6582314097,463.43233222089464
2725180.8557880344,1270762.005348211,463.43233222089464
2725180.858853109,1270800.608255119,473.0
2725180.895668976,1270765.3524650119,463.43233222089464
2725180.9355499176,1270768.6995818133,464.8423322208947
2725180.9704119475,1270795.9507555754,472.0
2725180.9754308583,1270772.046698614,464.84233222089466
2725181.015311801,1270775.3938154152,464.8423322208947
2725181.042329574,1270731.9675645763,461.0
2725181.0425136667,1270805.4671640738,474.0
2725181.0848411936,1270811.3122181664,475.0
2725181.1061427593,1270760.691568224,463.43233222089464
2725181.1460237014,1270764.0386850252,463.4323322208947
2725181.154212431,1270789.9453473059,471.0
2725181.158460481,1270744.2485946277,463.0
2725181.1850706236,1270746.3490380053,464.0
2725181.1859046426,1270767.3858018261,463.43233222089464
2725181.1859046426,1270767.3858018261,464.8423322208947
2725181.200251205,1270816.3933678947,476.0
2725181.2257855847,1270770.7329186276,464.8423322208948
2725181.265666526,1270774.0800354283,464.8423322208947
2725181.294474754,1270737.8819427579,462.0
2725181.356497485,1270759.3777882373,463.43233222089464
2725181.376386992,1270748.2839757574,465.0
2725181.3920912547,1270754.741510326,466.0
2725181.396378427,1270762.7249050383,463.43233222089464
2725181.436259368,1270766.0720218394,463.4323322208946
2725181.4761403096,1270769.4191386406,464.8423322208947
2725181.5160212517,1270772.7662554416,464.8423322208947
2725181.5559021924,1270776.1133722423,464.84233222089466
2725181.576408365,1270783.2888243883,470.0
2725181.584106009,1270732.3116866157,461.0
2725181.5912021454,1270777.8478437543,469.0
2725181.60685221,1270758.0640082501,463.43233222089464
2725181.6467331517,1270761.4111250513,463.4323322208946
2725181.6866140934,1270764.7582418525,463.4323322208947
2725181.726495035,1270768.1053586537,464.8423322208947
2725181.74328091,1270810.9152109064,475.0
2725181.749893486,1270804.9794091072,474.0
2725181.7644799436,1270800.4543184726,473.0
2725181.764626515,1270795.4390214602,472.0
2725181.7663759766,1270771.4524754547,464.8423322208947
2725181.782803004,1270815.9936750121,476.0
2725181.8062569182,1270774.7995922556,464.8423322208947
2725181.8183232676,1270744.039692093,463.0
2725181.8424802218,1270745.9734175596,464.0
2725181.8970878776,1270760.0973450646,463.43233222089464
2725181.9369688183,1270763.4444618656,463.4323322208947
2725181.97684976,1270766.7915786668,463.43233222089464
2725181.9768497604,1270766.7915786668,464.8423322208946
2725181.977434097,1270737.9125693138,462.0
2725181.9950684467,1270789.4764074045,471.0
2725182.0167307025,1270770.138695468,464.8423322208948
2725182.056611643,1270773.4858122687,464.8423322208947
2725182.0795629304,1270732.0146119152,461.0
2725182.1474426026,1270758.7835650775,463.43233222089464
2725182.164970339,1270747.9865093029,465.0
2725182.172294431,1270754.1193963203,466.0
2725182.187323544,1270762.1306818787,463.43233222089464
2725182.227204486,1270765.4777986798,463.4323322208947
2725182.2670854274,1270768.824915481,464.8423322208947
2725182.2880247273,1270820.236991999,477.0
2725182.306966369,1270772.1720322822,464.8423322208947
2725182.34684731,1270775.519149083,464.84233222089466
2725182.3506967993,1270810.4463910898,475.0
2725182.393310018,1270815.6381186421,476.0
2725182.397797328,1270757.4697850908,463.43233222089464
2725182.4193934486,1270782.7183201949,470.0
2725182.4376782696,1270760.816901892,463.43233222089464
2725182.45108982,1270743.8022452488,463.0
2725182.4775592107,1270764.164018693,463.4323322208946
2725182.493043544,1270745.5924077062,464.0
2725182.5079310136,1270804.5787107702,474.0
2725182.5174401524,1270767.5111354943,464.8423322208947
2725182.557321094,1270770.858252295,464.84233222089466
2725182.5850674855,1270794.9694988201,472.0
2725182.5856430847,1270777.4474015543,469.0
2725182.5972020356,1270774.2053690962,464.8423322208947
2725182.6120342147,1270731.5716371438,461.0
2725182.620478532,1270738.18999086,462.0
2725182.635385383,1270800.2217298157,473.0
2725182.688032995,1270759.503121905,463.43233222089464
2725182.7279139366,1270762.8502387062,463.43233222089464
2725182.7677948778,1270766.1973555072,464.84233222089466
2725182.767794878,1270766.1973555074,463.4323322208947
2725182.8050584053,1270788.9520877958,471.0
2725182.8076758194,1270769.5444723084,464.8423322208947
2725182.8475567615,1270772.8915891093,464.8423322208947
2725182.8859832864,1270747.5051187512,465.0
2725182.918099374,1270753.4608809801,466.0
2725182.93838772,1270758.189341918,463.43233222089464
2725182.950919401,1270809.96835569,475.0
2725182.961976665,1270815.2200073677,476.0
2725182.9782686615,1270761.5364587193,463.43233222089464
2725183.018149603,1270764.8835755202,463.43233222089464
2725183.058030545,1270768.2306923214,464.8423322208947
2725183.0979114864,1270771.5778091224,464.8423322208947
2725183.137792428,1270774.9249259233,464.84233222089466
2725183.1457983665,1270743.9127068191,463.0
2725183.1763607347,1270745.30703047,464.0
2725183.188742446,1270756.8755619312,463.43233222089464
2725183.228623387,1270760.2226787324,463.43233222089464
2725183.2499819216,1270731.3229332548,461.0
2725183.268504328,1270763.5697955335,463.43233222089464
2725183.2706288616,1270752.5388740585,466.0
2725183.300426501,1270738.3137165827,462.0
2725183.305803632,1270804.3028905897,474.0
2725183.30838527,1270766.9169123345,464.8423322208947
2725183.3084434355,1270782.2229137698,470.0
2725183.3482662113,1270770.2640291355,464.8423322208947
2725183.388147154,1270773.611145937,464.8423322208947
2725183.431069889,1270794.5531140743,472.0
2725183.4789781123,1270758.9088987454,463.43233222089464
2725183.4965322623,1270799.9080586436,473.0
2725183.511300138,1270776.906741141,469.0
2725183.518859054,1270762.2560155466,463.4323322208947
2725183.5587399956,1270765.6031323476,463.43233222089464
2725183.5587399956,1270765.6031323478,464.8423322208947
2725183.579328023,1270814.8922157215,476.0
2725183.598620937,1270768.950249149,464.84233222089483
2725183.6045522336,1270730.7234022494,461.0
2725183.6072254167,1270809.570600395,475.0
2725183.612219961,1270788.4311375746,471.0
2725183.629826228,1270747.02818781,465.0
2725183.638501879,1270772.29736595,464.8423322208947
2725183.7293328377,1270757.5951187587,463.43233222089464
2725183.7692137794,1270760.9422355597,463.43233222089464
2725183.8090947205,1270764.2893523609,463.43233222089464
2725183.831379207,1270744.077044159,463.0
2725183.8489756626,1270767.636469162,464.84233222089466
2725183.8888566038,1270770.983585963,464.8423322208947
2725183.9287375454,1270774.330702764,464.8423322208947
2725183.9312667805,1270751.7883265598,466.0
2725183.933179766,1270745.3322875493,464.0
2725183.9709666893,1270738.5097236643,462.0
2725183.979687563,1270756.2813387718,463.43233222089464
2725184.0195685043,1270759.6284555728,463.43233222089464
2725184.0594494464,1270762.975572374,463.4323322208947
2725184.061735726,1270730.1961797473,461.0
2725184.0759292273,1270814.408578284,476.0
2725184.0917092087,1270803.9513784796,474.0
2725184.099330388,1270766.3226891754,464.8423322208947
2725184.139211329,1270769.669805976,464.8423322208946
2725184.1683371235,1270781.701873902,470.0
2725184.179092271,1270773.016922777,464.8423322208947
2725184.2119275755,1270776.0902263145,469.0
2725184.2142541287,1270799.349517846,473.0
2725184.2577412627,1270794.109967165,472.0
2725184.2699232297,1270758.3146755858,463.43233222089464
2725184.3098041713,1270761.661792387,463.4323322208947
2725184.319494516,1270809.2868167518,475.0
2725184.349685113,1270765.0089091882,463.43233222089464
2725184.349685113,1270765.0089091882,464.8423322208947
2725184.3547752886,1270787.814751451,471.0
2725184.3895660546,1270768.3560259892,464.8423322208947
2725184.429446996,1270771.7031427901,464.8423322208947
2725184.502241857,1270746.9469576795,465.0
2725184.5104652774,1270729.6677347273,461.0
2725184.5202779556,1270757.0008955991,463.43233222089464
2725184.5206432175,1270744.2251337562,463.0
2725184.5441259183,1270750.9972482831,466.0
2725184.560158897,1270760.3480124003,463.43233222089464
2725184.6000398383,1270763.6951292017,463.4323322208947
2725184.6207200065,1270728.3409350615,461.0
2725184.6233942565,1270725.556070084,461.0
2725184.632769591,1270813.976582826,476.0
2725184.6399207804,1270767.0422460025,464.8423322208948
2725184.6461206777,1270724.8576253434,461.0
2725184.659000059,1270738.5622957714,462.0
2725184.678810617,1270745.4470531,464.0
2725184.6798017216,1270770.3893628037,464.8423322208948
2725184.6829553004,1270726.2506140023,461.0
2725184.6863093683,1270729.0365452971,461.0
2725184.687967937,1270727.6451989496,461.0
2725184.704815532,1270726.948330356,461.0
2725184.719682663,1270773.7364796044,464.84233222089466
2725184.7706326805,1270755.6871156124,463.43233222089464
2725184.810513622,1270759.0342324134,463.43233222089464
2725184.845475138,1270803.5465252341,474.0
2725184.8503945637,1270762.3813492146,463.4323322208946
2725184.8902755054,1270765.7284660158,464.8423322208947
2725184.9301564465,1270769.0755828165,464.84233222089466
2725184.9355278565,1270808.8423751693,475.0
2725184.9700373886,1270772.4226996177,464.8423322208947
2725184.9715625867,1270750.108457738,466.0
2725184.998290245,1270781.1307852045,470.0
2725185.052550935,1270793.601709859,472.0
2725185.060868347,1270757.7204524265,463.43233222089464
2725185.063620179,1270799.0012879195,473.0
2725185.1007492896,1270761.067569228,463.43233222089464
2725185.140630231,1270764.4146860288,463.43233222089464
2725185.140630231,1270764.4146860288,464.84233222089466
2725185.1763861845,1270775.6258614815,469.0
2725185.180511173,1270767.76180283,464.8423322208947
2725185.208246386,1270787.4110918897,471.0
2725185.2191989706,1270744.3009800094,463.0
2725185.220392114,1270771.1089196308,464.8423322208947
2725185.2336094077,1270813.6035355204,476.0
2725185.311223073,1270756.4066724395,463.43233222089464
2725185.344421196,1270738.4374637753,462.0
2725185.3511040146,1270759.7537892407,463.43233222089464
2725185.381436525,1270746.8594473447,465.0
2725185.3909849557,1270763.1009060417,463.43233222089464
2725185.430865898,1270766.448022843,464.8423322208947
2725185.4337377734,1270745.428597398,464.0
2725185.460574697,1270808.3270023065,475.0
2725185.4707468394,1270769.795139644,464.8423322208947
2725185.5106277806,1270773.1422564448,464.8423322208947
2725185.5539900777,1270803.0657195554,474.0
2725185.561577799,1270755.0928924528,463.4323322208947
2725185.6014587395,1270758.4400092538,463.43233222089464
2725185.641339681,1270761.787126055,463.4323322208946
2725185.681220623,1270765.1342428564,464.8423322208947
2725185.7117795916,1270749.4832169623,466.0
2725185.7211015644,1270768.4813596571,464.8423322208947
2725185.760982506,1270771.8284764583,464.8423322208947
2725185.848877248,1270798.5358923827,473.0
2725185.8518134654,1270757.126229267,463.43233222089464
2725185.8527530776,1270813.2613295177,476.0
2725185.8703021947,1270744.0655432362,463.0
2725185.891694407,1270760.4733460683,463.43233222089464
2725185.9281497253,1270786.7777418776,471.0
2725185.9315753486,1270763.8204628692,463.43233222089464
2725185.9315753486,1270763.8204628692,464.84233222089466
2725185.9320840295,1270793.2763100474,472.0
2725185.97145629,1270767.1675796704,464.8423322208947
2725185.9907932747,1270780.937484994,470.0
2725186.0113372314,1270770.5146964714,464.84233222089466
2725186.016867806,1270738.3531042538,462.0
2725186.032596535,1270775.2093463624,469.0
2725186.1021681903,1270755.8124492802,463.43233222089464
2725186.1134495544,1270807.952627807,475.0
2725186.142049132,1270759.1595660814,463.43233222089464
2725186.147053754,1270745.1920128274,464.0
2725186.1819300735,1270762.5066828826,463.43233222089464
2725186.2218110156,1270765.8537996837,464.8423322208947
2725186.2348823147,1270746.6157621795,465.0
2725186.2616919572,1270769.2009164845,464.8423322208947
2725186.3015728984,1270772.5480332854,464.8423322208946
2725186.312991697,1270802.6880837195,474.0
2725186.352522916,1270754.4986692932,463.43233222089464
2725186.392403858,1270757.8457860944,463.43233222089464
2725186.411681419,1270743.6144091794,463.0
2725186.432284799,1270761.1929028956,463.43233222089464
2725186.4444594583,1270774.3237332627,469.0
2725186.4721657406,1270764.5400196968,464.8423322208947
2725186.4735638434,1270797.8888690367,473.0
2725186.485483476,1270812.9449278505,476.0
2725186.5120466817,1270767.8871364975,464.8423322208947
2725186.5135956914,1270807.3138814068,475.0
2725186.5519276233,1270771.2342532987,464.8423322208947
2725186.569570522,1270748.9809178263,466.0
2725186.6427585827,1270756.5320061077,463.4323322208947
2725186.682458976,1270738.534336175,462.0
2725186.6826395243,1270759.8791229087,463.43233222089464
2725186.7000132347,1270786.2100214364,471.0
2725186.722520466,1270763.2262397099,463.43233222089464
2725186.722520466,1270763.2262397099,464.84233222089466
2725186.7624014076,1270766.573356511,464.8423322208948
2725186.764256952,1270792.8283957574,472.0
2725186.802282349,1270769.920473312,464.8423322208947
2725186.8479055576,1270744.9027102075,464.0
2725186.8931133077,1270755.2182261206,463.43233222089464
2725186.901164106,1270780.5515958895,470.0
2725186.9329942497,1270758.565342922,463.43233222089464
2725186.9685290516,1270743.1892491155,463.0
2725186.9728751914,1270761.912459723,463.43233222089464
2725186.9731219253,1270802.1457429074,474.0
2725187.012756133,1270765.2595765241,464.8423322208947
2725187.0423037023,1270746.2546748626,465.0
2725187.0526370746,1270768.606693325,464.8423322208948
2725187.0592101812,1270812.54028477,476.0
2725187.0925180158,1270771.9538101258,464.84233222089466
2725187.1372806616,1270739.0456846845,462.0
2725187.1434680335,1270753.9044461339,463.43233222089464
2725187.156764757,1270806.902034063,475.0
2725187.1833489756,1270757.251562935,463.43233222089464
2725187.207718867,1270748.2463912838,466.0
2725187.2232299163,1270760.598679736,463.43233222089464
2725187.2299272483,1270797.425741745,473.0
2725187.2631108584,1270763.9457965372,464.8423322208947
2725187.3029917995,1270767.2929133382,464.8423322208947
2725187.3426711364,1270773.7420192107,469.0
2725187.3428727416,1270770.6400301394,464.8423322208947
2725187.4337037,1270755.9377829481,463.43233222089464
2725187.4735846417,1270759.2848997493,463.43233222089464
2725187.5134655833,1270762.6320165503,463.43233222089464
2725187.5134655833,1270762.6320165503,464.84233222089466
2725187.524743459,1270744.5593445217,464.0
2725187.5415779967,1270812.037800901,476.0
2725187.5468323547,1270742.7904799378,463.0
2725187.5533465254,1270765.9791333515,464.8423322208948
2725187.5638655927,1270792.3318940266,472.0
2725187.5932274666,1270769.3262501524,464.8423322208948
2725187.598745502,1270785.8916081786,471.0
2725187.6474531507,1270806.3206275795,475.0
2725187.684058426,1270754.6240029612,463.43233222089464
2725187.6990930624,1270801.69788564,474.0
2725187.7239393676,1270757.9711197624,463.43233222089475
2725187.736706736,1270739.308761495,462.0
2725187.7567438874,1270780.0028736826,470.0
2725187.763820309,1270761.3182365636,463.4323322208946
2725187.803701251,1270764.6653533648,464.8423322208947
2725187.809702563,1270745.8091314952,465.0
2725187.8435821924,1270768.0124701657,464.8423322208948
2725187.8834631336,1270771.3595869665,464.8423322208947
2725187.934413151,1270753.3102229743,463.43233222089464
2725187.9742940925,1270756.6573397755,463.43233222089464
2725188.014175034,1270760.0044565767,463.43233222089464
2725188.0184167842,1270747.689076405,466.0
2725188.054055976,1270763.3515733778,464.8423322208947
2725188.0872616926,1270797.1038915063,473.0
2725188.0939369174,1270766.6986901786,464.84233222089466
2725188.0960938716,1270742.3485713166,463.0
2725188.099522605,1270811.6403782829,476.0
2725188.133817859,1270770.0458069798,464.8423322208947
2725188.147989125,1270744.1310411529,464.0
2725188.224648818,1270755.3435597885,463.43233222089464
2725188.26452976,1270758.69067659,463.43233222089464
2725188.279395615,1270805.927265647,475.0
2725188.3044107007,1270762.037793391,463.43233222089464
2725188.304410701,1270762.037793391,464.8423322208946
2725188.334107456,1270791.7865021476,472.0
2725188.344291643,1270765.3849101919,464.8423322208947
2725188.3524664287,1270739.5790290325,462.0
2725188.377608246,1270773.5141811722,469.0
2725188.384172585,1270768.7320269928,464.8423322208947
2725188.3928078534,1270801.233985459,474.0
2725188.4281976353,1270811.0585729922,476.0
2725188.4750035433,1270754.0297798016,463.43233222089464
2725188.4821214974,1270785.5186672553,471.0
2725188.514884485,1270757.3768966028,463.43233222089464
2725188.5547654266,1270760.724013404,463.43233222089464
2725188.594646368,1270764.0711302052,464.8423322208947
2725188.629728685,1270741.8881175183,463.0
2725188.63452731,1270767.4182470061,464.8423322208948
2725188.6378954854,1270745.4885091253,465.0
2725188.663104519,1270779.536737131,470.0
2725188.674408251,1270770.7653638069,464.8423322208947
2725188.725358269,1270752.715999815,463.43233222089464
2725188.7502336404,1270743.670033762,464.0
2725188.7652392103,1270756.063116616,463.43233222089464
2725188.8051201524,1270759.4102334173,463.4323322208947
2725188.8450010936,1270762.7573502185,464.8423322208947
2725188.863150436,1270747.167006016,466.0
2725188.883211182,1270796.654464899,473.0
2725188.8842484723,1270810.5558905436,476.0
2725188.884882035,1270766.1044670192,464.84233222089466
2725188.915908234,1270800.577897936,474.0
2725188.9247629764,1270769.4515838204,464.8423322208947
2725188.933444338,1270805.647078156,475.0
2725189.0155939357,1270754.7493366292,463.43233222089464
2725189.037032283,1270739.563946464,462.0
2725189.0554748774,1270758.0964534301,463.43233222089464
2725189.095355819,1270761.4435702316,463.43233222089464
2725189.095355819,1270761.4435702316,464.8423322208947
2725189.135236761,1270764.7906870327,464.8423322208948
2725189.1590471216,1270772.8656547675,469.0
2725189.171047939,1270741.4371055525,463.0
2725189.175117702,1270768.1378038335,464.8423322208947
2725189.186492276,1270791.37849166,472.0
2725189.265948661,1270753.4355566422,463.43233222089464
2725189.3058296023,1270756.7826734434,463.43233222089464
2725189.331229936,1270785.0830416041,471.0
2725189.331849437,1270744.949064,465.0
2725189.345710544,1270760.1297902446,463.43233222089464
2725189.383484015,1270743.2530874484,464.0
2725189.3855914855,1270763.4769070456,464.8423322208947
2725189.407470258,1270810.1576352885,476.0
2725189.4254724276,1270766.8240238468,464.8423322208948
2725189.4651322234,1270805.1014066255,475.0
2725189.465353369,1270770.1711406475,464.84233222089466
2725189.516303386,1270752.1217766553,463.43233222089464
2725189.5221323203,1270778.9919684136,470.0
2725189.5547625152,1270720.6166580701,461.0
2725189.556184328,1270755.4688934565,463.43233222089464
2725189.562461201,1270800.0124397883,474.0
2725189.59606527,1270758.8160102577,463.43233222089464
2725189.600371656,1270796.083728569,473.0
2725189.635946212,1270762.1631270591,464.8423322208947
2725189.649430792,1270746.5530394535,466.0
2725189.675827152,1270765.5102438596,464.84233222089466
2725189.685180028,1270809.5083859102,476.0
2725189.7157080946,1270768.8573606608,464.8423322208947
2725189.732739175,1270739.6166403499,462.0
2725189.743164165,1270741.025738886,463.0
2725189.806539053,1270754.1551134698,463.43233222089464
2725189.8464199947,1270757.5022302708,463.43233222089464
2725189.8863009363,1270760.849347072,463.4323322208947
2725189.8863009363,1270760.849347072,464.8423322208947
2725189.926181878,1270764.1964638731,464.8423322208947
2725189.941971817,1270721.195110295,461.0
2725189.9660628196,1270767.543580674,464.8423322208947
2725189.9797826083,1270742.7835060358,464.0
2725189.9987769043,1270790.8960248206,472.0
2725190.0551412813,1270744.4348247524,465.0
2725190.0568937785,1270752.8413334826,463.43233222089464
2725190.0770124923,1270772.499010054,469.0
2725190.0967747206,1270756.1884502838,463.43233222089464
2725190.118531274,1270804.6986512265,475.0
2725190.1366556617,1270759.5355670848,463.4323322208946
2725190.145812126,1270784.5861232935,471.0
2725190.176536604,1270762.8826838864,464.8423322208948
2725190.216417545,1270766.2298006872,464.8423322208948
2725190.2242083214,1270809.0704392046,476.0
2725190.256298486,1270769.576917488,464.84233222089466
2725190.292818922,1270721.799655144,461.0
2725190.307248504,1270751.527553496,463.43233222089464
2725190.3191319983,1270799.6185439266,474.0
2725190.323112797,1270740.6347172295,463.0
2725190.3471294455,1270754.874670297,463.43233222089464
2725190.367008955,1270778.4215306966,470.0
2725190.3870103867,1270758.221787098,463.4323322208946
2725190.3994146986,1270739.4098369265,462.0
2725190.41147191,1270795.6748768953,473.0
2725190.4268913288,1270761.5689038995,464.84233222089483
2725190.4667722704,1270764.9160207002,464.8423322208946
2725190.4955274127,1270746.0294405923,466.0
2725190.506653212,1270768.2631375012,464.8423322208947
2725190.539690267,1270742.273702322,464.0
2725190.5974841705,1270753.56089031,463.43233222089464
2725190.6243764795,1270722.4129719904,461.0
2725190.6373651125,1270756.9080071114,463.43233222089464
2725190.6772460537,1270760.2551239124,463.43233222089464
2725190.6772460537,1270760.2551239124,464.84233222089466
2725190.6866923305,1270804.1872149433,475.0
2725190.7171269963,1270763.6022407138,464.8423322208947
2725190.7426168756,1270808.5898885843,476.0
2725190.7570079374,1270766.9493575145,464.8423322208947
2725190.7773711644,1270743.9181362542,465.0
2725190.826258732,1270790.439887255,472.0
2725190.8478388963,1270752.247110323,463.43233222089464
2725190.8486355348,1270719.223677818,460.0
2725190.8547508935,1270740.172431639,463.0
2725190.887719838,1270755.5942271245,463.43233222089464
2725190.8909295276,1270814.8859460356,477.0
2725190.927600779,1270758.9413439257,463.43233222089464
2725190.9674817217,1270762.2884607266,464.8423322208948
2725190.993135997,1270739.1069023353,462.0
2725191.007362663,1270765.6355775278,464.8423322208947
2725191.013123626,1270784.1868205927,471.0
2725191.047243604,1270768.9826943285,464.84233222089466
2725191.077505146,1270741.7452694045,464.0
2725191.0798822283,1270772.257829715,469.0
2725191.0923713846,1270799.2400847361,474.0
2725191.0981936217,1270750.9333303364,463.43233222089464
2725191.138074563,1270754.2804471375,463.43233222089464
2725191.1779555045,1270757.6275639385,463.4323322208946
2725191.2178364466,1270760.9746807397,464.8423322208947
2725191.2233700734,1270777.8882419644,470.0
2725191.2521339143,1270722.6471514383,461.0
2725191.2577173878,1270764.3217975406,464.84233222089466
2725191.2593422025,1270795.3210401211,473.0
2725191.2624411336,1270745.3882740785,466.0
2725191.2975983294,1270767.6689143418,464.8423322208947
2725191.311063036,1270803.7407974275,475.0
2725191.3546064235,1270808.2353357056,476.0
2725191.368525779,1270739.690301559,463.0
2725191.3884292888,1270752.9666671506,463.4323322208946
2725191.399381281,1270719.1836090714,460.0
2725191.4283102304,1270756.3137839518,463.43233222089464
2725191.4299241332,1270814.4634116148,477.0
2725191.4346648804,1270743.3210895588,465.0
2725191.4681911715,1270759.660900753,463.43233222089464
2725191.4681911715,1270759.660900753,464.8423322208947
2725191.5080721136,1270763.0080175542,464.8423322208948
2725191.5120320534,1270738.6374115003,462.0
2725191.547953055,1270766.355134355,464.8423322208947
2725191.6310120407,1270789.944280659,472.0
2725191.6387840137,1270751.6528871637,463.43233222089464
2725191.6786649553,1270755.0000039649,463.43233222089464
2725191.718545897,1270758.3471207663,463.43233222089464
2725191.749886356,1270741.3970234082,464.0
2725191.758426839,1270761.694237567,464.8423322208947
2725191.79830778,1270765.0413543684,464.8423322208947
2725191.8049038877,1270783.6751958937,471.0
2725191.838188722,1270768.388471169,464.84233222089466
2725191.853004561,1270813.9252844783,477.0
2725191.8800462293,1270798.893092543,474.0
2725191.8891387396,1270750.339107177,463.4323322208947
2725191.8945935704,1270718.9596874814,460.0
2725191.9170834213,1270739.2482970892,463.0
2725191.926732142,1270722.8228332433,461.0
2725191.9290196807,1270753.6862239782,463.43233222089464
2725191.9338929653,1270777.1700679215,470.0
2725191.968900622,1270757.0333407791,463.43233222089464
2725191.9802688835,1270807.9244608628,476.0
2725191.9982785266,1270803.3955773998,475.0
2725192.0087815644,1270760.3804575803,464.8423322208947
2725192.0322132744,1270771.773962515,469.0
2725192.048662505,1270763.7275743813,464.8423322208947
2725192.0675160456,1270738.2128617861,462.0
2725192.073757056,1270744.8181508884,466.0
2725192.088543447,1270767.0746911825,464.8423322208947
2725192.1162370215,1270794.9916307796,473.0
2725192.1763781738,1270742.8357791994,465.0
2725192.179374406,1270752.3724439912,463.43233222089464
2725192.2192553477,1270755.7195607922,463.43233222089464
2725192.25182194,1270813.3680054666,477.0
2725192.2591362894,1270759.0666775934,463.43233222089464
2725192.2591362894,1270759.0666775934,464.84233222089466
2725192.299017231,1270762.4137943946,464.8423322208948
2725192.316325781,1270740.8953609883,464.0
2725192.3388981726,1270765.7609111955,464.8423322208948
2725192.4297291315,1270751.0586640043,463.4323322208947
2725192.448549886,1270718.977384129,460.0
2725192.4696100727,1270754.4057808055,463.43233222089464
2725192.481607168,1270789.5338283218,472.0
2725192.4881137153,1270738.8350519864,463.0
2725192.5094910143,1270757.7528976065,463.4323322208947
2725192.5493719564,1270761.1000144077,464.8423322208947
2725192.5774004753,1270802.9026937108,475.0
2725192.589252898,1270764.4471312088,464.8423322208948
2725192.614075847,1270798.444826601,474.0
2725192.6145598846,1270807.6285555724,476.0
2725192.6158222947,1270722.7966795634,461.0
2725192.629133839,1270767.7942480096,464.8423322208946
2725192.644449131,1270776.4448996284,470.0
2725192.644454068,1270783.2041567846,471.0
2725192.680083857,1270749.7448840174,463.43233222089464
2725192.68368464,1270737.8908137996,462.0
2725192.7199647985,1270753.0920008183,463.43233222089464
2725192.735699749,1270718.4906756259,460.0
2725192.759845739,1270756.4391176195,463.43233222089464
2725192.7997266813,1270759.7862344212,464.8423322208947
2725192.8079496697,1270744.146131368,466.0
2725192.839607623,1270763.133351222,464.84233222089466
2725192.879488565,1270766.4804680229,464.8423322208947
2725192.8812115015,1270742.2959002133,465.0
2725192.8839703645,1270813.1003050385,477.0
2725192.9228433445,1270794.5501601535,473.0
2725192.9289486697,1270740.4556090843,464.0
2725192.970319524,1270751.7782208319,463.43233222089464
2725192.9926659605,1270771.2952827872,469.0
2725193.0102004656,1270755.1253376328,463.43233222089464
2725193.0359469536,1270738.395001746,463.0
2725193.0500814067,1270758.472454434,463.43233222089464
2725193.050081407,1270758.4724544343,464.8423322208947
2725193.089962349,1270761.8195712352,464.8423322208948
2725193.1298432904,1270765.166688036,464.8423322208947
2725193.132667011,1270737.3617329088,462.0
2725193.16586505,1270722.3887413442,461.0
2725193.1983231395,1270718.135205727,460.0
2725193.202399103,1270734.6243096266,462.0
2725193.2190636606,1270802.4920631782,475.0
2725193.2206742493,1270750.464440845,463.4323322208947
2725193.241428597,1270735.3069886027,462.0
2725193.2484782995,1270788.9957401168,472.0
2725193.2515436797,1270807.3230223088,476.0
2725193.260555191,1270753.811557646,463.43233222089464
2725193.296453001,1270782.5014272192,471.0
2725193.300436132,1270757.1586744469,463.43233222089464
2725193.311262788,1270733.9332413203,462.0
2725193.3112949426,1270736.7022718352,462.0
2725193.3229723456,1270736.0018718718,462.0
2725193.3403170737,1270760.5057912483,464.8423322208947
2725193.380198016,1270763.8529080492,464.8423322208947
2725193.410197172,1270812.6799986204,477.0
2725193.4200789565,1270767.20002485,464.8423322208947
2725193.4351646546,1270798.2188782375,474.0
2725193.43871394,1270733.2444379653,462.0
2725193.4610960437,1270775.8379325364,470.0
2725193.4710289743,1270749.1506608578,463.43233222089464
2725193.481465921,1270717.0303592253,460.0
2725193.4956890577,1270717.642039564,460.0
2725193.510909916,1270752.497777659,463.43233222089464
2725193.5182623863,1270739.9856331465,464.0
2725193.5507908575,1270755.8448944602,463.43233222089464
2725193.554376943,1270737.9212590577,463.0
2725193.556073677,1270741.71945231,465.0
2725193.5906717996,1270759.1920112616,464.84233222089483
2725193.615254716,1270743.5679615,466.0
2725193.630552741,1270762.539128062,464.8423322208947
2725193.6417240514,1270801.855497556,475.0
2725193.670433683,1270765.8862448635,464.8423322208948
2725193.7002974395,1270794.0594428643,473.0
2725193.7419428406,1270732.659238762,462.0
2725193.7498194133,1270722.0062522336,461.0
2725193.761264642,1270751.1839976723,463.43233222089464
2725193.8011455825,1270754.5311144732,463.43233222089464
2725193.841026524,1270757.8782312744,463.43233222089464
2725193.841026524,1270757.8782312744,464.84233222089466
2725193.8796544475,1270807.0088078687,476.0
2725193.8803781983,1270770.6919691118,469.0
2725193.8809074666,1270761.2253480759,464.8423322208948
2725193.883965776,1270812.1981645168,477.0
2725193.9207884073,1270764.5724648763,464.8423322208947
2725193.962408283,1270781.813501664,471.0
2725194.0116193667,1270749.8702176851,463.43233222089464
2725194.0515003083,1270753.2173344865,463.4323322208947
2725194.0604898627,1270788.5119854405,472.0
2725194.0913812495,1270756.5644512877,463.43233222089464
2725194.0930752642,1270739.4980959608,464.0
2725194.1276792693,1270722.342732831,461.0
2725194.1312621925,1270759.911568089,464.8423322208947
2725194.1351573127,1270737.52302493,463.0
2725194.1428876156,1270797.750228565,474.0
2725194.171143133,1270763.2586848896,464.8423322208947
2725194.2094434127,1270741.1178673832,465.0
2725194.211024075,1270766.6058016906,464.8423322208947
2725194.2473903354,1270732.1757197527,462.0
2725194.261974092,1270748.5564376984,463.43233222089464
2725194.3018550337,1270751.9035544996,463.4323322208947
2725194.3276656424,1270721.650527832,461.0
2725194.331727227,1270775.385952386,470.0
2725194.341735975,1270755.2506713008,463.43233222089464
2725194.354966995,1270801.608823847,475.0
2725194.381616917,1270758.597788102,464.8423322208947
2725194.4214978586,1270761.9449049027,464.84233222089466
2725194.4319792665,1270735.5453255516,463.0
2725194.4397818698,1270806.5870344047,476.0
2725194.451321681,1270722.848458653,461.0
2725194.452759912,1270721.7506999727,461.0
2725194.4613787998,1270765.292021704,464.8423322208947
2725194.480627884,1270743.0661034836,466.0
2725194.4939065254,1270811.8806522689,477.0
2725194.5005348143,1270736.9385348728,463.0
2725194.5228957785,1270793.6525736894,473.0
2725194.5368098468,1270736.2416535616,463.0
2725194.552209759,1270750.5897745127,463.43233222089464
2725194.5920907003,1270753.9368913139,463.43233222089464
2725194.613516981,1270738.9458630092,464.0
2725194.631971642,1270757.284008115,463.43233222089464
2725194.631971642,1270757.284008115,464.84233222089466
2725194.6336394036,1270769.9210484773,469.0
2725194.671852584,1270760.6311249163,464.8423322208948
2725194.678592138,1270740.3712090557,465.0
2725194.6890470507,1270745.848013771,467.0
2725194.70104014,1270734.9464659984,463.0
2725194.711733525,1270763.978241717,464.8423322208947
2725194.7451085285,1270781.4326356736,471.0
2725194.7832919583,1270721.2555142231,461.0
2725194.802564484,1270749.2759945258,463.43233222089464
2725194.823061811,1270731.778991592,462.0
2725194.8424454257,1270752.623111327,463.43233222089464
2725194.8430001824,1270797.2518541003,474.0
2725194.8613486374,1270788.0122198872,472.0
2725194.8823263673,1270755.9702281281,463.43233222089464
2725194.9222073094,1270759.3173449293,464.8423322208948
2725194.949846955,1270734.3095503743,463.0
2725194.9620882506,1270762.6644617303,464.8423322208947
2725195.001969192,1270766.011578531,464.84233222089466
2725195.0185367377,1270746.77120516,467.0
2725195.0339343334,1270806.2091160582,476.0
2725195.036347513,1270801.2550571884,475.0
2725195.092800151,1270751.30933134,463.43233222089464
2725195.097213096,1270715.609961581,460.0
2725195.1012470024,1270745.046173569,467.0
2725195.1178260203,1270742.326126498,466.0
2725195.1259483085,1270811.6109328673,477.0
2725195.1326810927,1270754.6564481412,463.4323322208947
2725195.1442399975,1270722.8554157496,461.0
2725195.161405209,1270738.422556947,464.0
2725195.172562035,1270758.0035649426,464.8423322208947
2725195.212442976,1270761.3506817436,464.8423322208947
2725195.2523239176,1270764.6977985443,464.8423322208947
2725195.3008437757,1270775.6522950404,470.0
2725195.3087834883,1270793.1801273564,473.0
2725195.322431399,1270731.2885225941,462.0
2725195.3411599863,1270715.2072238992,460.0
2725195.3431548765,1270749.9955513533,463.43233222089464
2725195.3769778647,1270769.1509093437,469.0
2725195.383035818,1270753.3426681543,463.43233222089464
2725195.4229167597,1270756.6897849555,463.43233222089464
2725195.4229167597,1270756.6897849555,464.84233222089466
2725195.430559068,1270747.6907034742,467.0
2725195.4599655545,1270739.9641698715,465.0
2725195.462797702,1270760.0369017567,464.8423322208947
2725195.502678643,1270763.3840185574,464.84233222089466
2725195.5346370474,1270733.921515685,463.0
2725195.551155513,1270796.774076486,474.0
2725195.587656524,1270780.9768990737,471.0
2725195.598185401,1270787.4202421173,472.0
2725195.604833103,1270805.7912870357,476.0
2725195.633390543,1270752.0288881673,463.43233222089464
2725195.65772182,1270800.8078779755,475.0
2725195.673271485,1270755.3760049685,463.4323322208947
2725195.7131524268,1270758.7231217697,464.8423322208947
2725195.7240248034,1270737.9131448267,464.0
2725195.7308555827,1270741.5351971865,466.0
2725195.753033369,1270762.070238571,464.84233222089483
2725195.7817077013,1270811.405910425,477.0
2725195.790422009,1270730.7770372746,462.0
2725195.7929143095,1270765.4173553716,464.8423322208947
2725195.8077621185,1270744.598736785,467.0
2725195.82201492,1270722.6933428298,461.0
2725195.883745269,1270750.7151081804,463.43233222089464
2725195.9236262105,1270754.0622249818,463.4323322208947
2725195.963507152,1270757.409341783,464.8423322208947
2725195.9837286123,1270733.39602514,463.0
2725195.9858266385,1270792.5576844416,473.0
2725196.003388093,1270760.7564585838,464.8423322208947
2725196.0432690354,1270764.103575385,464.8423322208947
2725196.0947262505,1270737.2524836871,464.0
2725196.1241314155,1270775.107709104,470.0
2725196.1739809355,1270752.748444995,463.43233222089464
2725196.1791991647,1270739.4474708452,465.0
2725196.213861877,1270756.095561796,463.4323322208947
2725196.2138618776,1270756.095561796,464.8423322208947
2725196.2505572615,1270805.5181720315,476.0
2725196.253742819,1270759.442678597,464.8423322208947
2725196.2622961802,1270786.752469007,472.0
2725196.2649824508,1270768.5433314103,469.0
2725196.293623761,1270762.7897953985,464.8423322208947
2725196.3272525845,1270800.4342075672,475.0
2725196.339739199,1270796.4288639505,474.0
2725196.367391999,1270811.0590227381,477.0
2725196.3931181817,1270730.4515491882,462.0
2725196.4243356613,1270751.434665008,463.43233222089464
2725196.444939213,1270780.5546498252,471.0
2725196.464216603,1270754.7817818092,463.43233222089464
2725196.4710356453,1270722.6377254839,461.0
2725196.504097544,1270758.1288986104,464.8423322208947
2725196.543978486,1270761.4760154116,464.8423322208948
2725196.5489281006,1270736.6527823415,464.0
2725196.5659650727,1270741.034420793,466.0
2725196.5838594274,1270764.823132212,464.84233222089466
2725196.6133561097,1270733.1168569648,463.0
2725196.6268911147,1270774.2255173686,470.0
2725196.7102573668,1270791.9921152107,473.0
2725196.714571328,1270753.4680018222,463.4323322208946
2725196.75445227,1270756.8151186234,464.84233222089483
2725196.794333211,1270760.1622354244,464.8423322208946
2725196.822731698,1270744.5885708071,467.0
2725196.8342141532,1270763.5093522256,464.8423322208948
2725196.873677087,1270738.896028967,465.0
2725196.8810895816,1270729.9494199823,462.0
2725196.884392081,1270786.047908728,472.0
2725196.8901237305,1270805.243618129,476.0
2725196.908663382,1270810.640369269,477.0
2725196.9492367916,1270767.7256853487,469.0
2725196.9649260533,1270752.1542218355,463.43233222089464
2725196.9920036793,1270800.056866699,475.0
2725197.004806995,1270755.5013386365,463.43233222089464
2725197.004806995,1270755.5013386365,464.8423322208947
2725197.044687937,1270758.8484554377,464.8423322208947
2725197.0515945577,1270795.9515138469,474.0
2725197.0845688777,1270762.1955722384,464.8423322208947
2725197.133195362,1270722.8549237072,461.0
2725197.1439582976,1270736.1969617922,464.0
2725197.2312705596,1270779.9967979519,471.0
2725197.251353303,1270732.828456526,463.0
2725197.2551617203,1270754.1875586496,463.43233222089464
2725197.2891125428,1270773.4578390396,470.0
2725197.295042662,1270757.534675451,464.8423322208947
2725197.334923604,1270760.8817922517,464.8423322208948
2725197.3459007717,1270804.7194952848,476.0
2725197.3500925614,1270713.4912621523,460.0
2725197.374804545,1270764.228909053,464.8423322208947
2725197.452228206,1270740.7272931212,466.0
2725197.4761453355,1270729.616382587,462.0
2725197.4811074375,1270791.491494772,473.0
2725197.488881898,1270810.27353126,477.0
2725197.5055164457,1270752.8737786626,463.43233222089464
2725197.54094875,1270785.3808761544,472.0
2725197.545397388,1270756.220895464,464.8423322208947
2725197.5852783285,1270759.5680122648,464.8423322208947
2725197.6251592706,1270762.915129066,464.8423322208947
2725197.6472507976,1270738.5661295867,465.0
2725197.701589418,1270799.7613377913,475.0
2725197.7200050997,1270744.2339708866,467.0
2725197.7510314756,1270804.1442234777,476.0
2725197.7816319666,1270722.6462886396,461.0
2725197.7901995494,1270767.0533060504,469.0
2725197.7957521123,1270754.907115477,463.43233222089464
2725197.7957521128,1270754.9071154771,464.84233222089466
2725197.8044287073,1270795.5358799326,474.0
2725197.835633055,1270758.2542322783,464.84233222089483
2725197.8411720917,1270779.296458272,471.0
2725197.862245033,1270736.1291672874,464.0
2725197.875513996,1270761.601349079,464.8423322208947
2725197.9116284293,1270713.257918597,460.0
2725197.955693391,1270732.8356314437,463.0
2725198.046106838,1270753.5933354902,463.43233222089464
2725198.0859877802,1270756.9404522914,464.8423322208948
2725198.1115702842,1270772.8561530125,470.0
2725198.1212222464,1270810.0071631623,477.0
2725198.1258687214,1270760.2875690921,464.8423322208948
2725198.165749662,1270763.634685893,464.84233222089466
2725198.1718715834,1270729.5584865976,462.0
2725198.254950547,1270790.9947103756,473.0
2725198.296854565,1270799.2804503895,475.0
2725198.3323122067,1270743.4280119373,467.0
2725198.3363425047,1270755.6266723047,464.8423322208947
2725198.353230029,1270803.7750857964,476.0
2725198.366413731,1270784.9269152351,472.0
2725198.3762234463,1270758.9737891054,464.8423322208947
2725198.416104388,1270762.3209059066,464.8423322208947
2725198.431355071,1270740.8103534388,466.0
2725198.442322381,1270722.4884361224,461.0
2725198.5276144696,1270738.6638650233,465.0
2725198.540792833,1270778.6352125853,471.0
2725198.541435919,1270795.0951539972,474.0
2725198.58669723,1270754.3128923175,463.43233222089464
2725198.58669723,1270754.3128923175,464.84233222089466
2725198.590510181,1270736.3424117148,464.0
2725198.593118189,1270733.0484844376,463.0
2725198.593816343,1270766.3446317432,469.0
2725198.626578172,1270757.660009119,464.8423322208948
2725198.6664591134,1270761.0071259197,464.8423322208947
2725198.778719431,1270809.8117445116,477.0
2725198.7925393395,1270729.8655664036,462.0
2725198.8769328976,1270756.346229132,464.84233222089466
2725198.878010735,1270772.1869224238,470.0
2725198.916813839,1270759.693345933,464.84233222089483
2725198.931581842,1270733.6373012508,463.0
2725198.9550141045,1270803.4748967895,476.0
2725198.9566947804,1270763.0404627337,464.84233222089466
2725198.968013868,1270790.4146969507,473.0
2725198.982752125,1270798.9346615623,475.0
2725199.007816892,1270736.9351584287,464.0
2725199.1272876225,1270755.032449145,464.8423322208947
2725199.132234689,1270734.3131804783,463.0
2725199.1345279706,1270722.5857935227,461.0
2725199.1541974167,1270777.8978485095,471.0
2725199.1671685637,1270758.379565946,464.8423322208947
2725199.1779704294,1270739.212054417,465.0
2725199.207049506,1270761.726682747,464.8423322208947
2725199.22198807,1270784.5262050342,472.0
2725199.222447059,1270743.4050527879,467.0
2725199.3114520563,1270794.7175678355,474.0
2725199.321013086,1270730.3256107355,462.0
2725199.3538518157,1270809.4400651567,477.0
2725199.3772027735,1270741.0800990413,466.0
2725199.384011003,1270765.6210379351,469.0
2725199.4175232896,1270757.0657859591,464.8423322208948
2725199.457404231,1270760.4129027603,464.8423322208947
2725199.4915852295,1270730.9934263723,462.0
2725199.544988234,1270737.4193105497,464.0
2725199.5918573784,1270803.2479295838,476.0
2725199.602911673,1270771.4744147635,470.0
2725199.667878015,1270755.7520059724,464.8423322208947
2725199.6712591336,1270731.6452532895,462.0
2725199.6753263846,1270789.8281113324,473.0
2725199.68013798,1270739.9443977037,465.0
2725199.6951009994,1270798.659498789,475.0
2725199.7077589566,1270759.0991227734,464.8423322208948
2725199.7208297285,1270734.6519777447,463.0
2725199.7331511164,1270808.8713155342,477.0
2725199.7476398977,1270762.446239574,464.84233222089466
2725199.830748443,1270722.5599926843,461.0
2725199.890751127,1270777.2802263882,471.0
2725199.9581136815,1270757.7853427862,464.84233222089466
2725199.9979946236,1270761.1324595877,464.8423322208948
2725200.004272666,1270794.2090298787,474.0
2725200.04109466,1270764.7719410176,469.0
2725200.048121498,1270784.0675476226,472.0
2725200.0762789915,1270741.7462566479,466.0
2725200.0948135005,1270736.7532522134,464.0
2725200.197299553,1270802.8872363365,476.0
2725200.2084684074,1270756.4715627998,464.8423322208948
2725200.2133269245,1270743.480085204,467.0
2725200.248349349,1270759.8186796007,464.8423322208948
2725200.2574115237,1270737.4059970928,464.0
2725200.287595172,1270731.8418616983,462.0
2725200.2889264855,1270798.1814394542,475.0
2725200.2943406263,1270734.4913107934,463.0
2725200.297505085,1270789.159015079,473.0
2725200.3049148973,1270808.4937345511,477.0
2725200.3469416085,1270739.8012531833,465.0
2725200.378007911,1270736.0666793485,464.0
2725200.381545392,1270733.7946939315,463.0
2725200.3979939613,1270738.9148047094,465.0
2725200.470611384,1270770.9589601455,470.0
2725200.496948481,1270754.2436361841,468.0
2725200.4987040744,1270758.504899614,464.8423322208947
2725200.521537684,1270735.3214624566,464.0
2725200.522499821,1270722.5003454108,461.0
2725200.5385850156,1270761.8520164147,464.8423322208947
2725200.5396190286,1270742.4398776065,466.0
2725200.5419972045,1270733.1297430503,463.0
2725200.5761097097,1270738.0455614924,465.0
2725200.725623584,1270783.4215884316,472.0
2725200.729420775,1270793.7544092569,474.0
2725200.749058799,1270757.1911196269,464.84233222089466
2725200.754837788,1270776.8566597623,471.0
2725200.755768444,1270763.9694449687,469.0
2725200.779080589,1270731.3898304673,462.0
2725200.7831369014,1270753.261156836,468.0
2725200.7889397414,1270760.538236428,464.8423322208947
2725200.791173023,1270734.6312705239,464.0
2725200.8175234366,1270730.692480974,462.0
2725200.8180076187,1270802.548781083,476.0
2725200.866737683,1270797.6785339261,475.0
2725200.8881584434,1270737.2301182314,465.0
2725200.923856756,1270732.537931471,463.0
2725200.932356217,1270808.2204053313,477.0
2725201.0392944664,1270759.2244564414,464.84233222089466
2725201.0533014736,1270752.2796915642,468.0
2725201.0661293156,1270788.6915773232,473.0
2725201.087926892,1270730.0667659193,462.0
2725201.129187619,1270741.4319037588,466.0
2725201.1563168303,1270740.4555186366,466.0
2725201.1631285665,1270722.6706515134,461.0
2725201.1768568344,1270745.93821777,468.0
2725201.203487973,1270743.5819613372,467.0
2725201.2059082184,1270746.9040733427,468.0
2725201.220114745,1270731.901239577,463.0
2725201.2698775865,1270751.2833035113,468.0
2725201.289649192,1270757.9106764544,464.8423322208948
2725201.320841171,1270734.1416306077,464.0
2725201.3233212274,1270770.4022594532,470.0
2725201.329530133,1270761.2577932552,464.8423322208947
2725201.3739033546,1270763.090089957,469.0
2725201.382381276,1270736.4994116677,465.0
2725201.396914446,1270782.786009763,472.0
2725201.403743681,1270802.1551707678,476.0
2725201.443314407,1270742.3494463798,466.0
2725201.4577528257,1270776.2110662614,471.0
2725201.465874361,1270733.4019535151,464.0
2725201.474310653,1270793.3232953488,474.0
2725201.481975089,1270729.4877104214,462.0
2725201.4821234876,1270730.5564970523,463.0
2725201.4859366305,1270731.2604878189,463.0
2725201.489922602,1270797.233562476,475.0
2725201.4997449084,1270807.8343488069,477.0
2725201.5453026537,1270739.5733486903,466.0
2725201.579884859,1270759.9440132687,464.8423322208947
2725201.7649015402,1270750.399539164,468.0
2725201.799582949,1270735.7356193713,465.0
2725201.813512681,1270738.6486399942,466.0
2725201.8174000927,1270722.5295807023,461.0
2725201.8302395837,1270758.6302332818,464.8423322208947
2725201.853180267,1270788.2290809292,473.0
2725201.8558415514,1270730.0086546277,463.0
2725201.8644345193,1270781.9847447216,472.0
2725201.8893390624,1270732.780095985,464.0
2725201.8976171166,1270769.570377477,470.0
2725201.938024661,1270737.7106190484,466.0
2725201.990591125,1270762.21200857,469.0
2725202.0152291823,1270801.848337919,476.0
2725202.0224108687,1270745.4041826644,468.0
2725202.0316301845,1270749.41314701,468.0
2725202.0578714083,1270729.198129275,462.0
2725202.1204752503,1270760.6635700958,464.84233222089466
2725202.14063006,1270743.9462996616,467.0
2725202.153412102,1270796.8446982512,475.0
2725202.1668717065,1270747.1904256004,468.0
2725202.1682111165,1270792.8141535087,474.0
2725202.1780200778,1270775.5891897562,471.0
2725202.370829976,1270759.349790109,464.8423322208947
2725202.383851173,1270732.2070753311,464.0
2725202.4025388174,1270781.2325302598,472.0
2725202.405905598,1270735.0954079037,465.0
2725202.465103654,1270722.431459649,461.0
2725202.4688759493,1270748.4842790528,468.0
2725202.471153151,1270729.8586647217,463.0
2725202.476843773,1270768.7340426333,470.0
2725202.5836645057,1270801.4863951397,476.0
2725202.5964883603,1270739.4632299775,467.0
2725202.6144654714,1270736.9744218588,466.0
2725202.616699908,1270787.721094361,473.0
2725202.627473438,1270738.4487558303,467.0
2725202.646687974,1270740.4652254204,467.0
2725202.709797674,1270796.317597752,475.0
2725202.7485438194,1270742.308092846,467.0
2725202.750028485,1270729.2753576515,462.0
2725202.7734983983,1270746.6136526028,468.0
2725202.806521649,1270731.5807026476,464.0
2725202.818991479,1270774.8725491476,471.0
2725202.856650304,1270792.298318153,474.0
2725202.8591127326,1270738.1174194058,467.0
2725202.888119844,1270730.1765529653,463.0
2725202.911420368,1270760.0693469362,464.84233222089466
2725202.9152353494,1270747.6207158198,468.0
2725202.9265885754,1270741.3175279647,467.0
2725203.0324382177,1270745.395398973,468.0
2725203.034454787,1270744.4123442066,467.0
2725203.0349518303,1270722.0302482848,461.0
2725203.084423415,1270730.9324488065,464.0
2725203.0855411906,1270743.2317126894,467.0
2725203.147931247,1270734.6415994063,465.0
2725203.153666426,1270780.670102876,472.0
2725203.1713229925,1270768.006562505,470.0
2725203.172581596,1270801.1033717575,476.0
2725203.176141031,1270739.068021281,467.0
2725203.316616947,1270787.1287914943,473.0
2725203.375408627,1270795.9347418058,475.0
2725203.3800799153,1270736.3461355965,466.0
2725203.396859249,1270729.4934710967,462.0
2725203.4219777207,1270730.269385836,464.0
2725203.468589307,1270729.7915340704,463.0
2725203.4937270554,1270791.7195418705,474.0
2725203.5542938374,1270774.2493666126,471.0
2725203.5754397535,1270722.2210557056,461.0
2725203.7372783762,1270743.9545536581,467.0
2725203.79551323,1270734.047231006,465.0
2725203.8278803267,1270800.8415436635,476.0
2725203.852959894,1270767.2514292477,470.0
2725203.893128139,1270738.6100575582,467.0
2725203.916911023,1270730.798298113,465.0
2725203.9451358076,1270786.4605029328,473.0
2725203.964647307,1270730.076355631,465.0
2725203.9647339764,1270795.4573097038,475.0
2725203.981272349,1270729.7613424212,464.0
2725203.9956340645,1270780.271501741,472.0
2725204.0274045873,1270729.2601245968,462.0
2725204.0505456235,1270745.3335602842,468.0
2725204.093050777,1270729.472917835,463.0
2725204.125115332,1270735.6809910373,466.0
2725204.157265912,1270791.1712257327,474.0
2725204.1931110565,1270722.2823513187,461.0
2725204.223590703,1270773.580849343,471.0
2725204.225721361,1270731.6257746585,465.0
2725204.228980538,1270722.8663411727,461.0
2725204.2831428037,1270733.3101428307,465.0
2725204.337274488,1270732.4801477198,465.0
2725204.465222905,1270800.5438191327,476.0
2725204.4930803706,1270728.743164957,462.0
2725204.5301273637,1270758.8809094916,469.0
2725204.5356393764,1270728.9394061016,463.0
2725204.5401797136,1270729.2603469857,464.0
2725204.5872865855,1270766.5470203978,470.0
2725204.595718679,1270729.4544619035,465.0
2725204.6123392084,1270737.9126305887,467.0
2725204.6187581164,1270795.230547118,475.0
2725204.637601927,1270785.8565825035,473.0
2725204.703935162,1270779.6930915434,472.0
2725204.7050207313,1270742.8388005036,468.0
2725204.776538525,1270734.9241156345,466.0
2725204.8663306874,1270790.6856864362,474.0
2725204.9051586455,1270772.9406062644,471.0
2725204.9547118465,1270728.3761073353,463.0
2725204.955980674,1270728.2202035189,462.0
2725204.9593798677,1270728.6336354078,464.0
2725204.996920352,1270800.1307507195,476.0
2725205.0274795215,1270743.7605231209,468.0
2725205.052586426,1270745.1114515483,468.0
2725205.071428437,1270741.000018442,468.0
2725205.1991318273,1270728.817340453,465.0
2725205.2076508906,1270765.7470532549,470.0
2725205.2214379674,1270741.9514411194,468.0
2725205.2399417297,1270758.0754252374,469.0
2725205.248030484,1270737.123252871,467.0
2725205.266995834,1270785.1882607618,473.0
2725205.2958818665,1270794.9144875184,475.0
2725205.3756437087,1270734.1309634685,466.0
2725205.381912618,1270757.0269134224,469.0
2725205.4249806814,1270779.0881884953,472.0
2725205.442724385,1270728.0679488569,464.0
2725205.447829298,1270727.7233665185,462.0
2725205.469036448,1270727.8995511797,463.0
2725205.471372769,1270772.1602856726,471.0
2725205.5799624124,1270799.855971904,476.0
2725205.583773475,1270790.2270783037,474.0
2725205.6185945002,1270755.9853858803,469.0
2725205.702199708,1270740.2379514752,468.0
2725205.7510666857,1270728.6932999333,465.0
2725205.867533547,1270731.3745697578,466.0
2725205.8699501604,1270754.9399847568,469.0
2725205.8702294035,1270764.9882053947,470.0
2725205.879264949,1270727.184595191,462.0
2725205.8829446724,1270736.3320892935,467.0
2725205.927014773,1270744.1971463084,468.0
2725205.929663756,1270784.5619515122,473.0
2725205.942060502,1270733.3328852567,466.0
2725205.9432905037,1270794.5030658902,475.0
2725205.9796302486,1270732.3654496835,466.0
2725205.983360746,1270727.4189152461,463.0
2725206.0384461153,1270739.2962027253,468.0
2725206.0519537767,1270744.91448132,468.0
2725206.0837795883,1270730.412314403,466.0
2725206.0864969813,1270728.0396648296,464.0
2725206.1229611877,1270771.4503250557,471.0
2725206.1563106645,1270789.5844228263,474.0
2725206.1721630623,1270799.5186404097,476.0
2725206.196692845,1270778.5420534424,472.0
2725206.257492869,1270753.940363634,469.0
2725206.2630584007,1270726.6160324523,462.0
2725206.2671936178,1270738.3216694223,468.0
2725206.357009419,1270726.8290849812,463.0
2725206.375906983,1270735.4463554895,467.0
2725206.397379104,1270764.11785782,470.0
2725206.4149194844,1270728.1239958776,465.0
2725206.44258312,1270727.641805498,464.0
2725206.4489825596,1270793.9675074532,475.0
2725206.462021693,1270752.8867814401,469.0
2725206.511208577,1270726.9107382938,464.0
2725206.685818397,1270799.0361061604,476.0
2725206.688345382,1270751.834214637,469.0
2725206.6943778456,1270729.6348786785,466.0
2725206.6972120083,1270784.055277213,473.0
2725206.7470447565,1270770.7241816204,471.0
2725206.7559130806,1270788.9689025152,474.0
2725206.814643341,1270726.2694523488,462.0
2725206.8339822358,1270777.8473302966,472.0
2725206.874917314,1270726.6347562247,463.0
2725206.9105399977,1270734.584492147,467.0
2725206.9167239526,1270793.3790866593,475.0
2725206.938205391,1270727.4375139775,465.0
2725206.9683826105,1270737.611191974,468.0
2725206.991781214,1270750.8000785331,469.0
2725207.039436261,1270726.970374193,464.0
2725207.219252593,1270763.5885063852,470.0
2725207.2457998185,1270749.7527437555,469.0
2725207.2653276646,1270726.5397818617,462.0
2725207.272192244,1270788.2846038295,474.0
2725207.2751873136,1270733.6426723911,467.0
2725207.3005018774,1270783.370806809,473.0
2725207.3518580617,1270798.8795242968,476.0
2725207.3575212853,1270728.8921250396,466.0
2725207.3702576,1270726.846966422,463.0
2725207.4143900857,1270736.6985642412,468.0
2725207.4496837817,1270792.839183734,475.0
2725207.4902514527,1270770.1193658162,471.0
2725207.4942308087,1270746.99376219,469.0
2725207.5111816064,1270777.2152462034,472.0
2725207.5385044524,1270748.7225487963,469.0
2725207.605284684,1270732.6859871934,467.0
2725207.809716193,1270731.7094288669,467.0
2725207.8286356116,1270735.7850282118,468.0
2725207.8431136915,1270798.4014547972,476.0
2725207.9035701538,1270746.5280252672,469.0
2725207.918918561,1270787.72018942,474.0
2725207.9300173223,1270728.0763032867,466.0
2725207.9720312064,1270762.9070428887,470.0
2725207.97472407,1270747.7403428138,469.0
2725207.9944406706,1270782.7789884892,473.0
2725208.0460091084,1270730.7701730002,467.0
2725208.0513138957,1270776.4632751895,472.0
2725208.0685673105,1270792.4055466687,475.0
2725208.181032404,1270734.8273916945,468.0
2725208.2411263403,1270769.527295657,471.0
2725208.3274195064,1270797.8935890063,476.0
2725208.4419528195,1270775.6596791972,472.0
2725208.5194768496,1270791.8138676498,475.0
2725208.6487189587,1270787.2646796477,474.0
2725208.6762910374,1270782.1641426312,473.0
2725208.7041186993,1270730.0577555655,467.0
2725208.776255666,1270762.2989198163,470.0
2725208.857676439,1270797.4270215095,476.0
2725208.896320042,1270734.1978885252,468.0
2725208.969393397,1270746.4092058656,469.0
2725208.9758493598,1270768.9025464596,471.0
2725209.104443831,1270791.3183177656,475.0
2725209.1141948802,1270774.995302941,472.0
2725209.2721188054,1270796.8588639467,476.0
2725209.3082946963,1270786.714803042,474.0
2725209.3182117776,1270733.32326286,468.0
2725209.3492381466,1270781.5510821862,473.0
2725209.399895781,1270732.312424817,468.0
2725209.5431506243,1270761.6277170358,470.0
2725209.5769334137,1270731.32067463,468.0
2725209.586556767,1270768.1583331584,471.0
2725209.763033857,1270774.3089738558,472.0
2725209.7660195543,1270790.9464944154,475.0
2725209.7738912357,1270796.3605209626,476.0
2725209.946645381,1270786.1405971018,474.0
2725209.9761566413,1270746.4397691889,469.0
2725210.025813465,1270780.9352238982,473.0
2725210.1717833616,1270760.8343777081,470.0
2725210.2217222,1270790.3301658737,475.0
2725210.287621687,1270795.8745852243,476.0
2725210.3159034844,1270767.532045857,471.0
2725210.5367519557,1270773.76666844,472.0
2725210.5903854934,1270795.2595229084,476.0
2725210.591907395,1270785.575526754,474.0
2725210.624138356,1270780.2392672857,473.0
2725210.6715322165,1270745.630573602,469.0
2725210.776592679,1270760.0230233707,470.0
2725210.9093618193,1270790.0110514984,475.0
2725210.938372757,1270744.5939981865,469.0
2725211.0138961812,1270766.8684533741,471.0
2725211.2071240684,1270794.9195504854,476.0
2725211.216198151,1270743.5643938065,469.0
2725211.2339991727,1270759.1179053746,470.0
2725211.259258519,1270785.0370454094,474.0
2725211.2783342926,1270779.593137604,473.0
2725211.35538374,1270773.3036051006,472.0
2725211.3983531725,1270758.1498485152,470.0
2725211.4887845386,1270789.6122731152,475.0
2725211.617855888,1270753.1269125561,470.0
2725211.6202403763,1270757.179388464,470.0
2725211.6342073698,1270742.6545327774,469.0
2725211.6751665333,1270754.1425502086,470.0
2725211.7346726013,1270755.1598745366,470.0
2725211.7414065055,1270752.1285352088,470.0
2725211.74555212,1270794.479383671,476.0
2725211.757224088,1270766.2535960802,471.0
2725211.765904866,1270756.177517122,470.0
2725211.89488277,1270778.9106794035,473.0
2725211.904444823,1270784.4700471167,474.0
2725212.006186043,1270789.0545082064,475.0
2725212.043407254,1270772.6616151026,472.0
2725212.065280627,1270740.831062539,469.0
2725212.0712958705,1270751.1741212094,470.0
2725212.233713264,1270741.813321587,469.0
2725212.325447761,1270794.1142008961,476.0
2725212.4356873017,1270765.5680107833,471.0
2725212.4527540226,1270778.1956817897,473.0
2725212.6052084025,1270750.3124512804,470.0
2725212.61641627,1270783.9862213773,474.0
2725212.6827736413,1270788.7475625824,475.0
2725212.7326918743,1270740.0231305035,469.0
2725212.7396585755,1270772.026443689,472.0
2725212.922680922,1270749.3842376624,470.0
2725212.958488291,1270764.7636853973,471.0
2725212.9798185267,1270793.8545580783,476.0
2725213.1760459677,1270777.6273989647,473.0
2725213.2074633013,1270788.199618124,475.0
2725213.3271635594,1270783.5060993433,474.0
2725213.369264554,1270793.2733937239,476.0
2725213.386449003,1270739.3646083106,469.0
2725213.421011275,1270771.3712090044,472.0
2725213.483222612,1270763.954746179,471.0
2725213.6002040687,1270748.6486580796,470.0
2725213.79746887,1270787.708268526,475.0
2725213.846123105,1270776.9980818098,473.0
2725213.920170528,1270792.8486300474,476.0
2725213.983519438,1270782.950432252,474.0
2725213.9924633703,1270763.1357985898,471.0
2725213.9927027696,1270738.4830833066,469.0
2725214.088561398,1270770.7055062552,472.0
2725214.228997194,1270747.8566386043,470.0
2725214.3921447173,1270787.2249100988,475.0
2725214.5344191394,1270776.3901642044,473.0
2725214.5347934845,1270762.3381739007,471.0
2725214.570396907,1270792.5715817208,476.0
2725214.6238071895,1270782.376363665,474.0
2725214.6335635935,1270737.6279296973,469.0
2725214.6942495895,1270769.9937012643,472.0
2725215.0193354627,1270792.0623341426,476.0
2725215.044879141,1270786.8272437244,475.0
2725215.1253972487,1270769.157135664,472.0
2725215.154645134,1270748.1708008023,470.0
2725215.176740391,1270781.7175204738,474.0
2725215.209236876,1270761.6482960319,471.0
2725215.248906852,1270775.8110733028,473.0
2725215.5150048444,1270786.2469697562,475.0
2725215.5891513824,1270791.6932535216,476.0
2725215.6533509567,1270768.3729739105,472.0
2725215.6697540674,1270781.0125951336,474.0
2725215.9066536697,1270775.1688574716,473.0
2725216.009593888,1270761.1299077156,471.0
2725216.021551862,1270748.6734570204,470.0
2725216.103488829,1270785.761001924,475.0
2725216.1035930347,1270767.5427597691,472.0
2725216.111274269,1270791.2412523981,476.0
2725216.2619488835,1270780.3923122617,474.0
2725216.41684257,1270774.4321393853,473.0
2725216.5647643013,1270790.709183081,476.0
2725216.604739124,1270766.7436114135,472.0
2725216.6189971305,1270785.1994501122,475.0
2725216.762575187,1270748.192296079,470.0
2725216.781546615,1270779.7072434952,474.0
2725216.9405280296,1270760.9475384215,471.0
2725216.94281686,1270784.5030078026,475.0
2725217.0860163686,1270773.8223880227,473.0
2725217.1315260585,1270765.9592514262,472.0
2725217.199849212,1270790.4172661847,476.0
2725217.3053435697,1270783.8270293244,475.0
2725217.4047963815,1270747.4139190232,470.0
2725217.405609164,1270779.1149465926,474.0
2725217.4446320985,1270765.0768475619,472.0
2725217.6039255755,1270760.2931451737,471.0
2725217.654045354,1270783.2068785047,475.0
2725217.6829982256,1270773.1249752005,473.0
2725217.719948396,1270789.9534235403,476.0
2725217.8445454403,1270782.5754351586,475.0
2725217.914257154,1270764.2601876212,472.0
2725217.962251678,1270746.5835172224,470.0
2725218.0092789233,1270778.5015057386,474.0
2725218.229078388,1270772.386308975,473.0
2725218.253192273,1270781.932052843,475.0
2725218.312126412,1270789.584853462,476.0
2725218.5160093177,1270760.0236828378,471.0
2725218.5183217963,1270763.5339264844,472.0
2725218.631048137,1270777.9066207798,474.0
2725218.637705314,1270771.564552435,473.0
2725218.740947872,1270745.9485844378,470.0
2725218.851085115,1270781.4496264767,475.0
2725218.8609538074,1270789.150339707,476.0
2725219.042363989,1270787.1977844771,476.0
2725219.0918256375,1270770.7649194945,473.0
2725219.1382703884,1270795.2814139668,477.0
2725219.167904916,1270777.238498101,474.0
2725219.184767209,1270788.5362998918,476.0
2725219.2035987335,1270786.5148375824,476.0
2725219.2142126155,1270762.9101753712,472.0
2725219.2208468257,1270787.8384003947,476.0
2725219.4228353524,1270785.849008805,476.0
2725219.434737674,1270759.7772076586,471.0
2725219.481281042,1270781.0175581856,475.0
2725219.5523318322,1270785.187383854,476.0
2725219.5685938103,1270769.9788495908,473.0
2725219.630086931,1270745.4515379788,470.0
2725219.7131347493,1270794.9041403737,477.0
2725219.743476977,1270776.631565159,474.0
2725219.7631416325,1270784.5559451273,476.0
2725219.783382312,1270783.8501623778,476.0
2725219.822440719,1270783.1526219375,476.0
2725220.045527703,1270769.1934115544,473.0
2725220.0497032804,1270780.5009339754,475.0
2725220.0715040136,1270762.574990078,472.0
2725220.183867544,1270782.5648013286,476.0
2725220.3242137074,1270794.6338550765,477.0
2725220.3812641953,1270759.899913489,471.0
2725220.4415140944,1270776.133445289,474.0
2725220.500692933,1270768.3977781136,473.0
2725220.574925481,1270781.982786024,476.0
2725220.720093236,1270780.1388815616,475.0
2725220.7782653617,1270783.0493208128,477.0
2725220.7858758713,1270783.6848276905,477.0
2725220.836787991,1270794.2038058843,477.0
2725220.906557514,1270782.375262734,477.0
2725220.916017144,1270762.1702792784,472.0
2725220.9315005443,1270767.6188171294,473.0
2725220.968180338,1270775.4648110508,474.0
2725221.0328030614,1270760.4403269,471.0
2725221.0735339327,1270781.4835251255,476.0
2725221.0946641914,1270784.2948273616,477.0
2725221.2180917445,1270779.5675806445,475.0
2725221.2979284446,1270774.6787317826,474.0
2725221.3746400885,1270784.9220192656,477.0
2725221.4182262025,1270781.927382979,477.0
2725221.4528408404,1270766.889180689,473.0
2725221.5478264093,1270773.1363851214,474.0
2725221.557102789,1270773.9275605239,474.0
2725221.6637544185,1270781.1010234354,476.0
2725221.672490311,1270785.5407904794,477.0
2725221.712117279,1270761.091055574,471.0
2725221.7805601205,1270761.8328333003,472.0
2725221.786793307,1270779.0751768358,475.0
2725221.8655515304,1270786.1995206322,477.0
2725221.8755372716,1270793.4307000418,477.0
2725221.902468095,1270781.4393409456,477.0
2725222.0517728566,1270792.7677596952,477.0
2725222.118857725,1270780.5790236075,476.0
2725222.142400861,1270766.3219235744,473.0
2725222.1739786863,1270786.8103124052,477.0
2725222.227943742,1270773.0402917508,474.0
2725222.2463784097,1270778.4681095663,475.0
2725222.2791660037,1270792.1187150578,477.0
2725222.281102014,1270779.9046053311,476.0
2725222.422305383,1270787.450825771,477.0
2725222.43901941,1270781.010123252,477.0
2725222.5115450793,1270791.4714180196,477.0
2725222.5207585166,1270765.4855078077,473.0
2725222.557331351,1270779.2637615153,476.0
2725222.60917121,1270788.1069051242,477.0
2725222.62280646,1270789.475268458,477.0
2725222.659630011,1270788.7925528907,477.0
2725222.664315554,1270790.1575020978,477.0
2725222.6669299616,1270761.1236721978,471.0
2725222.7043963633,1270761.8834738338,472.0
2725222.7508984194,1270790.8338091236,477.0
2725222.7888571927,1270778.6381099813,476.0
2725222.798395929,1270783.435321601,478.0
2725222.8091709977,1270777.956912768,475.0
2725222.827205074,1270784.111628602,478.0
2725222.8612114945,1270780.4931419066,477.0
2725222.905814895,1270779.8583891462,477.0
2725222.991967839,1270772.6884619975,474.0
2725223.080917947,1270764.7681956051,473.0
2725223.106319043,1270784.6712039637,478.0
2725223.188839323,1270779.2322831464,477.0
2725223.216200271,1270785.294674759,478.0
2725223.2527367263,1270782.9850921987,478.0
2725223.357997297,1270778.2468163883,476.0
2725223.4657291905,1270777.5690132175,475.0
2725223.490071934,1270785.895517522,478.0
2725223.5751839997,1270772.062608708,474.0
2725223.6109242514,1270760.9537202292,471.0
2725223.6309782485,1270761.9193520364,472.0
2725223.683842755,1270782.4735894164,478.0
2725223.760947704,1270778.9617764445,477.0
2725223.8125141533,1270764.211386992,473.0
2725223.9616339165,1270786.3739465103,478.0
2725224.0364428083,1270777.1098398142,475.0
2725224.036934157,1270771.3385837828,474.0
2725224.0549794496,1270778.130447938,476.0
2725224.1251371144,1270781.9596596863,478.0
2725224.280547801,1270770.5158097297,474.0
2725224.3924545287,1270760.423989871,471.0
2725224.399128145,1270778.7188577105,477.0
2725224.433886547,1270763.5405808133,473.0
2725224.445089902,1270786.8441906695,478.0
2725224.5017664954,1270761.5618245234,472.0
2725224.5304078558,1270776.5394198438,475.0
2725224.545675887,1270775.9222666787,475.0
2725224.6133234613,1270769.7339943754,474.0
2725224.6256191633,1270789.3990189296,478.0
2725224.6393164033,1270781.5197839383,478.0
2725224.647855085,1270777.779067121,476.0
2725224.691907769,1270787.470365511,478.0
2725224.7462959043,1270788.7459847874,478.0
2725224.775911579,1270790.0176847186,478.0
2725224.7882311856,1270775.2351905124,475.0
2725224.8330990323,1270788.1254258337,478.0
2725225.0500896852,1270778.4998046774,477.0
2725225.1624798123,1270777.3019149443,476.0
2725225.163160481,1270763.026002722,473.0
2725225.179353683,1270769.0887151267,474.0
2725225.1948691057,1270781.1624271546,478.0
2725225.20900476,1270790.541673702,478.0
2725225.219122786,1270759.9299575172,471.0
2725225.322559988,1270761.1038109788,472.0
2725225.3745187456,1270774.7449559884,475.0
2725225.467960256,1270791.1583681642,478.0
2725225.619306077,1270776.7617495714,476.0
2725225.651777062,1270778.1714812566,477.0
2725225.701045991,1270768.4040700044,474.0
2725225.843560756,1270781.0617226844,478.0
2725225.949785034,1270759.3076893175,471.0
2725225.957181532,1270762.5790668717,473.0
2725226.0466846656,1270777.6219448939,477.0
2725226.051060877,1270774.3797113106,475.0
2725226.0610591015,1270760.5141720157,472.0
2725226.137586347,1270776.2856524368,476.0
2725226.2779515083,1270767.7745806256,474.0
2725226.4180562953,1270781.3691339893,478.0
2725226.4998908266,1270777.106584079,477.0
2725226.6316442657,1270775.7835208462,476.0
2725226.648628208,1270773.9053629884,475.0
2725226.6692465665,1270758.6823715107,471.0
2725226.7718049204,1270762.2031400127,473.0
2725226.897369278,1270760.0920973688,472.0
2725226.924298837,1270767.2135863523,474.0
2725227.052844297,1270776.713595546,477.0
2725227.0610015593,1270781.3677993277,478.0
2725227.2652381095,1270775.5444717207,476.0
2725227.302862109,1270773.5058351909,475.0
2725227.4985150117,1270758.2738831686,471.0
2725227.507037574,1270766.583706202,474.0
2725227.523828337,1270759.4581312542,472.0
2725227.5614595506,1270761.7394634648,473.0
2725227.611060595,1270780.9740201174,478.0
2725227.707331877,1270776.5151612095,477.0
2725227.899062407,1270780.3811929922,478.0
2725227.9203488417,1270773.0739204497,475.0
2725227.963033531,1270775.596959853,476.0
2725228.069494421,1270779.7237038133,478.0
2725228.1393745337,1270765.9994290627,474.0
2725228.2094787396,1270758.821749741,472.0
2725228.2365690707,1270757.6588981086,471.0
2725228.242769041,1270779.0698565142,478.0
2725228.2978766495,1270761.1901754842,473.0
2725228.3132374333,1270776.2406332118,477.0
2725228.4204238965,1270775.298651308,476.0
2725228.474374525,1270772.5436324738,475.0
2725228.5570324427,1270778.469812298,478.0
2725228.624610102,1270775.6424688422,477.0
2725228.6919033984,1270765.347511522,474.0
2725228.739175199,1270777.8174363093,478.0
2725228.8768935874,1270764.5073971492,474.0
2725228.897193687,1270774.8768633164,476.0
2725228.9819779545,1270760.5773856025,473.0
2725229.0136839496,1270775.3916776276,477.0
2725229.0716152936,1270758.463094029,472.0
2725229.1043599537,1270777.2803170024,478.0
2725229.1166552873,1270772.125220934,475.0
2725229.4146437175,1270763.8692204026,474.0
2725229.5507523622,1270774.7372213178,476.0
2725229.6231740923,1270776.849390435,478.0
2725229.6654759794,1270775.5653372742,477.0
2725229.689988675,1270759.9901863064,473.0
2725229.7336776108,1270771.6701212209,475.0
2725229.7338069403,1270763.0956767735,474.0
2725229.9669022462,1270762.278605538,474.0
2725230.0134056746,1270774.2267370215,476.0
2725230.043592981,1270775.0863262378,477.0
2725230.0621090154,1270761.4236238012,474.0
2725230.0969941746,1270776.3690320337,478.0
2725230.208023713,1270774.4198503017,477.0
2725230.350718415,1270771.2138378532,475.0
2725230.551202611,1270773.7691227165,476.0
2725230.606276539,1270760.844759042,474.0
2725230.7230896996,1270776.1062192018,478.0
2725230.78101863,1270774.077288701,477.0
2725230.9204168753,1270770.6972544456,475.0
2725231.094463441,1270773.3177804574,476.0
2725231.248218361,1270775.6813332587,478.0
2725231.334514212,1270773.669616159,477.0
2725231.522880884,1270770.222530188,475.0
2725231.690265902,1270772.9498986956,476.0
2725231.716540509,1270775.2018827638,478.0
2725231.890327018,1270773.2660545635,477.0
2725232.1501104627,1270769.7788625844,475.0
2725232.172205557,1270774.7025051145,478.0
2725232.231474679,1270772.4980126894,476.0
2725232.4766438156,1270772.9066163867,477.0
2725232.5518995826,1270769.1562028131,475.0
2725232.5881162486,1270774.1734640803,478.0
2725232.8480676766,1270768.4694934627,475.0
2725232.9054613635,1270772.3105553172,476.0
2725233.032923919,1270773.6935315789,478.0
2725233.1096463753,1270772.6420154492,477.0
2725233.3596727857,1270767.917839917,475.0
2725233.5022878842,1270771.9337949501,476.0
2725233.679007307,1270773.5721238232,478.0
2725233.6855455786,1270772.2735513928,477.0
2725233.778437662,1270767.2776458291,475.0
2725234.075077748,1270771.5222631977,476.0
2725234.249163153,1270771.8798128301,477.0
2725234.290746752,1270773.3084021253,478.0
2725234.299920734,1270766.7395114773,475.0
2725234.6016000668,1270771.050493042,476.0
2725234.7106493562,1270771.3700112093,477.0
2725234.8641328095,1270772.9433386554,478.0
2725235.125839228,1270770.5753912118,476.0
2725235.219853271,1270770.9078467875,477.0
2725235.36324882,1270772.5346890267,478.0
2725235.662205217,1270770.1157769095,476.0
2725235.78421362,1270770.5178717999,477.0
2725235.96453496,1270772.3119578008,478.0
2725236.210731008,1270769.673462092,476.0
2725236.303161624,1270771.7594088856,478.0
2725236.321707339,1270770.0897222257,477.0
2725236.3316797065,1270771.1156687606,478.0
2725236.665523475,1270770.526156461,478.0
2725236.887372313,1270769.7071157342,477.0
2725237.1469064318,1270770.0583949564,478.0
2725238.5679330206,1270782.8267915447,479.0
2725238.8458382464,1270782.3825299728,479.0
2725239.116556532,1270781.9337990922,479.0
2725239.3814039766,1270781.4816190796,479.0
2725239.6816272326,1270781.0530596205,479.0
2725240.058695623,1270780.691193019,479.0
2725240.441310237,1270780.3332850637,479.0
2725240.81757948,1270779.9684984812,479.0
2725241.1938487226,1270779.603711899,479.0
2725241.5701179653,1270779.2389253164,479.0
2725242.028419627,1270779.0879932134,479.0
2725242.5292461743,1270779.2142427228,479.0
2725243.017438936,1270779.4046493024,479.0
2725243.5033281087,1270779.6009860546,479.0
